title,original_title,date,original_date,content,url,source,scrape_date
رئيس الوزراء يتابع مع وزير قطاع الأعمال مستجدات تطوير صناعة الغزل والنسيج,رئيس الوزراء يتابع مع وزير قطاع الأعمال مستجدات تطوير صناعة الغزل والنسيج,No date found,No date found,"التقى الدكتور مصطفى مدبولي، رئيس مجلس الوزراء، اليوم، محمد شيمي، وزير قطاع الأعمال العام؛ لمتابعة آخر المستجدات المتعلقة بتنفيذ المشروع القومي لتطوير صناعة الغزل والنسيج، بحضور أسامة بشاي، رئيس مجلس إدارة شركة ""أوراسكوم للإنشاءات"".
واستهل رئيس مجلس الوزراء الاجتماع بالإشارة إلى الأهمية الكبيرة التي تمثلها صناعة الغزل والنسيج في مصر، لافتا إلى أن هناك استراتيجية قومية لتطوير هذه الصناعة، وهناك متابعة دورية لتنفيذ هذا المشروع القومي، كما أن لدينا توجيها واضحا من فخامة السيد الرئيس عبد الفتاح السيسي، رئيس الجمهورية، بمواصلة خطة الدولة المصرية للنهوض بصناعة الغزل والنسيج في إطار التوجه التنموي الشامل الذي تنتهجه الدولة، بما يسهم في تعظيم الاستفادة من القدرات المصرية الكامنة في هذا الإطار، ومن ثم دعم الاقتصاد الوطني، خاصةً أن صناعة الغزل والنسيج تعد من الصناعات كثيفة العمالة.
وفي هذا الإطار، أشار الدكتور مصطفى مدبولي إلى أن انعقاد هذا الاجتماع يأتي في ضوء المتابعة المستمرة لمشروعات تطوير شركات الغزل والنسيج، والتي تتم من خلال عدة شركات منفذة، وذلك سعيا للوقوف على أي تحديات قد تواجه تنفيذ هذا المشروع القومي للتطوير، ومن ثم التغلب على هذه التحديات للانتهاء من تطوير صناعة الغزل والنسيج في أقرب وقت ممكن.
وخلال الاجتماع، أكد وزير قطاع الأعمال العام أهمية هذا المشروع الاستراتيجي، لتطوير صناعة الغزل والنسيج، الذي يُعد جزءًا أساسيًا من رؤية الدولة لتحديث وتطوير الصناعات الوطنية، بما يسهم في تعزيز الإنتاج المحلي ورفع كفاءة الشركات التابعة للوزارة، مشيرا إلى أن هذا المشروع يأتي في مقدمة أولويات خطة العمل، ويهدف إلى تحقيق نقلة نوعية في صناعة الغزل والنسيج في مصر.

	وأوضح الوزير أن مشروعات تطوير شركات الغزل والنسيج تسير على قدم وساق للانتهاء منها خلال الفترة المقبلة؛ موضحا أن هذه المشروعات تعتبر جزءاً مهماً من خطة الوزارة للنهوض بقطاع الأعمال العام، وتعمل الوزارة على تحقيق أهداف واضحة تتضمن تحسين الأداء وزيادة التنافسية للشركات التابعة.
ولفت وزير قطاع الأعمال  إلى استهداف الوزارة، من خلال الاستراتيجية التي تتبناها خلال الفترة 2024 -2027، تحقيق أعلى عائد لاستثمارات الدولة في شركات قطاع الأعمال العام؛ لتصبح داعمة للناتج القومي وزيادة قدراتها التنافسية محليا ودوليا.

	وفي ختام الاجتماع، وجه رئيس مجلس الوزراء بضرورة العمل على الانتهاء من المشروعات المنفذة وفقاً للتوقيتات المتفق عليها بين وزارة قطاع الأعمال العام والشركات المنفذة، في ضوء ما تمثله، تلك المشروعات من أهمية خاصة تسهم في دعم قطاع الغزل والنسيج.",https://www.youm7.com/story/2025/4/22/رئيس-الوزراء-يتابع-مع-وزير-قطاع-الأعمال-مستجدات-تطوير-صناعة/6962729,Youm7,2025-04-22 16:58:06
كاميرلينجو أمريكى.. قائم بأعمال الفاتيكان حتى انتخاب البابا الجديد,كاميرلينجو أمريكى.. قائم بأعمال الفاتيكان حتى انتخاب البابا الجديد,No date found,No date found,"بعد وفاة البابا فرنسيس، أمس الاثنين، أصبح الكاردينال الأمريكى كيفين فاريل، قائما بأعمال رئيس الفاتيكان حتى انتخاب بابا جديد، وهو ما يعرف بـ""كاميرلينجو"" الذى يتولى رئاسة الفاتيكان حتى يتم انتخاب بابا جديد.
والكاردينال كيفن فاريل، أصله من دبلن، حصل على الجنسية الأمريكية بعد سنوات طويلة من الخدمة فى الولايات المتحدة، وفقا لصحيفة إنفوباى الأرجنتينية.
ويشغل فاريل، وهو أسقف سابق لدالاس، منصب ""كاميرلينجو"" الذى يكلفه ""الإشراف على الممتلكات والحقوق الدنيوية للفاتيكان وإدارتها"" بعد وفاة أو استقالة البابا.
وتتمثل مهمة الكاميرلينجو فى ""التأكد رسميا من وفاة البابا""، ووضع الأختام على غرفة نومه، ودراسة أوراقه، وتجهيزات الجنازة، كما يكلف الكاميرلينجو باتخاذ الترتيبات العملية للاجتماع السرى، لضمان سرية الإجراءات والتصويت المنظم.
كما يترأس الكاميرلينجو مراسم إصدار شهادة الوفاة، مرتديا ثوب جوقة أبيض ووشاحا أحمر، وهى ""لحظة أولى من الصلاة"" عقب وفاة البابا، ووضع الجثمان فى نعش من الخشب والزنك، وفقا لكتاب لطقوس الجنازة البابوية الذى حدثه البابا فرنسيس العام الماضي.
ويحرر الكاميرلينجو ""وثيقة الوفاة الرسمية"" التى ترفق بشهادة الوفاة التى أعدها مدير إدارة الصحة والنظافة فى الفاتيكان.
وتقتصر صلاحيات الكاميرلينجو على الإدارة اليومية للفاتيكان، ويرأس لجنة من 3 كرادلة آخرين أثناء قيامه بمهامه، وفى حال وجود أمور خطيرة، يجب عليه التشاور مع الهيئة الأوسع للكرادلة.
وفاريل يبلغ من العمر 77 عاما ويحمل درجة ماجستير إدارة الأعمال من جامعة نوتردام بولاية إنديانا.
وفاريل هو أعلى أسقف أمريكى رتبة فى الإدارة المركزية للكنيسة، ويعرف بأنه صانع قرار ومنظم قوى، ويتمتع بميزة إجادته للغتين الإنجليزية والإسبانية، وهما اللغتان الأكثر انتشارا فى الكنيسة العالمية، ويعرف أيضا بتحدثه الإيطالية والأيرلندية.",https://www.youm7.com/story/2025/4/22/كاميرلينجو-أمريكى-قائم-بأعمال-الفاتيكان-حتى-انتخاب-البابا-الجديد/6962655,Youm7,2025-04-22 16:58:15
وزير التموين يؤكد دعم الحكومة الصناعات والمشروعات الصغيرة والمتوسطة,وزير التموين يؤكد دعم الحكومة الصناعات والمشروعات الصغيرة والمتوسطة,No date found,No date found,"ترأس الدكتور شريف فاروق وزير التموين والتجارة الداخلية، اجتماع مجلس إدارة اللجنة العامة للمساعدات الأجنبية التابعة للوزارة، في إطار الحرص على تعظيم الاستفادة من آليات التعاون الدولي، وتعزيز الشراكة مع القطاع الخاص في تنفيذ المشروعات التنموية، إلى جانب دعم تدفق الاستثمارات الأجنبية، وتنسيق الجهود بين الجهات المختلفة بما يسهم في تحقيق أولويات التنمية المستدامة، وذلك بحضور اللواء احمد فتحي -نائب رئيس اللجنة العامة للمساعدات الأجنبية، واحمد كمال معاون الوزير المتحدث الرسمي ، وأعضاء مجلس إدارة اللجنة ممثلى الوزارات والهيئات المختلفة.
واستعرض وزير التموين أبرز إنجازات اللجنة في الفترة الأخيرة، مشيدًا بالدور الفعال الذي تقوم به اللجنة في تنسيق جهود التعاون مع الشركاء الدوليين والقطاع الخاص، بما يسهم في دعم البرامج التنموية ذات الأولوية.
وأكد الدكتور شريف فاروق على أهمية تعميق الشراكة مع القطاع الخاص في تنفيذ مشروعات اللجنة، مشيرًا إلى أن حجم الاستثمارات التي تم تنفيذها بالتعاون مع القطاع الخاص والاستثمارات الأجنبية بلغ نحو 576 مليون جنيه، مما يعكس ثقة المستثمرين والشركاء في البيئة الاستثمارية المصرية، ودور اللجنة في تهيئة المناخ الملائم لتنفيذ المشروعات التنموية.
وأوضح أن اللجنة تسعى إلى تعظيم الاستفادة من المساعدات الخارجية من خلال توجيهها إلى مشروعات ذات أثر مباشر ومستدام، خاصة في قطاعات الأمن الغذائي، ودعم الصناعات والمشروعات الصغيرة والمتوسطة.
وفي سياق متصل أطلع الدكتور شريف فاروق خلال الاجتماع على عددًا من الملفات الإستراتيجية، من بينها خطة اللجنة للتوسع في الشراكات الدولية، وآليات تسهيل وتعزيز مشاركة القطاع الخاص في تصميم وتنفيذ المبادرات التنموية، بما يتماشى مع رؤية مصر 2030.
وفي ختام الاجتماع، شدد الوزير على أهمية استمرار التنسيق بين الجهات المختلفة لضمان التكامل وتحقيق أقصى استفادة ممكنة من الموارد المتاحة.",https://www.youm7.com/story/2025/4/22/وزير-التموين-يؤكد-دعم-الحكومة-الصناعات-والمشروعات-الصغيرة-والمتوسطة/6962688,Youm7,2025-04-22 16:58:21
الأردن يجدد رفضه التام لأية محاولات لتهجير الفلسطينيين من الضفة أو غزة,الأردن يجدد رفضه التام لأية محاولات لتهجير الفلسطينيين من الضفة أو غزة,No date found,No date found,"استقبل العاهل الأردني، الملك عبدالله الثاني في قصر الحسينية، اليوم الثلاثاء، وفدا من مساعدي أعضاء مجلسي الشيوخ والنواب في الكونجرس الأمريكي.
وبحسب وكالة الأنباء الأردنية، شدد الملك عبد الله على ضرورة استعادة وقف إطلاق النار في غزة، واستئناف إيصال المساعدات الإنسانية.
وحذر من خطورة استمرار التصعيد في الضفة الغربية، والانتهاكات للمقدسات في القدس، مؤكدا رفض الأردن لأية محاولات لتهجير الفلسطينيين في الضفة الغربية وغزة.
وتم بحث الشراكة الاستراتيجية بين البلدين، والدور المحوري للولايات المتحدة في المنطقة، خلال اللقاء بحضور كل من الأمير الحسين بن عبدالله الثاني ولي العهد، ونائب رئيس الوزراء ووزير الخارجية وشؤون المغتربين أيمن الصفدي، ومدير مكتب الملك، المهندس علاء البطاينة.",https://www.youm7.com/story/2025/4/22/الأردن-يجدد-رفضه-التام-لأية-محاولات-لتهجير-الفلسطينيين-من-الضفة/6962689,Youm7,2025-04-22 16:58:30
رئيس الوزراء: مشروع رأس الحكمة يدعم جهود الدولة لتطوير قطاع السياحة,رئيس الوزراء: مشروع رأس الحكمة يدعم جهود الدولة لتطوير قطاع السياحة,No date found,No date found,"عقد اليوم الثلاثاء، الدكتور مصطفى مدبولي، رئيس مجلس الوزراء، اجتماعًا لاستعراض مُستجدات تنفيذ مشروع مدينة ""رأس الحكمة"" بالساحل الشمالي الغربي، وذلك بحضور جاسم الزعابي، رئيس مجلس إدارة مجموعة ""مُدن القابضة""، والوفد المرافق له.
وفي مستهل الاجتماع، أعرب رئيس مجلس الوزراء عن تقديره للتعاون القائم بين الجانبين لمتابعة تنفيذ مشروع مدينة رأس الحكمة، مؤكدًا اهتمام الدولة المصرية بمتابعة تنفيذ المشروع وفقًا للتوقيتات والجداول الزمنية المُحددة، ودعمه الكامل لأي إجراءات من شأنها تسريع وتيرة تنفيذ المشروع، وذلك في إطار اهتمام الدولة بتطوير منطقة الساحل الشمالي الغربي.
كما أكد الدكتور مصطفى مدبولي، أن مشروع رأس الحكمة سيمثل طفرة كبيرة في مجال تطوير المنطقة، بما يدعم جهود الدولة لتطوير قطاع السياحة وزيادة أعداد السائحين الوافدين وأعداد الغرف الفندقية، مشيرًا إلى أن هذا المشروع المهم يعكس مدى عمق العلاقات بين الدولتين الشقيقتين مصر والامارات، وحرص قادة البلدين على تعزيز وتعميق التعاون في مختلف المجالات.
بدوره، أعرب جاسم الزعابي، رئيس مجلس إدارة مجموعة ""مُدن القابضة"" عن تقديره لرئيس الوزراء لدعمه إنجاز المشروع، مستعرضًا جهود الشركة خلال الفترة الماضية لمتابعة تنفيذ المشروع، من خلال البدء في وضع المخطط العام للمشروع بكل ما يحتويه من مرافق وخدمات تعكس أرقى معايير التصميم على مستوى العالم، بما يجعل المشروع نقطة جذب سياحي واعدة في منطقة البحر المتوسط.
وفي ختام اللقاء، أبدى رئيس الوزراء تقديره لحجم المجهود المبذول من جانب الشركة، مشيدًا بما اطلع عليه من تصميم لمشروع رأس الحكمة، وهو ما يجعل من المنطقة نقطة جذب سياحي واعدة، مؤكدًا استمرار التنسيق والمتابعة مع الجانب الإماراتي الشقيق لتنفيذ هذا المشروع الهام.",https://www.youm7.com/story/2025/4/22/رئيس-الوزراء-مشروع-رأس-الحكمة-يدعم-جهود-الدولة-لتطوير-قطاع/6962678,Youm7,2025-04-22 16:58:42
ممثل الصحة العالمية: الأدوية واللقاحات المصرية تتمتع بفعالية ومأمونية عالية,ممثل الصحة العالمية: الأدوية واللقاحات المصرية تتمتع بفعالية ومأمونية عالية,No date found,No date found,"قال الدكتور نعمة عبد ممثل منظمة الصحة العالمية فى مصر: ""لا يمكن أن يكون هناك تغطية صحية شاملة بدون وجود نظام إمداد فعال لتوصيل الأدوية والمستلزمات إلى المريض""، موضحا أن كل الإجراءات والتداخلات الهدف منها هو خدمة المواطن وأن تصل إليه بفعالية وبأسعار مناسبة.
وأوضح، أن ""الدروس التى استفدناها خلال جائحة كورونا، إن مصر لم تنتج فقط الدواء ولكن أيضا المستلزمات واللقاحات وأحب أن شيد بـ هيئة الدواء المصرية، وأصبحت مصر الدولة الأولى فى قارة أفريقيا التى تحصل على درجة النضج من المرحلة الثالثة فى إنتاج اللقاحات والأدوية، وهذا يعطى ضمان أن المنتج المصرى من الأدوية واللقاحات له فعالية ومأمونية عالية ويمكن تصديره إلى دول العالم"".
وقال، إن ""ما لفت انتباهى التطور الكبير الذى حدث من إنشاء الهيئة العامة للرعاية الصحية إلى الآن فى مجال الإمداد الدوائى والذى يسهم فى تقديم خدمة كبيرة للمواطن المصرى بكفاءة عالية"".
وأوضح، أن منظمة الصحة العالمية هى داعمة لكل هذه البرامج وواحدة من البرامج المهمة كيفية الحصول على الأدوية والمستلزمات الطبية وهى تشمل التصنيع إلى أن تصل إلى المخازن وحتى تصل إلى المواطن، واستخدام التكنولوجيا فى إدارة سلسلة الإمداد، مؤكدا أن الدروس التى استفدناها خلال جائحة كورونا هو ليس فقط تصنيع الدواء ولكن أيضا المستلزمات واللقاحات.",https://www.youm7.com/story/2025/4/22/ممثل-الصحة-العالمية-الأدوية-واللقاحات-المصرية-تتمتع-بفعالية-ومأمونية-عالية/6962651,Youm7,2025-04-22 16:58:52
وزير التموين: موسم توريد القمح المحلى لعام 2025 يشهد انطلاقة قوية,وزير التموين: موسم توريد القمح المحلى لعام 2025 يشهد انطلاقة قوية,No date found,No date found,"أكد الدكتور شريف فاروق وزير التموين والتجارة الداخلية، أن موسم توريد القمح المحلي لعام 2025 يشهد انطلاقة قوية تعكس حرص الدولة على دعم الفلاح المصري وتحقيق الأمن الغذائى، حيث تم تحديد سعر توريد مغرٍ وعادل يتجاوز السعر العالمي، بما يضمن عائدًا مجزيًا للفلاح ويشجعه على التوريد.
وأشار فاروق إلى أن كافة المؤشرات حتى الآن تدعو إلى التفاؤل والثقة بتحقيق المستهدف من الكميات الموردة، مؤكداً إلى أن الدولة سخّرت جميع إمكانياتها لإنجاح الموسم، من خلال جاهزية نقاط الاستلام وتوفير كل التيسيرات اللازمة للمزارعين.
وأكد الدكتور شريف فاروق، نحن نعتمد على منظومة قوية تضم جميع الجهات المسوقة، وفي مقدمتها جهاز مستقبل مصر للتنمية المستدامة، بالإضافة إلى الشركة القابضة للصوامع والتخزين، وشركات المطاحن التابعة للشركة القابضة للصناعات الغذائية، والبنك الزراعي المصري، حيث تعمل جميعها بتناغم كامل لضمان انسيابية عمليات التوريد على مستوى الجمهورية.
وأوضح الدكتور شريف فاروق، أن الوزارة قامت بتجهيز أكثر من 420 نقطة تجميع واستلام لتقليل عبء النقل عن المزارعين وتسهيل عمليات التسليم، مؤكدًا أنه سيتم صرف المستحقات المالية للموردين خلال 48 ساعة فقط من تاريخ التوريد، وذلك في إطار حرص الدولة على دعم الفلاح المصري وتحقيق الاستقرار له.
ولفت الوزير إلى أنه تم تشكيل غرفة عمليات مركزية بالوزارة تعمل على مدار الساعة لمتابعة الموقف أولاً بأول، بالإضافة إلى غرف عمليات في جميع مديريات التموين لمتابعة التنفيذ ميدانيًا والتعامل الفوري مع أى تحديات، كما شدد الدكتور شريف فاروق بأننا أمام موسم واعد يحمل الخير للفلاح والدولة معًا، وندعو جميع المزارعين إلى سرعة التوريد والاستفادة من السعر المجزي والخدمات المقدمة، دعمًا لمخزوننا الاستراتيجي وتحقيقًا لأمننا الغذائي الوطني.",https://www.youm7.com/story/2025/4/22/وزير-التموين-موسم-توريد-القمح-المحلى-لعام-2025-يشهد-انطلاقة/6962668,Youm7,2025-04-22 16:59:01
"رئيس الوزراء يتابع مستجدات تنفيذ مشروع مدينة ""رأس الحكمة""","رئيس الوزراء يتابع مستجدات تنفيذ مشروع مدينة ""رأس الحكمة""",No date found,No date found,"عقد اليوم الدكتور مصطفى مدبولي، رئيس مجلس الوزراء، اجتماعًا لاستعراض مُستجدات تنفيذ مشروع مدينة ""رأس الحكمة"" بالساحل الشمالي الغربي، وذلك بحضور جاسم الزعابي، رئيس مجلس إدارة مجموعة ""مُدن القابضة""، والوفد المرافق له.
وفي مستهل الاجتماع، أعرب رئيس مجلس الوزراء عن تقديره للتعاون القائم بين الجانبين لمتابعة تنفيذ مشروع مدينة رأس الحكمة، مؤكدًا اهتمام الدولة المصرية بمتابعة تنفيذ المشروع وفقًا للتوقيتات والجداول الزمنية المُحددة، ودعمه الكامل لأي إجراءات من شأنها تسريع وتيرة تنفيذ المشروع، وذلك في إطار اهتمام الدولة بتطوير منطقة الساحل الشمالي الغربي.
كما أكد الدكتور مصطفى مدبولي أن مشروع رأس الحكمة سيمثل طفرة كبيرة في مجال تطوير المنطقة، بما يدعم جهود الدولة لتطوير قطاع السياحة وزيادة أعداد السائحين الوافدين وأعداد الغرف الفندقية، مشيرًا إلى أن هذا المشروع المهم يعكس مدى عمق العلاقات بين الدولتين الشقيقتين مصر والامارات، وحرص قادة البلدين على تعزيز وتعميق التعاون في مختلف المجالات.
بدوره، أعرب جاسم الزعابي، رئيس مجلس إدارة مجموعة ""مُدن القابضة"" عن تقديره لرئيس الوزراء لدعمه إنجاز المشروع، مستعرضًا جهود الشركة خلال الفترة الماضية لمتابعة تنفيذ المشروع، من خلال البدء في وضع المخطط العام للمشروع بكل ما يحتويه من مرافق وخدمات تعكس أرقى معايير التصميم على مستوى العالم، بما يجعل المشروع نقطة جذب سياحي واعدة في منطقة البحر المتوسط.
وفي ختام اللقاء، أبدى رئيس الوزراء تقديره لحجم المجهود المبذول من جانب الشركة، مشيدًا بما اطلع عليه من تصميم لمشروع رأس الحكمة، وهو ما يجعل من المنطقة نقطة جذب سياحي واعدة، مؤكدًا استمرار التنسيق والمتابعة مع الجانب الإماراتي الشقيق لتنفيذ هذا المشروع الهام.",https://www.youm7.com/story/2025/4/22/رئيس-الوزراء-يتابع-مستجدات-تنفيذ-مشروع-مدينة-رأس-الحكمة/6962664,Youm7,2025-04-22 16:59:08
إيطاليا تعلن الحداد الوطنى لمدة خمسة أيام بعد وفاة البابا فرانسيس,إيطاليا تعلن الحداد الوطنى لمدة خمسة أيام بعد وفاة البابا فرانسيس,No date found,No date found,"أعلنت الحكومة الإيطالية اليوم، الثلاثاء، الحداد الوطنى لمدة خمسة أيام بعد وفاة بابا الفاتيكان البابا فرانسيس، الذى توفى أمس الاثنين عن عمر يناهز 88 عاما، وفقا لصحيفة المساجيرو الإيطالية.
وأشارت الصحيفة، إلى أنه المقرر أن يستمر الحداد حتى يوم السبت المقبل، حيث ستقام جنازة البابا الراحل خارج كنيسة القديس بطرس.
وكان الفاتيكان قد أعلن أمس، الإثنين، وذلك بعد مرور يوم واحد على دعوة البابا إلى إنهاء الحرب فى كل من أوكرانيا وقطاع غزة، وذلك خلال كلمته فى قداس عيد الفصح بساحة القديس بطرس.
واعتبر البابا أن عيد الفصح فرصة مناسبة للدعوة إلى تحرير أسرى الحرب والإفراج عن السجناء السياسيين، وظهر البابا وهو جالس على كرسى متحرك ويبدو متعبا، ولكنه تمكن من التلويح للحشود المتجمعة فى ساحة القديس بطرس، حيث هنأ الجميع بحلول عيد الفصح وتمنى لهم قضاء عيد سعيد.",https://www.youm7.com/story/2025/4/22/إيطاليا-تعلن-الحداد-الوطنى-لمدة-خمسة-أيام-بعد-وفاة-البابا/6962639,Youm7,2025-04-22 16:59:18
تقديم الساعة 60 دقيقة.. مجلس الوزراء: بدء التوقيت الصيفي الخميس المقبل,تقديم الساعة 60 دقيقة.. مجلس الوزراء: بدء التوقيت الصيفي الخميس المقبل,No date found,No date found,أعلن مجلس الوزراء عن بدء العمل بـ التوقيت الصيفي الخميس المقبل بـ تقديم الساعة 60 دقيقة، عند الساعة 12 صباحاً.,https://www.youm7.com/story/2025/4/22/تقديم-الساعة-60-دقيقة-مجلس-الوزراء-بدء-التوقيت-الصيفي-الخميس/6962616,Youm7,2025-04-22 16:59:25
وزير الخارجية: مصر ستواصل تقديم كافة أوجه الدعم للبنان,وزير الخارجية: مصر ستواصل تقديم كافة أوجه الدعم للبنان,No date found,No date found,"استقبل بدر عبد العاطي وزير الخارجية والهجرة اليوم الثلاثاء، يوسف رجي وزير الخارجية والمغتربين بالجمهورية اللبنانية الشقيقة.
ثمّن الوزير عبد العاطي العلاقات الأخوية والتاريخية التي تجمع مصر ولبنان، مؤكدًا على ما توليه مصر من أولوية لدعم الأمن والاستقرار بلبنان الشقيق وتضامنها الكامل معه في ظل التحديات التى يواجهها، مشددًا على أن مصر ستواصل تقديم كافة أوجه الدعم للبنان الشقيق وحكومته ومؤسساته الوطنية من أجل تحقيق الأمن والاستقرار، مؤكدًا على مساندة مصر للأولويات الوطنية اللبنانية الهادفة لتحقيق تطلعات الشعب اللبناني الشقيق، واستعداد مصر للعمل مع الجانب اللبناني لتحقيقها.
وأعرب وزير الخارجية عن تطلع مصر للارتقاء  بالتعاون الثنائي في كافة المجالات، مشيرًا إلى التطلع لانعقاد اللجنة المشتركة العليا بين البلدين على مستوى رئيسي الوزراء بالقاهرة في أقرب وقت، وتكثيف التعاون الاقتصادي بين البلدين الشقيقين، منوهًا إلى استعداد الشركات المصرية للمساهمة بفاعلية في عملية إعادة الإعمار في لبنان.
وأعرب الوزير عبد العاطي عن إدانة مصر الكاملة للاعتداءات الإسرائيلية على لبنان، مشددًا على رفض مصر المساس بسيادة لبنان وسلامة أراضيه، مؤكدًا ضرورة تنفيذ اتفاق وقف الأعمال العدائية، والانسحاب الفوري غير المنقوص للقوات الإسرائيلية من جنوب لبنان، وتطبيق القرار 1701 من جانب كل الأطراف دون انتقائية، بما يحفظ للبنان سيادته ووحدته وأمنه واستقراره.
كما تطرق الوزيران إلى عدد من القضايا الإقليمية تشمل التطورات في كل من غزة وسوريا، حيث استعرض الوزير عبد العاطي الجهود التي تبذلها مصر لاستئناف تنفيذ اتفاق وقف إطلاق النار في قطاع غزة، بما يسهم في تحقيق التهدئة واستعادة نفاذ المساعدات الإنسانية والإغاثية إلى قطاع غزة. كما تناول الخطة العربية - الإسلامية للتعافي المبكر وإعادة الإعمار بوجود الفلسطينيين على أرضهم والتحركات المقبلة لدعم الخطة مع الفاعلين الدوليين، متناولًا في هذا الصدد الجهود الخاصة باستضافة مصر لمؤتمر دولي لإعادة الإعمار في غزة بالتعاون مع الحكومة الفلسطينية والأمم المتحدة.
كما أكد وزير الخارجية حرص مصر على دعم الشعب السوري الشقيق واحترام سيادة ووحدة وسلامة الأراضي السورية، وأن تكون سوريا مصدر استقرار بالمنطقة.",https://www.youm7.com/story/2025/4/22/وزير-الخارجية-مصر-ستواصل-تقديم-كافة-أوجه-الدعم-للبنان/6962594,Youm7,2025-04-22 16:59:37
ممثل الصحة العالمية: مصر تعمل على توطين صناعة الأدوية واللقاحات والتشخيصات,ممثل الصحة العالمية: مصر تعمل على توطين صناعة الأدوية واللقاحات والتشخيصات,No date found,No date found,"قال الدكتور نعمة عبد ممثل منظمة الصحة العالمية فى مصر ، خلال المنتدى الأول لـ الإمداد الطبى، إن القوى العاملة عامل رئيسي في أداء سلسلة التوريد، لذا، هناك حاجة ماسة للتدريب قبل الخدمة وأثناءها، والتدريب المهني المستمر.
وأضاف، إن مصر تعمل على توطين إنتاج الأدوية والعلاجات، والتشخيصات، وكذلك اللقاحات،موضحا، إنه يجب أن يتم إنشاء خطوط إنتاج مرنة قادرة على تلبية الطلبات المتغيرة، لذا، ينبغي على الدول أيضًا الاستثمار في سلسلة التوريد الرقمية، تُعدّ التقنيات اللازمة لتعزيز وضوح تنسيقنا عبر مختلف المناطق والقطاعات، والاستعداد للطوارئ، أمرًا بالغ الأهمية لتجنب أي آثار مرتبطة بحالات الطوارئ، وللتعاون الدولي وفرنا منصة للتعاون الإقليمي، كما يُعدّ التواصل الشامل والديناميكي بشأن المخاطر أمرًا بالغ الأهمية، وأخيرًا وليس آخرًا، الشراكة بين القطاعين العام والخاص أمر هام جدا، كما يجب التركيز على الصحة الرقمية، وسلسلة التوريد، والإنتاج المحلي.
وأضاف، لقد مهدنا الطريق لنظام رعاية صحية أكثر مرونة في المستقبل، مؤكدا، إن الأسبوع الماضي الدول الأعضاء تكاد تتفق على اتفاقية الجائحة، بعد 3 سنوات من المفاوضات، عُقدت 13 جلسة، بالمناسبة، يُمثل منطقة شرق المتوسط السفير عمرو رمضان من مصر، ونأمل أن يتم اعتماد اتفاقية الجاحة من قِبل جمعية الصحة العالمية المقبلة خلال شهر مايو القادم.
تتعلق المادة 13 من اتفاقية الجائحة بسلسلة التوريد والخدمات اللوجستية الإجمالية، نظرًا لأهمية سلسلة التوريد والاستجابة للجائحة.",https://www.youm7.com/story/2025/4/22/ممثل-الصحة-العالمية-مصر-تعمل-على-توطين-صناعة-الأدوية-واللقاحات/6962520,Youm7,2025-04-22 16:59:42
"""صناعة النواب"" توافق نهائيا على تعديل قانون الثروة المعدنية","""صناعة النواب"" توافق نهائيا على تعديل قانون الثروة المعدنية",No date found,No date found,"وافقت لجنة الصناعة بمجلس النواب، برئاسة النائب محمد مصطفى السلاب، نهائيا على مشروع تعديل قانون الثروة المعدنية، والمقدم من النائب محمد إسماعيل، عضو تنسيقية شباب الأحزاب والسياسيين.
جاء ذلك بحضور المستشار محمود فوزي، وزير الشئون النيابية والقانونية والتواصل السياسي، والمستشار محمد عبد العليم كفافي، المستشار القانوني لرئيس مجلس النواب، وممثلين عن عدد من الوزارات والجهات المعنية.
ويقضي مشروع تعديل قانون هيئة الثروة المعدنية، بتحويل الهيئة المصرية العامة للثروة المعدنية إلى هيئة عامة اقتصادية، لتحقيق استقلالية القرار المالي والإداري للهيئة، بما يدعم تطوير قطاع التعدين، وتعظيم العوائد الاقتصادية له.
وخلال الاجتماع استعرض النائب محمد إسماعيل، مقدم مشروع القانون، مؤكدا أن يستهدف في الأساس تحويل الهيئة إلى هيئة عامة اقتصادية، بما يساهم في دعم الاقتصاد الوطني، مشيرا إلى أن دعم هيئة الثروة المعدنية يساهم في تحريرها من القيود، ومن ثم المساهمة في دعم الاقتصاد الوطني، مؤكدا أن تحويل هيئة الثروة المعدنية إلى هيئة اقتصادية يعمل على رفع الناتج المحلي لقطاع التعدين في الناتج المحلي الإجمالي، وزيادة الاستثمارات، وكذلك رفع الإيرادات الحكومية، وتوفير أكثر من 150 ألف فرصة عمل.
وأكد النائب محمد مصطفى السلاب، رئيس لجنة الصناعة بمجلس النواب، أهمية مشروع القانون، بما يساهم في النهوض بقطاع التعدين في مصر، مشيرا إلى أن مصر تمتلك خيرات كثيرة في باطن الأرض، وفي حاجة إلى حسن استغلالها وإدارتها بصورة أكثر كفاءة، بما يساهم في دعم الاقتصاد الوطني.
وأشاد النائب بمشروع القانون الذي بتحويل هيئة الثروة المعدنية إلى هيئة عامة اقتصادية، مؤكدا أن ذلك يحقق الاستقلالية، ومن ثم تحقيق المستهدفات المطلوبة.
من جانبه أكد المستشار محمود فوزي، وزير الشئون النيابية والقانونية والتواصل السياسي، موافقة الحكومة على مشروع القانون المقدم من النائب بشأن تعديل قانون الهيئة العامة للثروة المعدنية.
وأشار إلى أن وزير البترول بصفته المعني بهذا الملف، أعلن الاكتفاء بمشروع القانون المقدم من مجلس النواب، وسحب الطلب المقدم إلى وزارة العدل بإعداد مشروع القانون، مؤكدا أن الموافقة على مشروع القانون يأتي في إطار التكامل بين السلطتين التنفيذية والتشريعية، مشيرا إلى أن قطاع التعدين في مصر يحظى باهتمام كبير، لما يمثله من أهمية اقتصادية كبيرة لصالح الدولة المصرية.
فيما عبر أعضاء لجنة الصناعة بمجلس النواب، عن ترحيبهم بمشروع القانون، مؤكدين أن تحويل هيئة الثروة المعدنية إلى هيئة اقتصادية، من شأنها النهوض بقطاع التعدين في مصر، وزيادة مساهمته في دعم الاقتصاد الوطني.",https://www.youm7.com/story/2025/4/22/صناعة-النواب-توافق-نهائيا-على-تعديل-قانون-الثروة-المعدنية/6962584,Youm7,2025-04-22 16:59:52
"لوحة سيارة رقمها ""ب ن- 3” سعرها تخطى 3 ملايين جنيه بمزاد اللوحات","لوحة سيارة رقمها ""ب ن- 3” سعرها تخطى 3 ملايين جنيه بمزاد اللوحات",No date found,No date found,"أعلنت بوابة مرور مصر الإلكترونية، الآن عن مزايدة على لوحة سيارة مميزة، سعرها وصل 3 ملايين و250 ألف جنيه، تحمل نمر ( ب ن- 3) ويزايد عليها حتى الآن 6 أشخاص.
وأتاحت لجميع المواطنين الدخول فى مزاد للحصول على لوحة معدنية مميزة للسيارات من خلال عرض مجموعة من أرقام اللوحات المعدنية الخاصة بالمركبات، ويتم الحصول عليها من خلال الخطوات التالية:
1 - الدخول على الموقع من بوابة مرور مصر الإلكترونية ثم الضغط على لوحتك.
2- تسجيل الدخول على الموقع أولاً عن طريق إدخال البيانات المطلوبة بشكل صحيح في الحقول التي ستظهر لك، ثم الضغط على تسجيل الدخول.
4- كتابة أرقام وحروف لوحتك التي ترغب بشرائها، ثم الضغط على ""بحث"".
5- يتم إرسال طلبك لإدارة الموقع، ويتم إدراجها في اللوحات المتاحة للمزاد في أقرب وقت.
6- في حالة الفوز باللوحة، يمكنك الدفع عن طريق بطاقتك الائتمانية، أو سداد نقدي في أحد فروع البنوك.",https://www.youm7.com/story/2025/4/22/لوحة-سيارة-رقمها-ب-ن-3”-سعرها-تخطى-3-ملايين/6962578,Youm7,2025-04-22 17:00:00
حفل صاخب وخمور وأنغام عربية.. نتنياهو وزوجته يحتفلان بزفاف نجلهما (فيديو),حفل صاخب وخمور وأنغام عربية.. نتنياهو وزوجته يحتفلان بزفاف نجلهما (فيديو),No date found,No date found,"في حفل صاخب وعلى الأنغام العربية، نظم رئيس وزراء الاحتلال بنيامين نتنياهو وزوجته سارة، احتفالا بمناسبة زواج نجله أفنير وخطيبته سارة، رغم اشتعال الاحتجاجات المطالبة بوقف الحرب والتوصل إلى صفقة شاملة لتبادل الأسرى والرهائن المحتجزين في غزة.
وبحسب مصور إسرائيلي، الذي نشر الصور وتداولها العديد من رواد مواقع التواصل الاجتماعي، فإن نتنياهو أقام عشاء ثاني بمناسبة تسلم السفير الأمريكي الجديد عمله- في منزل سيمون باليك، وتم إخفاء الحفل عن الجمهور"".
و""سيمون باليك"" رجل أعمال أمريكي ذو مصالح سياسية وتجارية في إسرائيل يستضيف ويدلل عائلة نتنياهو في القدس وميامي.
وأكد الصحفي الإسرائيلي، أن ""سارة نتنياهو أصبحت ضيفة معتادة في مصنع خمور بمنطقة ""ساغوت"" في بار ميتزفاه لتقديم الخمور في حفل زفاف ابنها "" أفنير"".
واحتشد آلاف الإسرائيليين وسط تل أبيب للمطالبة بإقالة رئيس وزراء الاحتلال الإسرائيلي بنيامين نتنياهو، بسبب إصراره على الاستمرار في الحرب على غزة، ورفض اتفاقيات تقضى بتبادل الأسرى والرهائن المحتجزين في القطاع منذ السابع من أكتوبر 2023، كما تأتي المظاهرات على خلفية مذكرة الدفاع التي قدمها رئيس الشاباك.",https://www.youm7.com/story/2025/4/22/حفل-صاخب-وخمور-وأنغام-عربية-نتنياهو-وزوجته-يحتفلان-بزفاف-نجلهما/6962552,Youm7,2025-04-22 17:00:06
القوات المسلحة تحتفل بتخريج الدفعة (167) من كلية الضباط الاحتياط,القوات المسلحة تحتفل بتخريج الدفعة (167) من كلية الضباط الاحتياط,No date found,No date found,"احتفلت القوات المسلحة بتخريج الدفعة (167) من كلية الضباط الاحتياط بعد انتهاء فترة دراستهم بالكلية لينضموا إلى صفوف القوات المسلحة كضباط مقاتلين يحملون أمانة الدفاع عن الوطن وصون مقدساته والذى يأتى تزامنًا مع احتفالات مصر والقوات المسلحة بالذكرى (43) لتحرير سيناء.
بدأت مراسم الاحتفال بعرض المهارات الرياضية وفنون الدفاع عن النفس والقتال المتلاحم والتى عكست الكفاءة القتالية وقوة التحمل العالية التى اكتسبها الطلبة طوال فترة دراستهم بالكلية، تلى ذلك عرض المهارات الفنية باستخدام السلاح أظهر مدى التوافق الذهنى والانضباط العسكرى الراقى.
واختتمت العروض بالعرض العسكرى بمشاركة مجموعات من طلبة الكلية يتقدمهم حملة الإعلام وعزفت الموسيقات العسكرية سلام الشهيد.
وأعلن كبير معلمى كلية الضباط الاحتياط نتيجة التخرج، أعقبها إعلان قرار التعيين ومنح الأنواط لأوائل الخريجين وعلى هامش الاحتفال تم عرض فيلمًا تسجيليًا عن نقيب شهيد / ابراهيم السيد عواد أحد أبطال القوات المسلحة المشاركين فى حرب أكتوبر المجيدة والذى أطلق إسمه على الدفعة (167) ضباط احتياط.
وألقى اللواء أركان حرب بهاء السيد عبدالرحيم مدير كلية الضباط الاحتياط كلمة أشار خلالها إلى الاهتمام الكبير الذى توليه القيادة العامة للقوات المسلحة بتوفير كافة الإمكانات العلمية والثقافية لإعداد أجيال جديدة من الخريجين المؤهلين وفقًا لمنظومة علمية ومعايير دقيقة ليكونوا خير نموذج للشباب المصرى القادر على حماية الوطن وصون مقدساته.
حضر فعاليات الاحتفال اللواء أركان حرب أسامة نجا مساعد وزير الدفاع وعددًا من قادة القوات المسلحة وعددًا من قدامى مديرى كلية الضباط الاحتياط وأسر الخريجين.",https://www.youm7.com/story/2025/4/22/القوات-المسلحة-تحتفل-بتخريج-الدفعة-167-من-كلية-الضباط-الاحتياط/6962553,Youm7,2025-04-22 17:00:14
وزير خارجية لبنان: حصر السلاح بيد مؤسسات الدولة مطلب شعبى,وزير خارجية لبنان: حصر السلاح بيد مؤسسات الدولة مطلب شعبى,No date found,No date found,"قال يوسف رجي وزير الخارجية اللبناني، إن مصر شعبا وقيادة في قلب لبنان، معربا عن امتنانه وشكره العميقين لمصر تحت قيادة فخامة الرئيس عبد الفتاح السيسي لدعمه المطلق والكامل للبنان، خصوصا فيما يخص الجهود الدبلوماسية لإزالة الاحتلال الإسرائيلي من جنوب لبنان.
ردا على سؤال حول حصر السلاح بيد الدولة اللبنانية، أضاف وزير الخارجية اللبناني خلال مؤتمر صحفى مشترك مع بدر عبد العاطي: ""هذا المطلب ليس دولى بل لبناني من الدولة والشعب اللبناني، ولكن سياسة الحكومة حاليا هي سياسة تعتمد على الحكمة والنظر إلى أفضل سبيل لتحقيق هذا الهدف"".",https://www.youm7.com/story/2025/4/22/وزير-خارجية-لبنان-حصر-السلاح-بيد-مؤسسات-الدولة-مطلب-شعبى/6962539,Youm7,2025-04-22 17:00:23
مساعد رئيس هيئة الدواء: مصر تصدر لـ147 دولة فى العالم منها عقاقير كورونا,مساعد رئيس هيئة الدواء: مصر تصدر لـ147 دولة فى العالم منها عقاقير كورونا,No date found,No date found,"قال الدكتور ياسين رجائى مساعد رئيس هيئة الدواء المصرية، ، إن سوق الدواء في مصر تجاوز حاجز 300 مليار جنيه، موضحًا أن القطاع الحكومي وحده يمثل نحو 94 مليار جنيه، مقارنةً بـ69 مليار جنيه فقط في عام 2023.
وأشار رجائي خلال كلمته بالمنتدى الأول للإمداد الطبى للهيئة العامة للرعاية الصحية، إلى أن هيئة الدواء المصرية وقعت عددًا من بروتوكولات التعاون مع كل من هيئة الرعاية الصحية وهيئة الشراء الموحد، لدعم القطاع الدوائي في مصر، مضيفا أن مصر تصدر أدوية إلى أكثر من 147 دولة حول العالم، لافتًا إلى أن نجاح البلاد في تصدير أدوية خاصة بفيروس كورونا أثناء الأزمة العالمية يعد دليلاً واضحًا على كفاءة الصناعة الدوائية المصرية.",https://www.youm7.com/story/2025/4/22/مساعد-رئيس-هيئة-الدواء-مصر-تصدر-لـ147-دولة-فى-العالم/6962467,Youm7,2025-04-22 17:00:31
الطقس غدا.. انخفاض تدريجى فى درجات الحرارة والعظمى بالقاهرة 35 درجة,الطقس غدا.. انخفاض تدريجى فى درجات الحرارة والعظمى بالقاهرة 35 درجة,No date found,No date found,"تتوقع الهيئة العامة للأرصاد الجوية أن يشهد غدا الأربعاء 23 أبريل 2025، انخفاض تدريجي فى درجات الحرارة على شمال البلاد حتى القاهرة الكبرى، ليسود طقس حار نهارا على القاهرة الكبرى والوجه البحرى والسواحل الشرقية ، معتدل الحرارة على السواحل الغربية، شديد الحرارة على جنوب سيناء وجنوب البلاد ، معتدل ليلاً على أغلب الأنحاء.
ويشهد غدا، نشاط رياح على بعض المناطق تكون مثيرة للرمال والأتربة على سيناء وسلاسل جبال البحر الأحمر.
وأوضحت هيئة الأرصاد درجات الحرارة العظمى والصغرى المتوقعة، غدًا، على النحو التالي:",https://www.youm7.com/story/2025/4/22/الطقس-غدا-انخفاض-تدريجى-فى-درجات-الحرارة-والعظمى-بالقاهرة-35/6962533,Youm7,2025-04-22 17:00:41
وزير الخارجية يجدد دعم مصر لمؤسسات الدولة اللبنانية لتحقيق الاستقرار,وزير الخارجية يجدد دعم مصر لمؤسسات الدولة اللبنانية لتحقيق الاستقرار,No date found,No date found,"جدد بدر عبدالعاطى وزير الخارجية، دعم مصر لمؤسسات الدولة اللبنانية الوطنية لتحقيق الاستقرار، مشددا على ضرورة دعم المجتمع الدولى للبنان.
أكد وزير الخارجية فى مؤتمر صحفى مشترك مع نظيره اللبنانى، استمرار الجهد المصرى الصادق والمستمر بالتعاون مع قطر والتنسيق مع الولايات المتحدة للعودة إلى اتفاق وقف إطلاق النار والعمل على حقن دماء الشعب الفلسطينى فى قطاع غزة، وتثبيت التهدئة والعمل على إطلاق سراح الرهائن والأسرى والنفاذ الكامل للمساعدات الإنسانية.",https://www.youm7.com/story/2025/4/22/وزير-الخارجية-يجدد-دعم-مصر-لمؤسسات-الدولة-اللبنانية-لتحقيق-الاستقرار/6962527,Youm7,2025-04-22 17:00:47
وزير قطاع الأعمال عن أتوبيسات شرق وغرب الدلتا: تسليم 73 أتوبيسا حتى 10 إبريل,وزير قطاع الأعمال عن أتوبيسات شرق وغرب الدلتا: تسليم 73 أتوبيسا حتى 10 إبريل,No date found,No date found,"كشف وزير قطاع الأعمال العام محمد شيمى، تفاصيل نجاح مشروع تأهيل خطوط إنتاج الأتوبيسات، كأحد مشروعات توطين التكنولوجيا الصناعية والتحول الأخضر التى تمضى الوزارة فيها قدما، حيث تم التعاقد على تصنيع وتوريد عدد 100 أتوبيس لصالح شركتى شرق وغرب الدلتا بقيمة 921 مليون جنيه مصري.
جاء ذلك خلال الجلسة العامة لمجلس الشيوخ المُنعقدة اليوم الأحد، برئاسة المستشار عبد الوهاب عبد الرازق التى خُصصت لمناقشة عدد من طلبات المناقشة العامة للنهوض بقطاع الأعمال.
وقال شيمى، إنه تم تأهيل مصنع رقم 3 بتكلفة بتمويل من الشركة القابضة وتم البدء فى إنتاج أتوبيس على خط التجمع لعدد 28 محطة تجمع وجارى استكمال الإنتاج بمعدل 5 أتوبيسات أسبوعيا، وتم تسليم عدد 73 أتوبيس حتى 10 إبريل 2025، وجارى العمل على إنتاج 5 أتوبيسات / أسبوعيا.
ولفت شيمى، إلى أنه تم عمل صيانة 20 ألف كيلو متر لعدد 10 أتوبيسات حتى نهاية يناير 2025.
ونوه وزير قطاع الأعمال، إلى أنه فى يناير 2025 تم التعاقد على توريد 50 أتوبيس لصالح شركتى شرق وغرب الدلتا بقيمة 450.5 مليون جنيه، فضلا عن تلقى طلبات لمحافظة الإسكندرية توريد عدد 100 أتوبيس.",https://www.youm7.com/story/2025/4/22/وزير-قطاع-الأعمال-عن-أتوبيسات-شرق-وغرب-الدلتا-تسليم-73/6962576,Youm7,2025-04-22 17:02:03
محمد الشيمى: 47 شركة رابحة 23/24 وانتهاء تطوير شركات الغزل والنسيج نهاية 2025,محمد الشيمى: 47 شركة رابحة 23/24 وانتهاء تطوير شركات الغزل والنسيج نهاية 2025,No date found,No date found,"قال وزير قطاع الأعمال العام محمد الشيمى، إن عدد الشركات التابعة لوزارة قطاع الأعمال العام يبلغ عددها 6 شركة قابضة تُساهم فى رؤوس أموال عدد 64 شركة تابعة و106 مشتركة، لافتًا إلى أن بلوغ عدد الشركات الرابحة خلال 2023/2024 نحو 47 شركة، مقابل 17 شركة خاسرة.
جاء ذلك خلال الجلسة العامة لمجلس الشيوخ المنعقدة اليوم الأحد، برئاسة المستشار عبد الوهاب عبد الرازق التى خُصصت لمناقشة عدد من طلبات المناقشة العامة للنهوض بقطاع الأعمال.
وفى سياق متصل، استعرض وزير قطاع الأعمال ِأهم مشروعات توطين التكنولوجيا الصناعية والتحول الأخضر نحو الاستدامة، وأبرزها تطوير مشروعات توطين صناعة الغزل والنسيج، والتى أكد أنه سيتم الانتهاء منها بالكامل نهاية ديسمبر 2025 جرى تنفيذها على 3 مراحل أساسية بتكلفة تقدر بنحو 65 مليار جنيه، على أن يتم الانتهاء من مشروعات المرحلة الثانية منها فى يوليو 2025.
ولفت محمد الشيمى، إلى أن تطوير مشروعات توطين صناعة الغزل والنسيج تشمل شركة مصر للغزل والنسيج (بالمحلة الكبري)، شركة مصر للغزل والنسيج وصياغى البيضا - كفر الدوار، شركة دمياط للغزل والنسيج، شركة مصر /حلوان للغزل والنسيج، شركة الدقهلية للغزل والنسيج، شركة مصر / شبين الكوم للغزل والنسيح، شركة الوجه القبلى للغزل والنسيج (المنيا).
ونوه وزير قطاع الأعمال العام، فى كلمته، إلى العمل على دعم القطاع الخاص المرتبط بصناعة الغزل والنسيج.",https://www.youm7.com/story/2025/4/22/محمد-الشيمى-47-شركة-رابحة-23-24-وانتهاء-تطوير-شركات/6962521,Youm7,2025-04-22 17:02:11
رئيس مجلس الشيوخ يستقبل وزير قطاع الأعمال العام,رئيس مجلس الشيوخ يستقبل وزير قطاع الأعمال العام,No date found,No date found,"استقبل المستشار عبد الوهاب عبد الرازق، رئيس مجلس الشيوخ، اليوم الثلاثاء، المهندس محمد شيمي، وزير قطاع الأعمال العام، وذلك بمقر مكتبه بالمجلس، قبيل مشاركة الوزير في الجلسة العامة لاستعراض استراتيجية عمل الوزارة لتحقيق الاستدامة وتطوير الشركات التابعة.
وخلال اللقاء، رحّب المستشار عبد الوهاب عبد الرازق بوزير قطاع الأعمال العام، معربا عن تمنياته له بالتوفيق في مهام عمله.
من جانبه، أعرب المهندس محمد شيمي عن تقديره لرئيس مجلس الشيوخ والدور الوطني الذي يقوم به مجلس الشيوخ، مؤكدًا حرص وزارة قطاع الأعمال العام على تعزيز قنوات التواصل مع البرلمان، والاستفادة من رؤيته وملاحظاته في دعم جهود الإصلاح وإعادة هيكلة الشركات التابعة، بما يحقق الاستدامة ويعظم من مساهمة هذه الشركات في الاقتصاد الوطني.",https://www.youm7.com/story/2025/4/22/رئيس-مجلس-الشيوخ-يستقبل-وزير-قطاع-الأعمال-العام/6962641,Youm7,2025-04-22 17:02:22
للمرة الـ5 الصحفيين تدعو لاجتماع للجمعية العمومية للانتخابات 2 مايو,للمرة الـ5 الصحفيين تدعو لاجتماع للجمعية العمومية للانتخابات 2 مايو,No date found,No date found,"دعا مجلس نقابة الصحفيين الزملاء المقيدين في جدول المشتغلين للاجتماع العادي الثالث للجمعية العمومية للنقابة، الساعة العاشرة من صباح الجمعة 2 مايو 2025م إعمالًا لنصوص المواد (33)، (34)، (35) من قانون النقابة (76 لسنة 1970م).
1- التصديق على محضر اجتماع الجمعية العمومية المنعقدة في (مارس 2023م).
	2- النظر في تقرير مجلس النقابة عن أعمال السنة المنتهية في فبراير 2025م واعتماده.
	3- اعتماد الحساب الختامي للسنة المنتهية في 31/12/2024م، وإقرار مشروع الموازنة التقديرية لسنة 2025م.
4- مناقشة المسائل المعروضة من مجلس النقابة والاقتراحات المقدمة من الأعضاء.
	5- انتخاب النقيب وستة من أعضاء المجلس، وفي حالة الإعادة على مقعد النقيب تجرى الانتخابات في اليوم التالي من الساعة الثالثة إلى الساعة السابعة مساءً.",https://www.youm7.com/story/2025/4/22/للمرة-الـ5-الصحفيين-تدعو-لاجتماع-للجمعية-العمومية-للانتخابات-2-مايو/6962602,Youm7,2025-04-22 17:02:31
"""الشيوخ"" يُحيل طلبات مناقشة حول توطين التكنولوجيا الصناعية وتعقيب الوزير للجنة المختصة","""الشيوخ"" يُحيل طلبات مناقشة حول توطين التكنولوجيا الصناعية وتعقيب الوزير للجنة المختصة",No date found,No date found,"أحال المستشار عبد الوهاب عبد الرزق، رئيس مجلس الشيوخ، المناقشات الخاصة بطلب مناقشة عامة مقدم من النائب خالد أبو الوفا، وأكثر من عشرين عضوًا، بشأن سياسات توطين التكنولوجيا الصناعية، والتحول الصناعي الأخضر داخل الشركات القابضة والتابعة لقطاع الأعمال العام، ومدى توافقها مع مستهدفات الدولة في تحقيق الاستدامة وتعزيز التنافسية الوطنية، وطلب مقدم من النائب عادل عبد الفتاح ناصر، وأكثر من عشرين عضوًا، لاستعراض سياسة الحكومة حول استراتيجيات إدارة وحوكمة أصول شركات قطاع الأعمال العام، ومدى تكاملها مع أهداف التنمية الاقتصادية وتعظيم العائد من الموارد الإنتاجية للدولة.
كما أحال طلبا مقدما من النائبة هند جوزيف، وأكثر من عشرين عضوًا، بشأن إعادة هيكلة الشركات التابعة لوزارة قطاع الأعمال العام، وطلب مقدم من النائب هشام الحاج علي، وأكثر من عشرين عضوًا، حول استراتيجية تطوير واستغلال الأصول العقارية لقطاع الأعمال العام في تنمية ودعم الاقتصاد الوطني، مع التركيز على تعزيز مشاركة القطاع الخاص في سد العجز في عدد الغرف الفندقية، لدعم وتنشيط السياحة الداخلية والخارجية، وتعقيب محمد شيمى، وزير قطاع الأعمال، للجنة الشئون المالية والاقتصادية والاستثمار لبحثها وإعداد تقرير بشأنها.
ويناقش مجلس الشيوخ، في جلسته العامة غدا الأربعاء، طلب مناقشة عامة مقدم من النائب جمال أبو الفتوح، لاستيضاح سياسة الحكومة بشأن ""سياسات بناء منظومة زراعية إنتاجية صناعية متكاملة لرفع القيمة المضافة للنشاط الزراعي وتحسين كفاءة الأداء في ضوء التحديات الراهنة""، وتقرير لجنة الزراعة والري عن الدراسة المقدمة من النائب إيهاب وهبة، بشأن ""الأمن الغذائى في مصر.. التحديات والفرص في 2025"".",https://www.youm7.com/story/2025/4/22/الشيوخ-يُحيل-طلبات-مناقشة-حول-توطين-التكنولوجيا-الصناعية-وتعقيب-الوزير/6962566,Youm7,2025-04-22 17:02:40
بدء اجتماع صناعة النواب لمناقشة تعديل قانون الثروة المعدنية,بدء اجتماع صناعة النواب لمناقشة تعديل قانون الثروة المعدنية,No date found,No date found,"بدء منذ قليل اجتماع لجنة الصناعة برئاسة النائب محمد مصطفى السلاب، رئيس اللجنة وبحضور المستشار محمود فوزي، وزير الشئون النيابية والقانونية والتواصل السياسي، والمستشار محمد عبد العليم كفافي (المستشار القانوني لرئيس مجلس النواب)، وممثلين عن وزارات الدفاع، المالية، العدل، البترول، وذلك لمناقشة مشروع القانون المقدم من السيد النائب محمد إسماعيل عضو تنسيقية شباب الأحزاب والسياسيين بتعديل بعض أحكام القانون رقم 198 لسنة 2014 بإصدار قانون الثروة المعدنية.
ويهدف مشروع القانون إلى تحويل الهيئة المصرية العامة للثروة المعدنية إلى هيئة عامة اقتصادية وذلك لاستقلالية القرار المالى والإداري للهيئة مما يدعم عمليات تطوير قطاع التعدين، وتعظيم العوائد الاقتصادية لقطاع التعدين، ووضع نظام قانوني متكامل على غرار التنظيم القانوني للهيئة العامة للبترول، مما يحقق الاستغلال الأمثل لقطاع التعدين في مصر.",https://www.youm7.com/story/2025/4/22/بدء-اجتماع-صناعة-النواب-لمناقشة-تعديل-قانون-الثروة-المعدنية/6962542,Youm7,2025-04-22 17:02:48
مجلس الشيوخ يرفع الجلسة العامة ويناقش ملف التصنيع الزراعى والأمن الغذائى غدا,مجلس الشيوخ يرفع الجلسة العامة ويناقش ملف التصنيع الزراعى والأمن الغذائى غدا,No date found,No date found,"أعلن المستشار عبد الوهاب عبد الرازق، رئيس مجلس الشيوخ، رفع الجلسة العامة للمجلس التى عقدت اليوم الثلاثاء، بعد مناقشة طلبات مناقشة عامة حول استراتيجيات إعادة هيكلة شركات قطاع الأعمال العام وإدارة أصول الشركات واستغلالها، على أن تعقد الجلسة المقبلة غدا الاثنين.
ويناقش مجلس الشيوخ، فى جلسته العامة غدا الأربعاء، طلب مناقشة عامة مقدم من النائب جمال أبو الفتوح، لاستيضاح سياسة الحكومة بشأن ""سياسات بناء منظومة زراعية إنتاجية صناعية متكاملة لرفع القيمة المضافة للنشاط الزراعى وتحسين كفاءة الأداء فى ضوء التحديات الراهنة""، وتقرير لجنة الزراعة والرى عن الدراسة المقدمة من النائب إيهاب وهبة، بشأن ""الأمن الغذائى فى مصر.. التحديات والفرص فى 2025"".
وناقش مجلس الشيوخ فى جلسته العامة اليوم الثلاثاء، برئاسة المستشار عبد الوهاب عبد الرازق، رئيس المجلس، طلب مناقشة عامة مقدم من النائب خالد أبو الوفا، وأكثر من عشرين عضوًا، بشأن سياسات توطين التكنولوجيا الصناعية، والتحول الصناعى الأخضر داخل الشركات القابضة والتابعة لقطاع الأعمال العام، ومدى توافقها مع مستهدفات الدولة فى تحقيق الاستدامة وتعزيز التنافسية الوطنية، وطلب مقدم من النائب عادل عبد الفتاح ناصر، وأكثر من عشرين عضوًا، لاستعراض سياسة الحكومة حول استراتيجيات إدارة وحوكمة أصول شركات قطاع الأعمال العام، ومدى تكاملها مع أهداف التنمية الاقتصادية وتعظيم العائد من الموارد الإنتاجية للدولة، وطلب مقدم من النائبة هند جوزيف، وأكثر من عشرين عضوًا، بشأن إعادة هيكلة الشركات التابعة لوزارة قطاع الأعمال العام، وطلب مقدم من النائب هشام الحاج على، وأكثر من عشرين عضوًا، حول استراتيجية تطوير واستغلال الأصول العقارية لقطاع الأعمال العام فى تنمية ودعم الاقتصاد الوطنى، مع التركيز على تعزيز مشاركة القطاع الخاص فى سد العجز فى عدد الغرف الفندقية، لدعم وتنشيط السياحة الداخلية والخارجية.",https://www.youm7.com/story/2025/4/22/مجلس-الشيوخ-يرفع-الجلسة-العامة-ويناقش-ملف-التصنيع-الزراعى-والأمن/6962546,Youm7,2025-04-22 17:02:56
الوطنية للانتخابات: مدارس الحكومة تمارس الديمقراطية بدليل انتخابات أمين الفصل,الوطنية للانتخابات: مدارس الحكومة تمارس الديمقراطية بدليل انتخابات أمين الفصل,No date found,No date found,"أكد المستشار شادى رياض نائب مدير الجهاز التنفيذي للهيئة الوطنية للانتخابات، على أن الهيئة الوطنية للانتخابات لمست تطوير ملحوظ فى المدارس واهتمامها بممارسة الديمقراطية، وهو ما تحرص عليه المدارس الحكومية فى الأساس حيث إنه ما زال لدينا انتخابات أمين الفصل على سبيل المثال وينتخبه زملائه الطلاب دون تدخل من الآخرين وهو خطوة لتعزيز مشاركته في الحياة السياسية والانتخابات تحرص على إستمرارها المدارس الحكومية عن غيرها من المدارس.
جاء ذلك خلال كلمته فى أولى فعاليات برنامج تعزيز المشاركة السياسية والوعي الانتخابي للمواطن ودور الجمعيات الأهلية في متابعة الانتخابات، والذي يُعقد في إطار بروتوكول التعاون المشترك بين المجلس القومي لحقوق الإنسان والهيئة الوطنية للانتخابات، وذلك بحضور السفيرة مشيرة خطاب رئيسة المجلس القومى لحقوق الإنسان والقاضي المستشار حازم بدوي رئيس الهيئة الوطنية للانتخابات، وممثلي الهيئة الوطنية للانتخابات وخبراء في مجال حقوق الإنسان ومنظمات المجتمع المدني وعدد من القيادات والشخصيات العامة.
واستعرض كيفية إدارة وتنفيذ العملية الانتخابية والمواد التعريفية للمتابعين والناخبين، موضحا أن المادة 13 من قانون تنظيم مباشرة الحقوق السياسية الصادر برقم 45 لسنة 2014 المُعدل بالقانون رقم 140 لسنة 2020، تقضى بوجوب أن يقيد في قاعدة بيانات الناخبين كل من له حق مباشرة الحقوق السياسية من الذكور والإناث، ومع ذلك لا يقيد من اكتسب الجنسية المصرية بطريق التجنس إلا إذا كانت قد مضت خمس سنوات على الأقل على اكتسابه إياها.
ووأوضح أن المادة 14 أقرت بأن يقيد تلقائيا بقاعدة بيانات الناخبين المعدة من واقع بيانات الرقم القومي الثابتة بقاعدة بيانات مصلحة الأحوال المدنية بوزارة الداخلية أسماء من تتوفر فيه شروط الناخب، ولم يلحق به أي مانع من موانع مباشرة الحقوق السياسية علي مدار العام، وذلك في المكان وبالكيفية التي تبينها اللائحة التنفيذية للقانون، ووفقا للفقرة الثانية من المادة، تعتبر قاعدة بيانات الرقم القومي لدى مصلحة الأحوال المدنية هي المصدر الرئيس لقاعدة بيانات الناخبين.",https://www.youm7.com/story/2025/4/22/الوطنية-للانتخابات-مدارس-الحكومة-تمارس-الديمقراطية-بدليل-انتخابات-أمين-الفصل/6962454,Youm7,2025-04-22 17:03:02
"""القومى لحقوق الإنسان"" يزور شمال سيناء لمتابعة تطبيق التأمين الصحى الشامل","""القومى لحقوق الإنسان"" يزور شمال سيناء لمتابعة تطبيق التأمين الصحى الشامل",No date found,No date found,"فى إطار التزام المجلس القومى لحقوق الإنسان بمتابعة تنفيذ خطط الدولة لتحقيق العدالة الاجتماعية وضمان حصول المواطنين على حقوقهم الأساسية، أعلن المجلس عن تنظيم زيارة ميدانية إلى محافظة شمال سيناء خلال يومى 22 و23 أبريل 2025، وذلك لمتابعة الاستعدادات الجارية لتطبيق المرحلة الثانية من منظومة التأمين الصحى الشامل بالمحافظة. وتأتى الزيارة ضمن خطة عمل لجنة الحقوق الاجتماعية.
تهدف الزيارة إلى تقييم مدى التقدم فى تنفيذ بنود المرحلة الثانية من مشروع التأمين الصحى الشامل، والتى تشمل محافظات جديدة على رأسها شمال سيناء.
يركز وفد المجلس على تفقد الوحدات الصحية والمستشفيات المركزية لمراجعة الجاهزية الفنية والبنية التحتية وتقييم كفاءة منظومة الحوكمة والتمويل المخصصة للخدمات الصحية.
ويضم الوفد الدكتورة نهى طلعت عبد القوى أمينة اللجنة الاجتماعية والدكتور ولاء جاد الكريم، والأستاذ محمد ممدوح، عضوى اللجنة، بالإضافة إلى أعضاء الأمانة العامة بالمجلس: الأستاذة أسماء فوزى، والأستاذ رامى علام، والأستاذ هانى الحسيني. ومن المقرر أن يعقد الوفد لقاءات ميدانية مع القيادات المحلية والتنفيذية، وكذلك مع عدد من ممثلى المجتمع المدنى والمواطنين للاستماع إلى ملاحظاتهم ومطالبهم المتعلقة بحقوقهم الصحية والاجتماعية.
وأكدت الدكتورة نهى طلعت أن هذه الزيارة تأتى فى سياق متابعة المجلس لتوصيات ""المراجعة الدورية الشاملة"" التى التزمت بها الدولة المصرية أمام مجلس حقوق الإنسان التابع للأمم المتحدة، والتى نصت على ضرورة توسيع مظلة الحماية الاجتماعية والرعاية الصحية لتشمل جميع الفئات، خاصة فى المحافظات الحدودية والمناطق النائية.
ويُعتبر مشروع التأمين الصحى الشامل من أهم أدوات الدولة لتحقيق التنمية المستدامة والعدالة الاجتماعية، حيث يهدف إلى توفير خدمات صحية عالية الجودة لجميع المواطنين دون تمييز، وفى إطار تكافؤ الفرص. وتأتى محافظة شمال سيناء فى صدارة المحافظات المستهدفة فى هذه المرحلة، فى ضوء التحول الذى تشهده فى أعقاب العمليات التنموية والأمنية التى قامت بها الدولة خلال السنوات الماضية لمواجهة الإرهاب وتثبيت دعائم الاستقرار.
ومن المتوقع أن تُسفر الزيارة عن عدد من التوصيات الفنية والإدارية لدعم خطط الحكومة فى تعزيز جودة الرعاية الصحية وتوفير الحماية الاجتماعية الكاملة للمواطنين، بما يتماشى مع التزامات مصر الدستورية والدولية فى مجال حقوق الإنسان.
ويصدر المجلس القومى لحقوق الإنسان فى نهاية الزيارة تقريرا تفصيليا يتضمن نتائج المتابعة الميدانية، والملاحظات الرئيسية حول جاهزية البنية الصحية، ومستوى التنسيق بين الجهات المعنية، إلى جانب عرض التوصيات المقترحة لدعم تحسين الخدمات وضمان استدامة المنظومة.",https://www.youm7.com/story/2025/4/22/القومى-لحقوق-الإنسان-يزور-شمال-سيناء-لمتابعة-تطبيق-التأمين-الصحى/6962495,Youm7,2025-04-22 17:03:11
"رئيس ""تعليم الشيوخ"": إجراءات جادة من الحكومة لدعم الصناعة الوطنية","رئيس ""تعليم الشيوخ"": إجراءات جادة من الحكومة لدعم الصناعة الوطنية",No date found,No date found,"كشف الدكتور نبيل دعبس رئيس لجنة التعليم والبحث العلمي والاتصالات وتكنولوجيا المعلومات بمجلس الشيوخ رئيس برلمانية مصر الحديثة عن تقرير صادر من أحد أهم المؤسسات الدولية العالمية العاملة في مجال الصناعة والاستثمار.
وأكد دعبس، خلال كلمته اليوم بالجلسة العامة لمجلس الشيوخ، أن التقرير تطرق إلى الإنجازات الكبير والمجهود العظيم التي تقوم به الحكومة المصرية من أجل دعم الصناعة المصرية وأكد التقرير على إنجازات كبيرة تمت خلال العشر سنوات الأخيرة ومنها تقييم الوضع التصنيعي من 2014 وحتى العام الماضى 24 حيث زاد التصدير للمنتجات الصناعية المصرية بمقدار زادت بمقدار 75 بالمائة خلال تلك المدة كما زادت المناطق الصناعية إلى أكثر من 177 منطقة بدلا من 120.
جاء ذلك خلال الجلسة العامة لمجلس الشيوخ والمنعقدة الآن برئاسة المستشار عبدالوهاب عبدالرازق والتي تناقش عددا من طلبات المناقشة العامة الموجهة لاستيضاح سياسة الحكومة بشأن بعض الملفات المتعلقة بقطاع الأعمال العام وسبل النهوض به.
وتابع دعبس: ""هناك تقرير صادر عن وزارة قطاع الأعمال العام أعلن من خلاله الوزير أن سنة 30 ستكون  الصناعة المصرية رقما مهما في الناتج المحلي الإجمالي حيث سنعمل الى ان تصل تلك النسبة من الصناعة الي  20 % من الناتج المحلي بدلا مما هو عليه الآن حيث تبلغ نسبتها 14%.
وأضاف دعبس إلى مجهودات الحكومة في دعم الصناعة من خلال حزمة مهمة للغاية للدعم ومنها  تقديم تسهيلات  بضخ أكثر من 30 مليار جنية للدعم شراء الالات والعدد وخطوط الانتاج بنسبة فائدة صغيرة جدا  وكذلك دعم وزارة البترول في ملف الغاز  و تقديم  تسهيلات للغاز وهناك  حاجات ايجابية كثيرة.
وفي المقابل طالب دعبس بالكشف عن آخر ما تم في ملف الخسائر الخاصة بـ27 مصنعا والتي تمثل خسائرهم  90 % من الخسائر الخاصة بمصانع قطاع الأعمال العام متابعا: ""عاوزين نعرف موقفهم ايه، كما طالب بزيادة حصة القطاع الخاص لتصل إلى 80 % من حصة الصناعة مقابل 20 % لحصة الدولة  بدلا من الوضع المعكوس الآن.
وقال إن القطاع الخاص الوطني يمثل الداعم الأساسي للدولة وهو ما يحدث الآن في التجربة الصينية حيث قام القطاع الخاص بدعم بلدة ضد ما تقوم به أمريكا في حربها التجارية حيث قام بشراء كل الصادرات التي كانت موجه لامريكا لدعم موقف الدولة الصينية في حربها ضد أمريكا لتقوية موقف بلده.
كما طالب دعبس بطرح شركات قطاع الأعمال العام بالبورصة بدلا من بيعها على أن يتم الطرح بعد اعادة التقييم الفعلي لتلك الشركات طبقا للوضع الحالي وتقيم سعرها من خلال شركات عالمية متخصصة وبعدها يتم طرحها بالبورصة لتعظيم الاستفادة منها.",https://www.youm7.com/story/2025/4/22/رئيس-تعليم-الشيوخ-إجراءات-جادة-من-الحكومة-لدعم-الصناعة-الوطنية/6962490,Youm7,2025-04-22 17:03:17
مشيرة خطاب: دور الوطنية للانتخابات فى رفع وعى المواطنين مسؤولية على المرشحين,مشيرة خطاب: دور الوطنية للانتخابات فى رفع وعى المواطنين مسؤولية على المرشحين,No date found,No date found,"أشادت السفيرة مشيرة خطاب رئيسة المجلس القومى لحقوق الإنسان، بالدور الذى تلعبه الهيئة الوطنية للانتخابات فى رفع وعى المواطنين بالمشاركة فى الحياة السياسية قائلة: ""النضج السياسى الذى فعلته الهيئة الوطنية للانتخابات يضع مسؤولية أكبر على المرشحين"".
وشددت رئيسة المجلس القومى لحقوق الإنسان على أن بروتوكول التعاون بين الهيئة الوطنية للانتخابات ووزارة التربية والتعليم أمر فى بالغ الأهمية قائلة ""لو عايز البالغ يروح ويشارك فى الانتخابات لازم أعلم الطفل انه يقول رأيه ويعرف أن رأيه مسؤولية لازم يقوله ويشارك الآخرين آرائه""، مضيفة أن وزارة التربية والتعليم عليها عامل كبير فى رفع الوعى لأنها تتعامل مع الفرد مع بداية المرحلة الابتدائية أى منذ طفولته فعلينا التركيز على هل هناك ديمقراطية وتبادل آراء داخل الفصول خاصة مع تخفيض الكثافة الطلابية فى الفصول المدرسية مثلما أعلن وزير التربية والتعليم وهو الأمر الذى يسهل على المعلمين تعزيز روح المناقشة والحوار وسماع آراء الطفل فى الفصل.
وأكدت ""خطاب"" أنه كلما اقتربنا من القاعدة الشعبية كلما اقتربنا من الديمقراطية، وأكدت أنها فخورة بالتعاون مع الهيئة الوطنية للانتخابات، وأن التعاون المؤسسى مع الهيئة الوطنية للانتخابات يفتح مرحلة جديدة تستهدف تعزيز الوعى السياسى ودعم دور المجتمع المدنى فى متابعة العملية الانتخابية، معربة عن اعتزازها بالتعاون مع الهيئة الوطنية للانتخابات، مؤكدة أن المجلس القومى يفخر بالشراكة مع الهيئة الوطنية للانتخابات، ويؤمن بحق المواطن فى الحصول على المعلومات.
جاء ذلك خلال كلمتها فى أولى فعاليات برنامج تعزيز المشاركة السياسية والوعى الانتخابى للمواطن ودور الجمعيات الأهلية فى متابعة الانتخابات، والذى يُعقد فى إطار بروتوكول التعاون المشترك بين المجلس القومى لحقوق الإنسان والهيئة الوطنية للانتخابات، وذلك بحضور السفيرة مشيرة خطاب رئيسة المجلس القومى لحقوق الإنسان والقاضى المستشار حازم بدوى رئيس الهيئة الوطنية للانتخابات، وممثلى الهيئة الوطنية للانتخابات وخبراء فى مجال حقوق الإنسان ومنظمات المجتمع المدنى وعدد من القيادات والشخصيات العامة.",https://www.youm7.com/story/2025/4/22/مشيرة-خطاب-دور-الوطنية-للانتخابات-فى-رفع-وعى-المواطنين-مسؤولية/6962418,Youm7,2025-04-22 17:03:25
عبد المحسن سلامة: سيتم تعيين كافة الصحفيين بالعقود فى الصحف القومية,عبد المحسن سلامة: سيتم تعيين كافة الصحفيين بالعقود فى الصحف القومية,No date found,No date found,"قال عبد المحسن سلامة المرشح لمقعد نقيب الصحفيين إن ملف الحريات من أهم أولوياته في برنامجه الانتخابي، لأن الحرية هى قلب المهنة الصحفية، ولا يجوز حبس الصحفى سواء كان نقابى أو غير نقابى.
وأكد عبد المحسن سلامة أن الملف سيشهد انفراجة قريبة  كما أنه يعمل على استعادة هيبة الصحفيين وضمان حقوقهم.
وأكد قائلا:""تنفيذ برنامجه الانتخابى قبل إجراء الانتخابات هو تأكيد على الجدية""؛ وأكد على التزامه بتعيين الصحفيين بالعقود المؤقتة فى جميع المؤسسات الصحفية القومية، وأكد أن المراسل الصحفى للصحف الأجنبية سيكون لهم صرف بدل من يوليو القادم، أما عن تخفيضات المترو أكد على أن العمل في هذة التخفيضات مستمر وسينجز هذا قريبا""، جاء ذلك في مؤتمر صحفى له اليوم الثلاثاء.",https://www.youm7.com/story/2025/4/22/عبد-المحسن-سلامة-سيتم-تعيين-كافة-الصحفيين-بالعقود-فى-الصحف/6962436,Youm7,2025-04-22 17:03:35
عبد المحسن سلامة يعلن تفاصيل 1500 شقة و328 قطعة أرض للصحفيين,عبد المحسن سلامة يعلن تفاصيل 1500 شقة و328 قطعة أرض للصحفيين,No date found,No date found,"أعلن عبد المحسن سلامة المرشح على مقعد نقيب الصحفيين عن نجاحه فى الاتفاق مع وزارة الإسكان للحصول على أضخم عدد من الوحدات السكنية للصحفيين فى تاريخ النقابة، بمزايا وأسعار متنوعة، وكذلك توفير قطع أراضى للصحفيين، جاء ذلك في مؤتمر صحفى له اليوم الثلاثاء.
وقال المرشح على مقعد نقيب الصحفيين خلال حواره إن عدد الشقق 1500 شقة، و328 قطة أرض وحدات جاهزة تسلم في خلال 6 أشهر والتقديم اعتبارا من 3 مايو والتسليم في 6 أشهر،  تتبع وزارة الإسكان وتتميز بأنها تلبى كافة المتطلبات، سواء شقق الإسكان الاجتماعى أو إسكان الشباب أو الإسكان المميز، كما أن هناك تسهيلات كبيرة فى الدفع، وخاصة أن هذه الشقق فى مدن وأماكن مختلفة، وستكون الأولوية لمن لم يحصل على شقة عن طريق النقابة قبل ذلك.
وأكد سلامة أن هذا المشروع الأضخم في تاريح النقابة الأماكن موجودة في مدن العلمين الجديدة ،العاصمة الجديدة، الإسماعيلية الجديدة بدر، حدائق اكتوبر، ناصر غرب أسيوط، العاشر من رمضان، الشروق ، دمياط الجديدة.
وتابع ""سلامة"": ""أما الأراضى في مناطق اكتوبر الجديدة، العاشر من رمضان ، السادات، والأولوية  للصحفيين من أبناء المحافظات، على أن تباع بنفس أسعار وزارة الإسكان وحدث تفاوض وأصبح المشروع متاح بالتمويل العقارى"".",https://www.youm7.com/story/2025/4/22/عبد-المحسن-سلامة-يعلن-تفاصيل-1500-شقة-و328-قطعة-أرض/6962472,Youm7,2025-04-22 17:03:43
برلمانية المؤتمر تطالب استغلال العقارات التابعة لشركات قطاع الأعمال,برلمانية المؤتمر تطالب استغلال العقارات التابعة لشركات قطاع الأعمال,No date found,No date found,"طالب اللواء طارق رسلان ممثل رئيس الهيئة البرلمانية لحزب المؤتمر بمجلس الشيوخ ، باستغلال العقارات التابعة لقطاع الأعمال ، ودعم التحول التكنولوجيا الصناعية ، وإعادة هيكلة الشركات التابعة لوزارة قطاع الأعمال بالإضافة إلى حوكمة أصول الشركات وتوطين التكنولوجيا الصناعية.
وأشاد رسلان خلال الجلسة العامة لمجلس الشيوخ اليوم، بتجاوب وتفاعل وزير قطاع الأعمال العام الذي تفاعل معانا وتجاوب في أزمة شركة مصر للالومنيوم الأخيرة مؤكداً بأن مجمع الألومنيوم كيان وطني ناجح يقود قاطرة التنمية في الصعيد ولابد من دعمه والارتقاء به.
وشدد رسلان بأن الدولة المصرية تخطو خطوات جادة نحو تحقيق اقتصاد قوي قادر علي تحقيق تنمية مستدامة .",https://www.youm7.com/story/2025/4/22/برلمانية-المؤتمر-تطالب-استغلال-العقارات-التابعة-لشركات-قطاع-الأعمال/6962475,Youm7,2025-04-22 17:03:54
أيمن عبد المحسن: تطوير قطاع الأعمال العام ضرورة لتعزيز الاقتصاد الوطنى,أيمن عبد المحسن: تطوير قطاع الأعمال العام ضرورة لتعزيز الاقتصاد الوطنى,No date found,No date found,"أكد اللواء أيمن عبد المحسن، رئيس الهيئة البرلمانية لحزب حماة الوطن بمجلس الشيوخ، أن ملف تطوير قطاع الأعمال العام يمثل أحد الملفات الحيوية التي تحظى بأولوية كبرى، لاسيما وأنه يندرج ضمن رؤية واستراتيجية وزارة قطاع الأعمال.
جاء ذلك خلال الجلسة العامة لمجلس الشيوخ، برئاسة المستشار عبد الوهاب عبد الرازق، والتي خُصصت لمناقشة عدد من طلبات المناقشة العامة بشأن سبل النهوض بقطاع الأعمال العام.
وأوضح عبد المحسن أن التوجه نحو توطين التكنولوجيا، وتعزيز الاقتصاد الأخضر، وتطوير الأصول العقارية المملوكة للدولة، يمثل محاور رئيسية لدعم الاقتصاد الوطني، ورفع العائدات، وزيادة القدرة التنافسية للشركات، مع تحسين أدائها بما يتماشى مع التطورات التكنولوجية والمعايير الدولية.
وأشار إلى أن الاستراتيجية الشاملة لإعادة هيكلة القطاع العام تستهدف التغلب على عدد من التحديات، من بينها البيروقراطية، وتدني مستويات التدريب، وضعف ثقافة العمل، إلى جانب المعوقات القانونية والإدارية.
وشدد على أهمية الإفصاح عن آليات تنفيذ الخطة الاستراتيجية لوزارة قطاع الأعمال، والتي تم الإعلان عنها سابقًا، لضمان تحقيق الأهداف المرجوة في إصلاح وتطوير الشركات التابعة، والنهوض بأدائها على أسس مستدامة.",https://www.youm7.com/story/2025/4/22/أيمن-عبد-المحسن-تطوير-قطاع-الأعمال-العام-ضرورة-لتعزيز-الاقتصاد/6962406,Youm7,2025-04-22 17:04:05
حسام الخولى: لا يمكن محاسبة قطاع الأعمال بمنطق القطاع الخاص,حسام الخولى: لا يمكن محاسبة قطاع الأعمال بمنطق القطاع الخاص,No date found,No date found,"أكد النائب حسام الخولي، رئيس الهيئة البرلمانية لحزب مستقبل وطن بمجلس الشيوخ، أن الحديث عن قطاع الأعمال العام في مصر يختلف كثيرًا عن سائر دول العالم، نظرًا لما يمثله من ثروات ضخمة وقيمة سوقية كبيرة يجب التعامل معها بمسؤولية، مشددا علي ضرورة وجود تشريعات مرنة وواضحة تتيح دخول القطاع الخاص، لاسيما في الشركات المثقلة بالديون، إلى جانب ضرورة توضيح التقسيمات السوقية والقيم الفعلية لكل نشاط، ليتسنى معرفة من يحقق الأرباح ومن يراكم الخسائر.
وأضاف ""الخولي"" خلال الجلسة العامة لمجلس الشيوخ برئاسة المستشار عبد الوهاب عبد الرازق، المنعقدة اليوم الأحد، المخصصة لمناقشة طلبات بشأن النهوض بقطاع الأعمال العام، أنه لا يمكن تحميل وزارة قطاع الأعمال ووزيرها الحالي كل أعباء هذا القطاع الذي ورث تبعات طويلة ومعقدة، لاسيما وإننا نتحدث عن مصانع قديمة، بعضها يعاني من تراكم الديون وكثافة عمالية كبيرة، ولذلك لا يمكن محاسبتها بنفس منطق القطاع الخاص"".
وشدد ""الخولي""، على أهمية الفهم الدقيق لطبيعة كل قطاع داخل المنظومة، مؤكدًا أن هناك قطاعات كالسياحة، والغزل والنسيج، وصناعة السيارات، تمثل كل منها كيانا ضخمًا يتطلب تقييما منفصلًا.
وأشار حسام الخولي، إلى أن هناك شركات أنفق عليها استثمارات ضخمة، لاسيما في قطاع الغزل والنسيج، متسائلا : بعد ضخ كل هذه القروض والاستثمارات، ما هو العائد، وهل سيظل قطاع الأعمال في يد الإدارة الحكومية فقط، أم ستكون هناك خطوات حقيقية لإشراك القطاع الخاص؟""",https://www.youm7.com/story/2025/4/22/حسام-الخولى-لا-يمكن-محاسبة-قطاع-الأعمال-بمنطق-القطاع-الخاص/6962397,Youm7,2025-04-22 17:04:14
رئيس طاقة الشيوخ: إجراءات الدولة للحوكمة استثمار اقتصادى ومحرك فاعل للتنمية,رئيس طاقة الشيوخ: إجراءات الدولة للحوكمة استثمار اقتصادى ومحرك فاعل للتنمية,No date found,No date found,"أكد النائب مجدي سليم، رئيس لجنة الطاقة والبيئة بمجلس الشيوخ، أن ما اتخذته الحكومة من إجراءات لتطبيق الحوكمة يجب أن يُنظر إليه ليس فقط كإجراء تنظيمي، بل استثمار اقتصادي حقيقي للدولة ومحرك فاعل للتنمية.
وأضاف ""سليم"" خلال الجلسة العامة لمجلس الشيوخ المنعقدة اليوم الثلاثاء، برئاسة المستشار عبد الوهاب عبد الرازق، المخصصة لمناقشة عدد من طلبات مناقشة عامة للنهوض بقطاع الأعمال العام، أن  الحوكمة ليست عملية سهلة، بل هي مسار معقد يستهدف تحسين أداء الشركات العامة، خصوصًا في ظل التحديات الكبيرة التي تواجهها بعض الكيانات، وعلى رأسها الديون المتراكمة والأعباء المالية الثقيلة.
وتابع ""سليم""، أن تطبيق الحوكمة سينعكس إيجابيًا على تعظيم العوائد وتحسين بيئة العمل داخل الشركات القابضة والتابعة، شريطة أن تكون هناك نقاط استراتيجية واضحة، إلى جانب إعداد موارد مالية داعمة، وإتاحة مرونة حقيقية في التنفيذ، مع ضرورة الاستفادة من النماذج الناجحة محليًا ودوليًا في هذا المجال.
ولفت رئيس لجنة الطاقة والبيئة بمجلس الشيوخ، إلي اتفاقه مع النواب في طرح تساؤلات جوهرية حول آليات الإصلاح والاستدامة في هذا القطاع الحيوي.",https://www.youm7.com/story/2025/4/22/رئيس-طاقة-الشيوخ-إجراءات-الدولة-للحوكمة-استثمار-اقتصادى-ومحرك-فاعل/6962403,Youm7,2025-04-22 17:04:26
لجنة انتخابات نقابة الصحفيين تدعو الزملاء للمشاركة فى اللجنة التنظيمية,لجنة انتخابات نقابة الصحفيين تدعو الزملاء للمشاركة فى اللجنة التنظيمية,No date found,No date found,"دعت  اللجنة المشرفة على انتخابات التجديد النصفي لنقابة الصحفيين الزملاء الراغبين في المشاركة باللجنة التنظيمية للعملية الانتخابية لتسجيل أسمائهم عبر الواتس على رقم 01099744659، تمهيدًا لدعوتهم لاجتماع  مع اللجنة المشرفة على الانتخابات في تمام الساعة الخامسة مساء الإثنين المقبل 28 أبريل 2025م لوضع التصورات اللازمة لضمان ظهور العملية الانتخابية بالشكل اللائق للجماعة الصحفية، ونقابة الصحفيين.
وناشد جمال عبد الرحيم رئيس اللجنة المشرفة على الانتخابات  الزملاء الراغبين في المشاركة باللجنة التنظيمية للانتخابات الالتزام بالحياد التام بين جميع الزملاء المرشحين، وألا يكونوا ضمن أعضاء الحملات الانتخابية لأي من المرشحين لمقعد النقيب وعضوية المجلس.",https://www.youm7.com/story/2025/4/22/لجنة-انتخابات-نقابة-الصحفيين-تدعو-الزملاء-للمشاركة-فى-اللجنة-التنظيمية/6962334,Youm7,2025-04-22 17:04:36
رئيس برلمانية الشعب الجمهوري بالشيوخ يطالب بكشف أوضاع شركات قطاع الأعمال,رئيس برلمانية الشعب الجمهوري بالشيوخ يطالب بكشف أوضاع شركات قطاع الأعمال,No date found,No date found,"طالب النائب إيهاب وهبة، رئيس الهيئة البرلمانية لحزب الشعب الجمهوري بمجلس الشيوخ، بضرورة الكشف عن وضع الشركات التابعة لقطاع الأعمال العام، سواء الناجحة منها أو المتعثرة، إلى جانب توضيح سبل تطويرها وتعظيم الاستفادة من أصولها.
جاء ذلك خلال الجلسة العامة لمجلس الشيوخ، برئاسة المستشار عبد الوهاب عبد الرازق، أثناء مناقشة عدد من طلبات المناقشة العامة المتعلقة بتطوير قطاع الأعمال العام.
وشدد وهبة على أهمية إعلان خطة واضحة من جانب الحكومة للتعامل مع الشركات المتعثرة، مؤكدًا رفضه اللجوء إلى الخصخصة كخيار لمعالجة الأزمات، ومشيرًا إلى ضرورة البحث عن بدائل فعالة.
واقترح النائب الاستعانة ببيوت خبرة، سواء أجنبية أو محلية من القطاع الخاص، للمساهمة في إعادة هيكلة هذه الشركات، مؤكدًا أن جوهر الأزمة يكمن في الإدارة، لا في نقص الموارد.
وأشار وهبة إلى أن أصول بعض الشركات تفوق قيمتها السوقية المُدرجة في البورصة، ما يستدعي ضرورة إعادة النظر في استغلال تلك الأصول بطريقة أكثر كفاءة، مستشهدًا بنجاح الدولة في إدارة مشروع ""الرأس الحكمة"" كنموذج يمكن البناء عليه.",https://www.youm7.com/story/2025/4/22/رئيس-برلمانية-الشعب-الجمهوري-بالشيوخ-يطالب-بكشف-أوضاع-شركات-قطاع/6962400,Youm7,2025-04-22 17:04:44
"وكيل ""الشيوخ"": إعادة هيكلة شركات قطاع الأعمال العام تفتح المجال أمام فرص استثمارية","وكيل ""الشيوخ"": إعادة هيكلة شركات قطاع الأعمال العام تفتح المجال أمام فرص استثمارية",No date found,No date found,"قالت النائبة فيبي فوزى، وكيل مجلس الشيوخ، إنه في ظل جهود حثيثة تقوم بها الجمهورية الجديدة بقيادة الرئيس عبد الفتاح السيسي لتحقيق طفرة اقتصادية، تُعد إعادة هيكلة شركات قطاع الأعمال العام ضرورة لتحقيق أداء اقتصادي أكثر كفاءة واستدامة، فهي تساهم في معالجة أوجه القصور الإداري والمالي، مما يساعد على تحسين استغلال رؤوس الأموال والموارد البشرية المتاحة، كما تهدف إلى رفع كفاءة المنشآت وتعزيز الإنتاجية، بما ينعكس إيجاباً على جودة الخدمات والمنتجات.
جاء ذلك خلال الجلسة العامة لمجلس الشيوخ اليوم الثلاثاء، برئاسة المستشار  عبد الوهاب عبد الرازق، رئيس المجلس، لنظر طلب مناقشة عامة مقدم من النائب خالد أبو الوفا، وأكثر من عشرين عضوًا، بشأن سياسات توطين التكنولوجيا الصناعية، والتحول الصناعي الأخضر داخل الشركات القابضة والتابعة لقطاع الأعمال العام، ومدى توافقها مع مستهدفات الدولة في تحقيق الاستدامة وتعزيز التنافسية الوطنية، وطلب مقدم من النائب عادل عبد الفتاح ناصر، وأكثر من عشرين عضوًا، لاستعراض سياسة الحكومة حول استراتيجيات إدارة وحوكمة أصول شركات قطاع الأعمال العام، ومدى تكاملها مع أهداف التنمية الاقتصادية وتعظيم العائد من الموارد الإنتاجية للدولة، وطلب مقدم من النائبة هند جوزيف، وأكثر من عشرين عضوًا، بشأن إعادة هيكلة الشركات التابعة لوزارة قطاع الأعمال العام، وطلب مقدم من النائب هشام الحاج علي، وأكثر من عشرين عضوًا، حول استراتيجية تطوير واستغلال الأصول العقارية لقطاع الأعمال العام في تنمية ودعم الاقتصاد الوطني، مع التركيز على تعزيز مشاركة القطاع الخاص في سد العجز في عدد الغرف الفندقية، لدعم وتنشيط السياحة الداخلية والخارجية.
وأضافت ""فوزي""، أن اعادة الهيكلة تفتح المجال أمام فرص استثمارية جديدة وتُسهم في دعم الاقتصاد الوطني، وتحقيق معدلات نمو أعلى، وعلى جانب آخر، ويمكن تعزيز مشاركة القطاع الخاص في تطوير قطاع الأعمال العام، خصوصاً في مجال السياحة والفنادق، من خلال توفير بيئة استثمارية محفزة تتضمن تسهيلات مالية وتشريعية، كما يُمكن عقد شراكات استراتيجية بين القطاعين العام والخاص لإدارة وتطوير المنشآت السياحية والفندقية.
وتابعت: من المهم في هذا الصدد تشجيع الابتكار وتبني التكنولوجيا الحديثة لتحسين جودة الخدمات السياحية، كذلك، يجب دعم حملات ترويجية مشتركة لتنشيط السياحة الداخلية والخارجية، وأخيراً، فإن تدريب الكوادر البشرية وتأهيلها سيسهم في رفع كفاءة القطاع وتحقيق التنمية المستدامة.
وأشارت إلى أنه يأتي توطين التكنولوجيا الحديثة والتحول الأخضر كضرورة ملحة لشركات قطاع الأعمال العام في ظل التوجهات العالمية نحو التنمية المستدامة، ويساهم التحول الأخضر في خفض الانبعاثات وتحسين كفاءة استخدام الموارد، مما ينسجم مع مستهدفات الدولة البيئية، ومن خلال الابتكار والتكنولوجيا، تزداد تنافسية الشركات في الأسواق المحلية والعالمية، لذلك، من المهم مواءمة خطط التطوير في هذه الشركات مع رؤية الدولة لتحقيق الاستدامة وتعزيز الاقتصاد الأخضر.",https://www.youm7.com/story/2025/4/22/وكيل-الشيوخ-إعادة-هيكلة-شركات-قطاع-الأعمال-العام-تفتح-المجال/6962346,Youm7,2025-04-22 17:04:53
رئيس الوزراء يتابع مع وزير قطاع الأعمال مستجدات تطوير صناعة الغزل والنسيج,رئيس الوزراء يتابع مع وزير قطاع الأعمال مستجدات تطوير صناعة الغزل والنسيج,No date found,No date found,"التقى الدكتور مصطفى مدبولي، رئيس مجلس الوزراء، اليوم، محمد شيمي، وزير قطاع الأعمال العام؛ لمتابعة آخر المستجدات المتعلقة بتنفيذ المشروع القومي لتطوير صناعة الغزل والنسيج، بحضور أسامة بشاي، رئيس مجلس إدارة شركة ""أوراسكوم للإنشاءات"".
واستهل رئيس مجلس الوزراء الاجتماع بالإشارة إلى الأهمية الكبيرة التي تمثلها صناعة الغزل والنسيج في مصر، لافتا إلى أن هناك استراتيجية قومية لتطوير هذه الصناعة، وهناك متابعة دورية لتنفيذ هذا المشروع القومي، كما أن لدينا توجيها واضحا من فخامة السيد الرئيس عبد الفتاح السيسي، رئيس الجمهورية، بمواصلة خطة الدولة المصرية للنهوض بصناعة الغزل والنسيج في إطار التوجه التنموي الشامل الذي تنتهجه الدولة، بما يسهم في تعظيم الاستفادة من القدرات المصرية الكامنة في هذا الإطار، ومن ثم دعم الاقتصاد الوطني، خاصةً أن صناعة الغزل والنسيج تعد من الصناعات كثيفة العمالة.
وفي هذا الإطار، أشار الدكتور مصطفى مدبولي إلى أن انعقاد هذا الاجتماع يأتي في ضوء المتابعة المستمرة لمشروعات تطوير شركات الغزل والنسيج، والتي تتم من خلال عدة شركات منفذة، وذلك سعيا للوقوف على أي تحديات قد تواجه تنفيذ هذا المشروع القومي للتطوير، ومن ثم التغلب على هذه التحديات للانتهاء من تطوير صناعة الغزل والنسيج في أقرب وقت ممكن.
وخلال الاجتماع، أكد وزير قطاع الأعمال العام أهمية هذا المشروع الاستراتيجي، لتطوير صناعة الغزل والنسيج، الذي يُعد جزءًا أساسيًا من رؤية الدولة لتحديث وتطوير الصناعات الوطنية، بما يسهم في تعزيز الإنتاج المحلي ورفع كفاءة الشركات التابعة للوزارة، مشيرا إلى أن هذا المشروع يأتي في مقدمة أولويات خطة العمل، ويهدف إلى تحقيق نقلة نوعية في صناعة الغزل والنسيج في مصر.

	وأوضح الوزير أن مشروعات تطوير شركات الغزل والنسيج تسير على قدم وساق للانتهاء منها خلال الفترة المقبلة؛ موضحا أن هذه المشروعات تعتبر جزءاً مهماً من خطة الوزارة للنهوض بقطاع الأعمال العام، وتعمل الوزارة على تحقيق أهداف واضحة تتضمن تحسين الأداء وزيادة التنافسية للشركات التابعة.
ولفت وزير قطاع الأعمال  إلى استهداف الوزارة، من خلال الاستراتيجية التي تتبناها خلال الفترة 2024 -2027، تحقيق أعلى عائد لاستثمارات الدولة في شركات قطاع الأعمال العام؛ لتصبح داعمة للناتج القومي وزيادة قدراتها التنافسية محليا ودوليا.

	وفي ختام الاجتماع، وجه رئيس مجلس الوزراء بضرورة العمل على الانتهاء من المشروعات المنفذة وفقاً للتوقيتات المتفق عليها بين وزارة قطاع الأعمال العام والشركات المنفذة، في ضوء ما تمثله، تلك المشروعات من أهمية خاصة تسهم في دعم قطاع الغزل والنسيج.",https://www.youm7.com/story/2025/4/22/رئيس-الوزراء-يتابع-مع-وزير-قطاع-الأعمال-مستجدات-تطوير-صناعة/6962729,Youm7,2025-04-22 17:05:09
كاميرلينجو أمريكى.. قائم بأعمال الفاتيكان حتى انتخاب البابا الجديد,كاميرلينجو أمريكى.. قائم بأعمال الفاتيكان حتى انتخاب البابا الجديد,No date found,No date found,"بعد وفاة البابا فرنسيس، أمس الاثنين، أصبح الكاردينال الأمريكى كيفين فاريل، قائما بأعمال رئيس الفاتيكان حتى انتخاب بابا جديد، وهو ما يعرف بـ""كاميرلينجو"" الذى يتولى رئاسة الفاتيكان حتى يتم انتخاب بابا جديد.
والكاردينال كيفن فاريل، أصله من دبلن، حصل على الجنسية الأمريكية بعد سنوات طويلة من الخدمة فى الولايات المتحدة، وفقا لصحيفة إنفوباى الأرجنتينية.
ويشغل فاريل، وهو أسقف سابق لدالاس، منصب ""كاميرلينجو"" الذى يكلفه ""الإشراف على الممتلكات والحقوق الدنيوية للفاتيكان وإدارتها"" بعد وفاة أو استقالة البابا.
وتتمثل مهمة الكاميرلينجو فى ""التأكد رسميا من وفاة البابا""، ووضع الأختام على غرفة نومه، ودراسة أوراقه، وتجهيزات الجنازة، كما يكلف الكاميرلينجو باتخاذ الترتيبات العملية للاجتماع السرى، لضمان سرية الإجراءات والتصويت المنظم.
كما يترأس الكاميرلينجو مراسم إصدار شهادة الوفاة، مرتديا ثوب جوقة أبيض ووشاحا أحمر، وهى ""لحظة أولى من الصلاة"" عقب وفاة البابا، ووضع الجثمان فى نعش من الخشب والزنك، وفقا لكتاب لطقوس الجنازة البابوية الذى حدثه البابا فرنسيس العام الماضي.
ويحرر الكاميرلينجو ""وثيقة الوفاة الرسمية"" التى ترفق بشهادة الوفاة التى أعدها مدير إدارة الصحة والنظافة فى الفاتيكان.
وتقتصر صلاحيات الكاميرلينجو على الإدارة اليومية للفاتيكان، ويرأس لجنة من 3 كرادلة آخرين أثناء قيامه بمهامه، وفى حال وجود أمور خطيرة، يجب عليه التشاور مع الهيئة الأوسع للكرادلة.
وفاريل يبلغ من العمر 77 عاما ويحمل درجة ماجستير إدارة الأعمال من جامعة نوتردام بولاية إنديانا.
وفاريل هو أعلى أسقف أمريكى رتبة فى الإدارة المركزية للكنيسة، ويعرف بأنه صانع قرار ومنظم قوى، ويتمتع بميزة إجادته للغتين الإنجليزية والإسبانية، وهما اللغتان الأكثر انتشارا فى الكنيسة العالمية، ويعرف أيضا بتحدثه الإيطالية والأيرلندية.",https://www.youm7.com/story/2025/4/22/كاميرلينجو-أمريكى-قائم-بأعمال-الفاتيكان-حتى-انتخاب-البابا-الجديد/6962655,Youm7,2025-04-22 17:05:17
وزير التموين يؤكد دعم الحكومة الصناعات والمشروعات الصغيرة والمتوسطة,وزير التموين يؤكد دعم الحكومة الصناعات والمشروعات الصغيرة والمتوسطة,No date found,No date found,"ترأس الدكتور شريف فاروق وزير التموين والتجارة الداخلية، اجتماع مجلس إدارة اللجنة العامة للمساعدات الأجنبية التابعة للوزارة، في إطار الحرص على تعظيم الاستفادة من آليات التعاون الدولي، وتعزيز الشراكة مع القطاع الخاص في تنفيذ المشروعات التنموية، إلى جانب دعم تدفق الاستثمارات الأجنبية، وتنسيق الجهود بين الجهات المختلفة بما يسهم في تحقيق أولويات التنمية المستدامة، وذلك بحضور اللواء احمد فتحي -نائب رئيس اللجنة العامة للمساعدات الأجنبية، واحمد كمال معاون الوزير المتحدث الرسمي ، وأعضاء مجلس إدارة اللجنة ممثلى الوزارات والهيئات المختلفة.
واستعرض وزير التموين أبرز إنجازات اللجنة في الفترة الأخيرة، مشيدًا بالدور الفعال الذي تقوم به اللجنة في تنسيق جهود التعاون مع الشركاء الدوليين والقطاع الخاص، بما يسهم في دعم البرامج التنموية ذات الأولوية.
وأكد الدكتور شريف فاروق على أهمية تعميق الشراكة مع القطاع الخاص في تنفيذ مشروعات اللجنة، مشيرًا إلى أن حجم الاستثمارات التي تم تنفيذها بالتعاون مع القطاع الخاص والاستثمارات الأجنبية بلغ نحو 576 مليون جنيه، مما يعكس ثقة المستثمرين والشركاء في البيئة الاستثمارية المصرية، ودور اللجنة في تهيئة المناخ الملائم لتنفيذ المشروعات التنموية.
وأوضح أن اللجنة تسعى إلى تعظيم الاستفادة من المساعدات الخارجية من خلال توجيهها إلى مشروعات ذات أثر مباشر ومستدام، خاصة في قطاعات الأمن الغذائي، ودعم الصناعات والمشروعات الصغيرة والمتوسطة.
وفي سياق متصل أطلع الدكتور شريف فاروق خلال الاجتماع على عددًا من الملفات الإستراتيجية، من بينها خطة اللجنة للتوسع في الشراكات الدولية، وآليات تسهيل وتعزيز مشاركة القطاع الخاص في تصميم وتنفيذ المبادرات التنموية، بما يتماشى مع رؤية مصر 2030.
وفي ختام الاجتماع، شدد الوزير على أهمية استمرار التنسيق بين الجهات المختلفة لضمان التكامل وتحقيق أقصى استفادة ممكنة من الموارد المتاحة.",https://www.youm7.com/story/2025/4/22/وزير-التموين-يؤكد-دعم-الحكومة-الصناعات-والمشروعات-الصغيرة-والمتوسطة/6962688,Youm7,2025-04-22 17:05:27
الأردن يجدد رفضه التام لأية محاولات لتهجير الفلسطينيين من الضفة أو غزة,الأردن يجدد رفضه التام لأية محاولات لتهجير الفلسطينيين من الضفة أو غزة,No date found,No date found,"استقبل العاهل الأردني، الملك عبدالله الثاني في قصر الحسينية، اليوم الثلاثاء، وفدا من مساعدي أعضاء مجلسي الشيوخ والنواب في الكونجرس الأمريكي.
وبحسب وكالة الأنباء الأردنية، شدد الملك عبد الله على ضرورة استعادة وقف إطلاق النار في غزة، واستئناف إيصال المساعدات الإنسانية.
وحذر من خطورة استمرار التصعيد في الضفة الغربية، والانتهاكات للمقدسات في القدس، مؤكدا رفض الأردن لأية محاولات لتهجير الفلسطينيين في الضفة الغربية وغزة.
وتم بحث الشراكة الاستراتيجية بين البلدين، والدور المحوري للولايات المتحدة في المنطقة، خلال اللقاء بحضور كل من الأمير الحسين بن عبدالله الثاني ولي العهد، ونائب رئيس الوزراء ووزير الخارجية وشؤون المغتربين أيمن الصفدي، ومدير مكتب الملك، المهندس علاء البطاينة.",https://www.youm7.com/story/2025/4/22/الأردن-يجدد-رفضه-التام-لأية-محاولات-لتهجير-الفلسطينيين-من-الضفة/6962689,Youm7,2025-04-22 17:05:37
رئيس الوزراء: مشروع رأس الحكمة يدعم جهود الدولة لتطوير قطاع السياحة,رئيس الوزراء: مشروع رأس الحكمة يدعم جهود الدولة لتطوير قطاع السياحة,No date found,No date found,"عقد اليوم الثلاثاء، الدكتور مصطفى مدبولي، رئيس مجلس الوزراء، اجتماعًا لاستعراض مُستجدات تنفيذ مشروع مدينة ""رأس الحكمة"" بالساحل الشمالي الغربي، وذلك بحضور جاسم الزعابي، رئيس مجلس إدارة مجموعة ""مُدن القابضة""، والوفد المرافق له.
وفي مستهل الاجتماع، أعرب رئيس مجلس الوزراء عن تقديره للتعاون القائم بين الجانبين لمتابعة تنفيذ مشروع مدينة رأس الحكمة، مؤكدًا اهتمام الدولة المصرية بمتابعة تنفيذ المشروع وفقًا للتوقيتات والجداول الزمنية المُحددة، ودعمه الكامل لأي إجراءات من شأنها تسريع وتيرة تنفيذ المشروع، وذلك في إطار اهتمام الدولة بتطوير منطقة الساحل الشمالي الغربي.
كما أكد الدكتور مصطفى مدبولي، أن مشروع رأس الحكمة سيمثل طفرة كبيرة في مجال تطوير المنطقة، بما يدعم جهود الدولة لتطوير قطاع السياحة وزيادة أعداد السائحين الوافدين وأعداد الغرف الفندقية، مشيرًا إلى أن هذا المشروع المهم يعكس مدى عمق العلاقات بين الدولتين الشقيقتين مصر والامارات، وحرص قادة البلدين على تعزيز وتعميق التعاون في مختلف المجالات.
بدوره، أعرب جاسم الزعابي، رئيس مجلس إدارة مجموعة ""مُدن القابضة"" عن تقديره لرئيس الوزراء لدعمه إنجاز المشروع، مستعرضًا جهود الشركة خلال الفترة الماضية لمتابعة تنفيذ المشروع، من خلال البدء في وضع المخطط العام للمشروع بكل ما يحتويه من مرافق وخدمات تعكس أرقى معايير التصميم على مستوى العالم، بما يجعل المشروع نقطة جذب سياحي واعدة في منطقة البحر المتوسط.
وفي ختام اللقاء، أبدى رئيس الوزراء تقديره لحجم المجهود المبذول من جانب الشركة، مشيدًا بما اطلع عليه من تصميم لمشروع رأس الحكمة، وهو ما يجعل من المنطقة نقطة جذب سياحي واعدة، مؤكدًا استمرار التنسيق والمتابعة مع الجانب الإماراتي الشقيق لتنفيذ هذا المشروع الهام.",https://www.youm7.com/story/2025/4/22/رئيس-الوزراء-مشروع-رأس-الحكمة-يدعم-جهود-الدولة-لتطوير-قطاع/6962678,Youm7,2025-04-22 17:05:46
ممثل الصحة العالمية: الأدوية واللقاحات المصرية تتمتع بفعالية ومأمونية عالية,ممثل الصحة العالمية: الأدوية واللقاحات المصرية تتمتع بفعالية ومأمونية عالية,No date found,No date found,"قال الدكتور نعمة عبد ممثل منظمة الصحة العالمية فى مصر: ""لا يمكن أن يكون هناك تغطية صحية شاملة بدون وجود نظام إمداد فعال لتوصيل الأدوية والمستلزمات إلى المريض""، موضحا أن كل الإجراءات والتداخلات الهدف منها هو خدمة المواطن وأن تصل إليه بفعالية وبأسعار مناسبة.
وأوضح، أن ""الدروس التى استفدناها خلال جائحة كورونا، إن مصر لم تنتج فقط الدواء ولكن أيضا المستلزمات واللقاحات وأحب أن شيد بـ هيئة الدواء المصرية، وأصبحت مصر الدولة الأولى فى قارة أفريقيا التى تحصل على درجة النضج من المرحلة الثالثة فى إنتاج اللقاحات والأدوية، وهذا يعطى ضمان أن المنتج المصرى من الأدوية واللقاحات له فعالية ومأمونية عالية ويمكن تصديره إلى دول العالم"".
وقال، إن ""ما لفت انتباهى التطور الكبير الذى حدث من إنشاء الهيئة العامة للرعاية الصحية إلى الآن فى مجال الإمداد الدوائى والذى يسهم فى تقديم خدمة كبيرة للمواطن المصرى بكفاءة عالية"".
وأوضح، أن منظمة الصحة العالمية هى داعمة لكل هذه البرامج وواحدة من البرامج المهمة كيفية الحصول على الأدوية والمستلزمات الطبية وهى تشمل التصنيع إلى أن تصل إلى المخازن وحتى تصل إلى المواطن، واستخدام التكنولوجيا فى إدارة سلسلة الإمداد، مؤكدا أن الدروس التى استفدناها خلال جائحة كورونا هو ليس فقط تصنيع الدواء ولكن أيضا المستلزمات واللقاحات.",https://www.youm7.com/story/2025/4/22/ممثل-الصحة-العالمية-الأدوية-واللقاحات-المصرية-تتمتع-بفعالية-ومأمونية-عالية/6962651,Youm7,2025-04-22 17:05:55
وزير التموين: موسم توريد القمح المحلى لعام 2025 يشهد انطلاقة قوية,وزير التموين: موسم توريد القمح المحلى لعام 2025 يشهد انطلاقة قوية,No date found,No date found,"أكد الدكتور شريف فاروق وزير التموين والتجارة الداخلية، أن موسم توريد القمح المحلي لعام 2025 يشهد انطلاقة قوية تعكس حرص الدولة على دعم الفلاح المصري وتحقيق الأمن الغذائى، حيث تم تحديد سعر توريد مغرٍ وعادل يتجاوز السعر العالمي، بما يضمن عائدًا مجزيًا للفلاح ويشجعه على التوريد.
وأشار فاروق إلى أن كافة المؤشرات حتى الآن تدعو إلى التفاؤل والثقة بتحقيق المستهدف من الكميات الموردة، مؤكداً إلى أن الدولة سخّرت جميع إمكانياتها لإنجاح الموسم، من خلال جاهزية نقاط الاستلام وتوفير كل التيسيرات اللازمة للمزارعين.
وأكد الدكتور شريف فاروق، نحن نعتمد على منظومة قوية تضم جميع الجهات المسوقة، وفي مقدمتها جهاز مستقبل مصر للتنمية المستدامة، بالإضافة إلى الشركة القابضة للصوامع والتخزين، وشركات المطاحن التابعة للشركة القابضة للصناعات الغذائية، والبنك الزراعي المصري، حيث تعمل جميعها بتناغم كامل لضمان انسيابية عمليات التوريد على مستوى الجمهورية.
وأوضح الدكتور شريف فاروق، أن الوزارة قامت بتجهيز أكثر من 420 نقطة تجميع واستلام لتقليل عبء النقل عن المزارعين وتسهيل عمليات التسليم، مؤكدًا أنه سيتم صرف المستحقات المالية للموردين خلال 48 ساعة فقط من تاريخ التوريد، وذلك في إطار حرص الدولة على دعم الفلاح المصري وتحقيق الاستقرار له.
ولفت الوزير إلى أنه تم تشكيل غرفة عمليات مركزية بالوزارة تعمل على مدار الساعة لمتابعة الموقف أولاً بأول، بالإضافة إلى غرف عمليات في جميع مديريات التموين لمتابعة التنفيذ ميدانيًا والتعامل الفوري مع أى تحديات، كما شدد الدكتور شريف فاروق بأننا أمام موسم واعد يحمل الخير للفلاح والدولة معًا، وندعو جميع المزارعين إلى سرعة التوريد والاستفادة من السعر المجزي والخدمات المقدمة، دعمًا لمخزوننا الاستراتيجي وتحقيقًا لأمننا الغذائي الوطني.",https://www.youm7.com/story/2025/4/22/وزير-التموين-موسم-توريد-القمح-المحلى-لعام-2025-يشهد-انطلاقة/6962668,Youm7,2025-04-22 17:06:07
"رئيس الوزراء يتابع مستجدات تنفيذ مشروع مدينة ""رأس الحكمة""","رئيس الوزراء يتابع مستجدات تنفيذ مشروع مدينة ""رأس الحكمة""",No date found,No date found,"عقد اليوم الدكتور مصطفى مدبولي، رئيس مجلس الوزراء، اجتماعًا لاستعراض مُستجدات تنفيذ مشروع مدينة ""رأس الحكمة"" بالساحل الشمالي الغربي، وذلك بحضور جاسم الزعابي، رئيس مجلس إدارة مجموعة ""مُدن القابضة""، والوفد المرافق له.
وفي مستهل الاجتماع، أعرب رئيس مجلس الوزراء عن تقديره للتعاون القائم بين الجانبين لمتابعة تنفيذ مشروع مدينة رأس الحكمة، مؤكدًا اهتمام الدولة المصرية بمتابعة تنفيذ المشروع وفقًا للتوقيتات والجداول الزمنية المُحددة، ودعمه الكامل لأي إجراءات من شأنها تسريع وتيرة تنفيذ المشروع، وذلك في إطار اهتمام الدولة بتطوير منطقة الساحل الشمالي الغربي.
كما أكد الدكتور مصطفى مدبولي أن مشروع رأس الحكمة سيمثل طفرة كبيرة في مجال تطوير المنطقة، بما يدعم جهود الدولة لتطوير قطاع السياحة وزيادة أعداد السائحين الوافدين وأعداد الغرف الفندقية، مشيرًا إلى أن هذا المشروع المهم يعكس مدى عمق العلاقات بين الدولتين الشقيقتين مصر والامارات، وحرص قادة البلدين على تعزيز وتعميق التعاون في مختلف المجالات.
بدوره، أعرب جاسم الزعابي، رئيس مجلس إدارة مجموعة ""مُدن القابضة"" عن تقديره لرئيس الوزراء لدعمه إنجاز المشروع، مستعرضًا جهود الشركة خلال الفترة الماضية لمتابعة تنفيذ المشروع، من خلال البدء في وضع المخطط العام للمشروع بكل ما يحتويه من مرافق وخدمات تعكس أرقى معايير التصميم على مستوى العالم، بما يجعل المشروع نقطة جذب سياحي واعدة في منطقة البحر المتوسط.
وفي ختام اللقاء، أبدى رئيس الوزراء تقديره لحجم المجهود المبذول من جانب الشركة، مشيدًا بما اطلع عليه من تصميم لمشروع رأس الحكمة، وهو ما يجعل من المنطقة نقطة جذب سياحي واعدة، مؤكدًا استمرار التنسيق والمتابعة مع الجانب الإماراتي الشقيق لتنفيذ هذا المشروع الهام.",https://www.youm7.com/story/2025/4/22/رئيس-الوزراء-يتابع-مستجدات-تنفيذ-مشروع-مدينة-رأس-الحكمة/6962664,Youm7,2025-04-22 17:06:17
إيطاليا تعلن الحداد الوطنى لمدة خمسة أيام بعد وفاة البابا فرانسيس,إيطاليا تعلن الحداد الوطنى لمدة خمسة أيام بعد وفاة البابا فرانسيس,No date found,No date found,"أعلنت الحكومة الإيطالية اليوم، الثلاثاء، الحداد الوطنى لمدة خمسة أيام بعد وفاة بابا الفاتيكان البابا فرانسيس، الذى توفى أمس الاثنين عن عمر يناهز 88 عاما، وفقا لصحيفة المساجيرو الإيطالية.
وأشارت الصحيفة، إلى أنه المقرر أن يستمر الحداد حتى يوم السبت المقبل، حيث ستقام جنازة البابا الراحل خارج كنيسة القديس بطرس.
وكان الفاتيكان قد أعلن أمس، الإثنين، وذلك بعد مرور يوم واحد على دعوة البابا إلى إنهاء الحرب فى كل من أوكرانيا وقطاع غزة، وذلك خلال كلمته فى قداس عيد الفصح بساحة القديس بطرس.
واعتبر البابا أن عيد الفصح فرصة مناسبة للدعوة إلى تحرير أسرى الحرب والإفراج عن السجناء السياسيين، وظهر البابا وهو جالس على كرسى متحرك ويبدو متعبا، ولكنه تمكن من التلويح للحشود المتجمعة فى ساحة القديس بطرس، حيث هنأ الجميع بحلول عيد الفصح وتمنى لهم قضاء عيد سعيد.",https://www.youm7.com/story/2025/4/22/إيطاليا-تعلن-الحداد-الوطنى-لمدة-خمسة-أيام-بعد-وفاة-البابا/6962639,Youm7,2025-04-22 17:06:26
تقديم الساعة 60 دقيقة.. مجلس الوزراء: بدء التوقيت الصيفي الخميس المقبل,تقديم الساعة 60 دقيقة.. مجلس الوزراء: بدء التوقيت الصيفي الخميس المقبل,No date found,No date found,أعلن مجلس الوزراء عن بدء العمل بـ التوقيت الصيفي الخميس المقبل بـ تقديم الساعة 60 دقيقة، عند الساعة 12 صباحاً.,https://www.youm7.com/story/2025/4/22/تقديم-الساعة-60-دقيقة-مجلس-الوزراء-بدء-التوقيت-الصيفي-الخميس/6962616,Youm7,2025-04-22 17:06:36
وزير الخارجية: مصر ستواصل تقديم كافة أوجه الدعم للبنان,وزير الخارجية: مصر ستواصل تقديم كافة أوجه الدعم للبنان,No date found,No date found,"استقبل بدر عبد العاطي وزير الخارجية والهجرة اليوم الثلاثاء، يوسف رجي وزير الخارجية والمغتربين بالجمهورية اللبنانية الشقيقة.
ثمّن الوزير عبد العاطي العلاقات الأخوية والتاريخية التي تجمع مصر ولبنان، مؤكدًا على ما توليه مصر من أولوية لدعم الأمن والاستقرار بلبنان الشقيق وتضامنها الكامل معه في ظل التحديات التى يواجهها، مشددًا على أن مصر ستواصل تقديم كافة أوجه الدعم للبنان الشقيق وحكومته ومؤسساته الوطنية من أجل تحقيق الأمن والاستقرار، مؤكدًا على مساندة مصر للأولويات الوطنية اللبنانية الهادفة لتحقيق تطلعات الشعب اللبناني الشقيق، واستعداد مصر للعمل مع الجانب اللبناني لتحقيقها.
وأعرب وزير الخارجية عن تطلع مصر للارتقاء  بالتعاون الثنائي في كافة المجالات، مشيرًا إلى التطلع لانعقاد اللجنة المشتركة العليا بين البلدين على مستوى رئيسي الوزراء بالقاهرة في أقرب وقت، وتكثيف التعاون الاقتصادي بين البلدين الشقيقين، منوهًا إلى استعداد الشركات المصرية للمساهمة بفاعلية في عملية إعادة الإعمار في لبنان.
وأعرب الوزير عبد العاطي عن إدانة مصر الكاملة للاعتداءات الإسرائيلية على لبنان، مشددًا على رفض مصر المساس بسيادة لبنان وسلامة أراضيه، مؤكدًا ضرورة تنفيذ اتفاق وقف الأعمال العدائية، والانسحاب الفوري غير المنقوص للقوات الإسرائيلية من جنوب لبنان، وتطبيق القرار 1701 من جانب كل الأطراف دون انتقائية، بما يحفظ للبنان سيادته ووحدته وأمنه واستقراره.
كما تطرق الوزيران إلى عدد من القضايا الإقليمية تشمل التطورات في كل من غزة وسوريا، حيث استعرض الوزير عبد العاطي الجهود التي تبذلها مصر لاستئناف تنفيذ اتفاق وقف إطلاق النار في قطاع غزة، بما يسهم في تحقيق التهدئة واستعادة نفاذ المساعدات الإنسانية والإغاثية إلى قطاع غزة. كما تناول الخطة العربية - الإسلامية للتعافي المبكر وإعادة الإعمار بوجود الفلسطينيين على أرضهم والتحركات المقبلة لدعم الخطة مع الفاعلين الدوليين، متناولًا في هذا الصدد الجهود الخاصة باستضافة مصر لمؤتمر دولي لإعادة الإعمار في غزة بالتعاون مع الحكومة الفلسطينية والأمم المتحدة.
كما أكد وزير الخارجية حرص مصر على دعم الشعب السوري الشقيق واحترام سيادة ووحدة وسلامة الأراضي السورية، وأن تكون سوريا مصدر استقرار بالمنطقة.",https://www.youm7.com/story/2025/4/22/وزير-الخارجية-مصر-ستواصل-تقديم-كافة-أوجه-الدعم-للبنان/6962594,Youm7,2025-04-22 17:06:44
ممثل الصحة العالمية: مصر تعمل على توطين صناعة الأدوية واللقاحات والتشخيصات,ممثل الصحة العالمية: مصر تعمل على توطين صناعة الأدوية واللقاحات والتشخيصات,No date found,No date found,"قال الدكتور نعمة عبد ممثل منظمة الصحة العالمية فى مصر ، خلال المنتدى الأول لـ الإمداد الطبى، إن القوى العاملة عامل رئيسي في أداء سلسلة التوريد، لذا، هناك حاجة ماسة للتدريب قبل الخدمة وأثناءها، والتدريب المهني المستمر.
وأضاف، إن مصر تعمل على توطين إنتاج الأدوية والعلاجات، والتشخيصات، وكذلك اللقاحات،موضحا، إنه يجب أن يتم إنشاء خطوط إنتاج مرنة قادرة على تلبية الطلبات المتغيرة، لذا، ينبغي على الدول أيضًا الاستثمار في سلسلة التوريد الرقمية، تُعدّ التقنيات اللازمة لتعزيز وضوح تنسيقنا عبر مختلف المناطق والقطاعات، والاستعداد للطوارئ، أمرًا بالغ الأهمية لتجنب أي آثار مرتبطة بحالات الطوارئ، وللتعاون الدولي وفرنا منصة للتعاون الإقليمي، كما يُعدّ التواصل الشامل والديناميكي بشأن المخاطر أمرًا بالغ الأهمية، وأخيرًا وليس آخرًا، الشراكة بين القطاعين العام والخاص أمر هام جدا، كما يجب التركيز على الصحة الرقمية، وسلسلة التوريد، والإنتاج المحلي.
وأضاف، لقد مهدنا الطريق لنظام رعاية صحية أكثر مرونة في المستقبل، مؤكدا، إن الأسبوع الماضي الدول الأعضاء تكاد تتفق على اتفاقية الجائحة، بعد 3 سنوات من المفاوضات، عُقدت 13 جلسة، بالمناسبة، يُمثل منطقة شرق المتوسط السفير عمرو رمضان من مصر، ونأمل أن يتم اعتماد اتفاقية الجاحة من قِبل جمعية الصحة العالمية المقبلة خلال شهر مايو القادم.
تتعلق المادة 13 من اتفاقية الجائحة بسلسلة التوريد والخدمات اللوجستية الإجمالية، نظرًا لأهمية سلسلة التوريد والاستجابة للجائحة.",https://www.youm7.com/story/2025/4/22/ممثل-الصحة-العالمية-مصر-تعمل-على-توطين-صناعة-الأدوية-واللقاحات/6962520,Youm7,2025-04-22 17:06:52
"""صناعة النواب"" توافق نهائيا على تعديل قانون الثروة المعدنية","""صناعة النواب"" توافق نهائيا على تعديل قانون الثروة المعدنية",No date found,No date found,"وافقت لجنة الصناعة بمجلس النواب، برئاسة النائب محمد مصطفى السلاب، نهائيا على مشروع تعديل قانون الثروة المعدنية، والمقدم من النائب محمد إسماعيل، عضو تنسيقية شباب الأحزاب والسياسيين.
جاء ذلك بحضور المستشار محمود فوزي، وزير الشئون النيابية والقانونية والتواصل السياسي، والمستشار محمد عبد العليم كفافي، المستشار القانوني لرئيس مجلس النواب، وممثلين عن عدد من الوزارات والجهات المعنية.
ويقضي مشروع تعديل قانون هيئة الثروة المعدنية، بتحويل الهيئة المصرية العامة للثروة المعدنية إلى هيئة عامة اقتصادية، لتحقيق استقلالية القرار المالي والإداري للهيئة، بما يدعم تطوير قطاع التعدين، وتعظيم العوائد الاقتصادية له.
وخلال الاجتماع استعرض النائب محمد إسماعيل، مقدم مشروع القانون، مؤكدا أن يستهدف في الأساس تحويل الهيئة إلى هيئة عامة اقتصادية، بما يساهم في دعم الاقتصاد الوطني، مشيرا إلى أن دعم هيئة الثروة المعدنية يساهم في تحريرها من القيود، ومن ثم المساهمة في دعم الاقتصاد الوطني، مؤكدا أن تحويل هيئة الثروة المعدنية إلى هيئة اقتصادية يعمل على رفع الناتج المحلي لقطاع التعدين في الناتج المحلي الإجمالي، وزيادة الاستثمارات، وكذلك رفع الإيرادات الحكومية، وتوفير أكثر من 150 ألف فرصة عمل.
وأكد النائب محمد مصطفى السلاب، رئيس لجنة الصناعة بمجلس النواب، أهمية مشروع القانون، بما يساهم في النهوض بقطاع التعدين في مصر، مشيرا إلى أن مصر تمتلك خيرات كثيرة في باطن الأرض، وفي حاجة إلى حسن استغلالها وإدارتها بصورة أكثر كفاءة، بما يساهم في دعم الاقتصاد الوطني.
وأشاد النائب بمشروع القانون الذي بتحويل هيئة الثروة المعدنية إلى هيئة عامة اقتصادية، مؤكدا أن ذلك يحقق الاستقلالية، ومن ثم تحقيق المستهدفات المطلوبة.
من جانبه أكد المستشار محمود فوزي، وزير الشئون النيابية والقانونية والتواصل السياسي، موافقة الحكومة على مشروع القانون المقدم من النائب بشأن تعديل قانون الهيئة العامة للثروة المعدنية.
وأشار إلى أن وزير البترول بصفته المعني بهذا الملف، أعلن الاكتفاء بمشروع القانون المقدم من مجلس النواب، وسحب الطلب المقدم إلى وزارة العدل بإعداد مشروع القانون، مؤكدا أن الموافقة على مشروع القانون يأتي في إطار التكامل بين السلطتين التنفيذية والتشريعية، مشيرا إلى أن قطاع التعدين في مصر يحظى باهتمام كبير، لما يمثله من أهمية اقتصادية كبيرة لصالح الدولة المصرية.
فيما عبر أعضاء لجنة الصناعة بمجلس النواب، عن ترحيبهم بمشروع القانون، مؤكدين أن تحويل هيئة الثروة المعدنية إلى هيئة اقتصادية، من شأنها النهوض بقطاع التعدين في مصر، وزيادة مساهمته في دعم الاقتصاد الوطني.",https://www.youm7.com/story/2025/4/22/صناعة-النواب-توافق-نهائيا-على-تعديل-قانون-الثروة-المعدنية/6962584,Youm7,2025-04-22 17:07:04
"لوحة سيارة رقمها ""ب ن- 3” سعرها تخطى 3 ملايين جنيه بمزاد اللوحات","لوحة سيارة رقمها ""ب ن- 3” سعرها تخطى 3 ملايين جنيه بمزاد اللوحات",No date found,No date found,"أعلنت بوابة مرور مصر الإلكترونية، الآن عن مزايدة على لوحة سيارة مميزة، سعرها وصل 3 ملايين و250 ألف جنيه، تحمل نمر ( ب ن- 3) ويزايد عليها حتى الآن 6 أشخاص.
وأتاحت لجميع المواطنين الدخول فى مزاد للحصول على لوحة معدنية مميزة للسيارات من خلال عرض مجموعة من أرقام اللوحات المعدنية الخاصة بالمركبات، ويتم الحصول عليها من خلال الخطوات التالية:
1 - الدخول على الموقع من بوابة مرور مصر الإلكترونية ثم الضغط على لوحتك.
2- تسجيل الدخول على الموقع أولاً عن طريق إدخال البيانات المطلوبة بشكل صحيح في الحقول التي ستظهر لك، ثم الضغط على تسجيل الدخول.
4- كتابة أرقام وحروف لوحتك التي ترغب بشرائها، ثم الضغط على ""بحث"".
5- يتم إرسال طلبك لإدارة الموقع، ويتم إدراجها في اللوحات المتاحة للمزاد في أقرب وقت.
6- في حالة الفوز باللوحة، يمكنك الدفع عن طريق بطاقتك الائتمانية، أو سداد نقدي في أحد فروع البنوك.",https://www.youm7.com/story/2025/4/22/لوحة-سيارة-رقمها-ب-ن-3”-سعرها-تخطى-3-ملايين/6962578,Youm7,2025-04-22 17:07:10
حفل صاخب وخمور وأنغام عربية.. نتنياهو وزوجته يحتفلان بزفاف نجلهما (فيديو),حفل صاخب وخمور وأنغام عربية.. نتنياهو وزوجته يحتفلان بزفاف نجلهما (فيديو),No date found,No date found,"في حفل صاخب وعلى الأنغام العربية، نظم رئيس وزراء الاحتلال بنيامين نتنياهو وزوجته سارة، احتفالا بمناسبة زواج نجله أفنير وخطيبته سارة، رغم اشتعال الاحتجاجات المطالبة بوقف الحرب والتوصل إلى صفقة شاملة لتبادل الأسرى والرهائن المحتجزين في غزة.
وبحسب مصور إسرائيلي، الذي نشر الصور وتداولها العديد من رواد مواقع التواصل الاجتماعي، فإن نتنياهو أقام عشاء ثاني بمناسبة تسلم السفير الأمريكي الجديد عمله- في منزل سيمون باليك، وتم إخفاء الحفل عن الجمهور"".
و""سيمون باليك"" رجل أعمال أمريكي ذو مصالح سياسية وتجارية في إسرائيل يستضيف ويدلل عائلة نتنياهو في القدس وميامي.
وأكد الصحفي الإسرائيلي، أن ""سارة نتنياهو أصبحت ضيفة معتادة في مصنع خمور بمنطقة ""ساغوت"" في بار ميتزفاه لتقديم الخمور في حفل زفاف ابنها "" أفنير"".
واحتشد آلاف الإسرائيليين وسط تل أبيب للمطالبة بإقالة رئيس وزراء الاحتلال الإسرائيلي بنيامين نتنياهو، بسبب إصراره على الاستمرار في الحرب على غزة، ورفض اتفاقيات تقضى بتبادل الأسرى والرهائن المحتجزين في القطاع منذ السابع من أكتوبر 2023، كما تأتي المظاهرات على خلفية مذكرة الدفاع التي قدمها رئيس الشاباك.",https://www.youm7.com/story/2025/4/22/حفل-صاخب-وخمور-وأنغام-عربية-نتنياهو-وزوجته-يحتفلان-بزفاف-نجلهما/6962552,Youm7,2025-04-22 17:07:18
القوات المسلحة تحتفل بتخريج الدفعة (167) من كلية الضباط الاحتياط,القوات المسلحة تحتفل بتخريج الدفعة (167) من كلية الضباط الاحتياط,No date found,No date found,"احتفلت القوات المسلحة بتخريج الدفعة (167) من كلية الضباط الاحتياط بعد انتهاء فترة دراستهم بالكلية لينضموا إلى صفوف القوات المسلحة كضباط مقاتلين يحملون أمانة الدفاع عن الوطن وصون مقدساته والذى يأتى تزامنًا مع احتفالات مصر والقوات المسلحة بالذكرى (43) لتحرير سيناء.
بدأت مراسم الاحتفال بعرض المهارات الرياضية وفنون الدفاع عن النفس والقتال المتلاحم والتى عكست الكفاءة القتالية وقوة التحمل العالية التى اكتسبها الطلبة طوال فترة دراستهم بالكلية، تلى ذلك عرض المهارات الفنية باستخدام السلاح أظهر مدى التوافق الذهنى والانضباط العسكرى الراقى.
واختتمت العروض بالعرض العسكرى بمشاركة مجموعات من طلبة الكلية يتقدمهم حملة الإعلام وعزفت الموسيقات العسكرية سلام الشهيد.
وأعلن كبير معلمى كلية الضباط الاحتياط نتيجة التخرج، أعقبها إعلان قرار التعيين ومنح الأنواط لأوائل الخريجين وعلى هامش الاحتفال تم عرض فيلمًا تسجيليًا عن نقيب شهيد / ابراهيم السيد عواد أحد أبطال القوات المسلحة المشاركين فى حرب أكتوبر المجيدة والذى أطلق إسمه على الدفعة (167) ضباط احتياط.
وألقى اللواء أركان حرب بهاء السيد عبدالرحيم مدير كلية الضباط الاحتياط كلمة أشار خلالها إلى الاهتمام الكبير الذى توليه القيادة العامة للقوات المسلحة بتوفير كافة الإمكانات العلمية والثقافية لإعداد أجيال جديدة من الخريجين المؤهلين وفقًا لمنظومة علمية ومعايير دقيقة ليكونوا خير نموذج للشباب المصرى القادر على حماية الوطن وصون مقدساته.
حضر فعاليات الاحتفال اللواء أركان حرب أسامة نجا مساعد وزير الدفاع وعددًا من قادة القوات المسلحة وعددًا من قدامى مديرى كلية الضباط الاحتياط وأسر الخريجين.",https://www.youm7.com/story/2025/4/22/القوات-المسلحة-تحتفل-بتخريج-الدفعة-167-من-كلية-الضباط-الاحتياط/6962553,Youm7,2025-04-22 17:07:33
وزير خارجية لبنان: حصر السلاح بيد مؤسسات الدولة مطلب شعبى,وزير خارجية لبنان: حصر السلاح بيد مؤسسات الدولة مطلب شعبى,No date found,No date found,"قال يوسف رجي وزير الخارجية اللبناني، إن مصر شعبا وقيادة في قلب لبنان، معربا عن امتنانه وشكره العميقين لمصر تحت قيادة فخامة الرئيس عبد الفتاح السيسي لدعمه المطلق والكامل للبنان، خصوصا فيما يخص الجهود الدبلوماسية لإزالة الاحتلال الإسرائيلي من جنوب لبنان.
ردا على سؤال حول حصر السلاح بيد الدولة اللبنانية، أضاف وزير الخارجية اللبناني خلال مؤتمر صحفى مشترك مع بدر عبد العاطي: ""هذا المطلب ليس دولى بل لبناني من الدولة والشعب اللبناني، ولكن سياسة الحكومة حاليا هي سياسة تعتمد على الحكمة والنظر إلى أفضل سبيل لتحقيق هذا الهدف"".",https://www.youm7.com/story/2025/4/22/وزير-خارجية-لبنان-حصر-السلاح-بيد-مؤسسات-الدولة-مطلب-شعبى/6962539,Youm7,2025-04-22 17:07:41
مساعد رئيس هيئة الدواء: مصر تصدر لـ147 دولة فى العالم منها عقاقير كورونا,مساعد رئيس هيئة الدواء: مصر تصدر لـ147 دولة فى العالم منها عقاقير كورونا,No date found,No date found,"قال الدكتور ياسين رجائى مساعد رئيس هيئة الدواء المصرية، ، إن سوق الدواء في مصر تجاوز حاجز 300 مليار جنيه، موضحًا أن القطاع الحكومي وحده يمثل نحو 94 مليار جنيه، مقارنةً بـ69 مليار جنيه فقط في عام 2023.
وأشار رجائي خلال كلمته بالمنتدى الأول للإمداد الطبى للهيئة العامة للرعاية الصحية، إلى أن هيئة الدواء المصرية وقعت عددًا من بروتوكولات التعاون مع كل من هيئة الرعاية الصحية وهيئة الشراء الموحد، لدعم القطاع الدوائي في مصر، مضيفا أن مصر تصدر أدوية إلى أكثر من 147 دولة حول العالم، لافتًا إلى أن نجاح البلاد في تصدير أدوية خاصة بفيروس كورونا أثناء الأزمة العالمية يعد دليلاً واضحًا على كفاءة الصناعة الدوائية المصرية.",https://www.youm7.com/story/2025/4/22/مساعد-رئيس-هيئة-الدواء-مصر-تصدر-لـ147-دولة-فى-العالم/6962467,Youm7,2025-04-22 17:07:49
الطقس غدا.. انخفاض تدريجى فى درجات الحرارة والعظمى بالقاهرة 35 درجة,الطقس غدا.. انخفاض تدريجى فى درجات الحرارة والعظمى بالقاهرة 35 درجة,No date found,No date found,"تتوقع الهيئة العامة للأرصاد الجوية أن يشهد غدا الأربعاء 23 أبريل 2025، انخفاض تدريجي فى درجات الحرارة على شمال البلاد حتى القاهرة الكبرى، ليسود طقس حار نهارا على القاهرة الكبرى والوجه البحرى والسواحل الشرقية ، معتدل الحرارة على السواحل الغربية، شديد الحرارة على جنوب سيناء وجنوب البلاد ، معتدل ليلاً على أغلب الأنحاء.
ويشهد غدا، نشاط رياح على بعض المناطق تكون مثيرة للرمال والأتربة على سيناء وسلاسل جبال البحر الأحمر.
وأوضحت هيئة الأرصاد درجات الحرارة العظمى والصغرى المتوقعة، غدًا، على النحو التالي:",https://www.youm7.com/story/2025/4/22/الطقس-غدا-انخفاض-تدريجى-فى-درجات-الحرارة-والعظمى-بالقاهرة-35/6962533,Youm7,2025-04-22 17:07:58
وزير الخارجية يجدد دعم مصر لمؤسسات الدولة اللبنانية لتحقيق الاستقرار,وزير الخارجية يجدد دعم مصر لمؤسسات الدولة اللبنانية لتحقيق الاستقرار,No date found,No date found,"جدد بدر عبدالعاطى وزير الخارجية، دعم مصر لمؤسسات الدولة اللبنانية الوطنية لتحقيق الاستقرار، مشددا على ضرورة دعم المجتمع الدولى للبنان.
أكد وزير الخارجية فى مؤتمر صحفى مشترك مع نظيره اللبنانى، استمرار الجهد المصرى الصادق والمستمر بالتعاون مع قطر والتنسيق مع الولايات المتحدة للعودة إلى اتفاق وقف إطلاق النار والعمل على حقن دماء الشعب الفلسطينى فى قطاع غزة، وتثبيت التهدئة والعمل على إطلاق سراح الرهائن والأسرى والنفاذ الكامل للمساعدات الإنسانية.",https://www.youm7.com/story/2025/4/22/وزير-الخارجية-يجدد-دعم-مصر-لمؤسسات-الدولة-اللبنانية-لتحقيق-الاستقرار/6962527,Youm7,2025-04-22 17:08:07
"رئيس الوزراء يتابع مستجدات تنفيذ مشروع مدينة ""رأس الحكمة""","رئيس الوزراء يتابع مستجدات تنفيذ مشروع مدينة ""رأس الحكمة""",No date found,No date found,"كتب- محمد سامي:
عقد اليوم الدكتور مصطفى مدبولي، رئيس مجلس الوزراء، اجتماعًا لاستعراض مُستجدات تنفيذ مشروع مدينة ""رأس الحكمة"" بالساحل الشمالي الغربي، وذلك بحضور جاسم الزعابي، رئيس مجلس إدارة مجموعة ""مُدن القابضة""، والوفد المرافق له.
وفي مستهل الاجتماع، أعرب رئيس مجلس الوزراء ،عن تقديره للتعاون القائم بين الجانبين لمتابعة تنفيذ مشروع مدينة رأس الحكمة، مؤكدًا اهتمام الدولة المصرية بمتابعة تنفيذ المشروع وفقًا للتوقيتات والجداول الزمنية المُحددة، ودعمه الكامل لأي إجراءات من شأنها تسريع وتيرة تنفيذ المشروع، وذلك في إطار اهتمام الدولة بتطوير منطقة الساحل الشمالي الغربي.
كما أكد الدكتور مصطفى مدبولي، أن مشروع رأس الحكمة سيمثل طفرة كبيرة في مجال تطوير المنطقة، بما يدعم جهود الدولة لتطوير قطاع السياحة وزيادة أعداد السائحين الوافدين وأعداد الغرف الفندقية، مشيرًا إلى أن هذا المشروع المهم يعكس مدى عمق العلاقات بين الدولتين الشقيقتين مصر والامارات، وحرص قادة البلدين على تعزيز وتعميق التعاون في مختلف المجالات.
بدوره، أعرب جاسم الزعابي، رئيس مجلس إدارة مجموعة ""مُدن القابضة"" عن تقديره لرئيس الوزراء لدعمه إنجاز المشروع، مستعرضًا جهود الشركة خلال الفترة الماضية لمتابعة تنفيذ المشروع، من خلال البدء في وضع المخطط العام للمشروع بكل ما يحتويه من مرافق وخدمات تعكس أرقى معايير التصميم على مستوى العالم، بما يجعل المشروع نقطة جذب سياحي واعدة في منطقة البحر المتوسط.
وفي ختام اللقاء، أبدى رئيس الوزراء، تقديره لحجم المجهود المبذول من جانب الشركة، مشيدًا بما اطلع عليه من تصميم لمشروع رأس الحكمة، وهو ما يجعل من المنطقة نقطة جذب سياحي واعدة، مؤكدًا استمرار التنسيق والمتابعة مع الجانب الإماراتي الشقيق لتنفيذ هذا المشروع المهم.
اقرأ أيضًا:
أعلى من العالمي.. ""التموين"": سعر مغرٍ لتوريد القمح المحلي
ذروة الموجة الحارة.. تحذير من ""الأرصاد"" بشأن طقس اليوم الثلاثاء
لماذا يشكل الفسيخ ""مجهول المصدر"" خطراً على صحتك؟.. أستاذة كيمياء الكائنات الدقيقة تحذر",https://www.masrawy.com/news/news_egypt/details/2025/4/22/2775335/%D8%B1%D8%A6%D9%8A%D8%B3-%D8%A7%D9%84%D9%88%D8%B2%D8%B1%D8%A7%D8%A1-%D9%8A%D8%AA%D8%A7%D8%A8%D8%B9-%D9%85%D8%B3%D8%AA%D8%AC%D8%AF%D8%A7%D8%AA-%D8%AA%D9%86%D9%81%D9%8A%D8%B0-%D9%85%D8%B4%D8%B1%D9%88%D8%B9-%D9%85%D8%AF%D9%8A%D9%86%D8%A9-%D8%B1%D8%A3%D8%B3-%D8%A7%D9%84%D8%AD%D9%83%D9%85%D8%A9-#sectionListing,Masrawy,2025-04-22 17:09:39
"""بيت الزكاة"" يعلن وصول حملة دعم حفظة القرآن الكريم للقرى الأكثر احتياجًا بالبحر الأحمر","""بيت الزكاة"" يعلن وصول حملة دعم حفظة القرآن الكريم للقرى الأكثر احتياجًا بالبحر الأحمر",No date found,No date found,"كتب - محمود مصطفى أبوطالب:
أعلن ""بيت الزكاة والصدقات"" تحت إشراف فضيلة الإمام الأكبر الدكتور أحمد الطيب، شيخ الأزهر، وصول حملة دعم حفظة القرآن الكريم، إلى محافظة البحر الأحمر، ضمن برنامج «تحفيظ القرآن الكريم»، التي تستهدف تشجيع حفظة القرآن في القرى الأكثر احتياجًا بجميع المحافظات.
وبحسب بيان، الثلاثاء، انطلقت المرحلة الأولى لحملة دعم حفظة القرآن الكريم الأسبوع الماضي في محافظة سوهاج، ثم انتقلت إلى محطتها الثانية وهي محافظة قنا، ضمن خطة شاملة تستهدف تغطية المناطق الأشد احتياجًا، دعمًا لنشر العلم وتعزيز القيم الدينية الأصيلة في المجتمع المصري، وتشمل توزيع المصاحف والأدوات الكتابية والملابس والأحذية وحلوى للأطفال بحلقات تحفيظ القرآن الكريم، بما يؤدي بهم إلى بيئة محفزة تساعدهم على حفظ القرآن وتنمية وعيهم الديني والمعرفي.
وأشار إلى أن فضائل القرآن الكريم لا تحصى، والتبرع لتشجيع حفظة هذا الكتاب العظيم هو إرضاء لله عز وجل، واستثمار حقيقي في مستقبل الأبناء والمجتمع؛ إذ يربط الأطفال بدينهم، ويُعلي من مكانتهم ومكانة والديهم في الدنيا والآخرة، ويُسهم في تشكيل قدوات صالحة، ونشر أجواء إيمانية داخل البيوت، تنعكس آثارها على السلوك والقيم عبر الأجيال، قال تعالى: {إِنَّ ٱلَّذِينَ يَتۡلُونَ كِتَٰبَ ٱللَّهِ وَأَقَامُواْ ٱلصَّلَوٰةَ وَأَنفَقُواْ مِمَّا رَزَقۡنَٰهُمۡ سِرّٗا وَعَلَانِيَةٗ يَرۡجُونَ تِجَٰرَةٗ لَّن تَبُورَ}.
اقرأ أيضا:
أعلى من العالمي.. ""التموين"": سعر مغرٍ لتوريد القمح المحلي
ذروة الموجة الحارة.. تحذير من ""الأرصاد"" بشأن طقس اليوم الثلاثاء
لماذا يشكل الفسيخ ""مجهول المصدر"" خطراً على صحتك؟.. أستاذة كيمياء الكائنات الدقيقة تحذر",https://www.masrawy.com/news/news_egypt/details/2025/4/22/2775333/-%D8%A8%D9%8A%D8%AA-%D8%A7%D9%84%D8%B2%D9%83%D8%A7%D8%A9-%D9%8A%D8%B9%D9%84%D9%86-%D9%88%D8%B5%D9%88%D9%84-%D8%AD%D9%85%D9%84%D8%A9-%D8%AF%D8%B9%D9%85-%D8%AD%D9%81%D8%B8%D8%A9-%D8%A7%D9%84%D9%82%D8%B1%D8%A2%D9%86-%D8%A7%D9%84%D9%83%D8%B1%D9%8A%D9%85-%D9%84%D9%84%D9%82%D8%B1%D9%89-%D8%A7%D9%84%D8%A3%D9%83%D8%AB%D8%B1-%D8%A7%D8%AD%D8%AA%D9%8A%D8%A7%D8%AC-%D8%A7#sectionListing,Masrawy,2025-04-22 17:09:49
وزير قطاع الأعمال: 42 ألف عامل بقطاع الأعمال أعمارهم من 50 إلى 60 سنة,وزير قطاع الأعمال: 42 ألف عامل بقطاع الأعمال أعمارهم من 50 إلى 60 سنة,No date found,No date found,"كتب- نشأت علي:
قال المهندس محمد شيمي، وزير قطاع الأعمال العام، إن هناك 103 آلاف و839 موظفًا في إجمالي 68 شركة تابعة لشركات قطاع الأعمال العام؛ من بينهم 65% فني، والإداري 35%.
جاء ذلك خلال كلمة شيمي بالجلسة العامة لمجلس الشيوخ، اليوم الثلاثاء، برئاسة المستشار عبد الوهاب عبد الرازق، رئيس المجلس؛ لنظر طلب مناقشة عامة مقدم من النائب خالد أبو الوفا، وأكثر من عشرين عضوًا، بشأن سياسات توطين التكنولوجيا الصناعية، والتحول الصناعي الأخضر داخل الشركات القابضة والتابعة لقطاع الأعمال العام، ومدى توافقها مع مستهدفات الدولة في تحقيق الاستدامة وتعزيز التنافسية الوطنية، وطلب مقدم من النائب عادل عبد الفتاح ناصر، وأكثر من عشرين عضوًا؛ لاستعراض سياسة الحكومة حول استراتيجيات إدارة وحوكمة أصول شركات قطاع الأعمال العام، ومدى تكاملها مع أهداف التنمية الاقتصادية وتعظيم العائد من الموارد الإنتاجية للدولة، وطلب مقدم من النائبة هند جوزيف، وأكثر من عشرين عضوًا، بشأن إعادة هيكلة الشركات التابعة لوزارة قطاع الأعمال العام، وطلب مقدم من النائب هشام الحاج علي، وأكثر من عشرين عضوًا، حول استراتيجية تطوير واستغلال الأصول العقارية لقطاع الأعمال العام في تنمية ودعم الاقتصاد الوطني، مع التركيز على تعزيز مشاركة القطاع الخاص في سد العجز في عدد الغرف الفندقية؛ لدعم وتنشيط السياحة الداخلية والخارجية.
وتابع وزير قطاع الأعمال: وبالنسبة إلى الفئات العمرية؛ فإن هناك نحو 42 ألفًا من 50 إلى 60 سنة، ""وهذا يدل على أن شركاتنا عجوزة، ونحتاج إلى أن ندخل عمالة، ونعمل على ذلك""، مشيرًا إلى أن هناك 22 ألف عامل أقل من 40 سنة، وهناك 37 ألف عامل مؤهل أقل من المتوسط، و43 ألف عامل مؤهل متوسط، و18 ألفًا مؤهل عالٍ.
وتحدَّثَ وزير قطاع الأعمال عن سياسات وإجراءات إعادة هيكلة الشركات، مؤكدًا أهمية بناء اقتصاد تنافسي جاذب للاستثمارات، وأن تتم إعادة الهيكلة الفنية، قائلًا: ""تعتمد استراتيجيات قطاع الأعمال العام على حوكمة الإجراءات والأسواق، ودراسة وتحليل موقف العمالة والأداء، ومش جايين النهارده عشان نجمِّل ونقول كل حاجة كويسة، لدينا مشكلات ويتم العمل على معالجتها"".
وأشار شيمي إلى أن الاستراتيجية تتضمن تطوير وتقييم مؤشراء الأداء وتقييم أداء الشركات، وتعزيز ثقافة السلامة والصحة المهنية والبيئة؛ ""لأننا نعمل في صناعات خطيرة""، بالإضافة إلى تطوير متطلبات أنظمة السلامة والصحة المهنية، وتحسين بيئة العمل، والاستعداد للطوارئ، وكذلك منظومة لإدارة النفايات وحماية البيئة، وتعزيز الرقابة الداخلية وتوكيد الجودة، والاستدامة، والتكنولوجيا الداعمة لهذه الأنظمة، وكذلك تطوير بنية تكنولوجيا المعلومات والمنصات الرقمية، وتطوير وتخطيط إدارة الموارد المؤسسية، والوزارة تهتم بإدارة الأصول الخاصة بالشركات.
اقرأ أيضًا:
أعلى من العالمي.. ""التموين"": سعر مغرٍ لتوريد القمح المحلي
ذروة الموجة الحارة.. تحذير من ""الأرصاد"" بشأن طقس اليوم الثلاثاء
لماذا يشكل الفسيخ ""مجهول المصدر"" خطراً على صحتك؟.. أستاذة كيمياء الكائنات الدقيقة تحذر",https://www.masrawy.com/news/news_egypt/details/2025/4/22/2775324/-%D9%88%D8%B2%D9%8A%D8%B1-%D9%82%D8%B7%D8%A7%D8%B9-%D8%A7%D9%84%D8%A3%D8%B9%D9%85%D8%A7%D9%84-42-%D8%A3%D9%84%D9%81-%D8%B9%D8%A7%D9%85%D9%84-%D8%A8%D9%82%D8%B7%D8%A7%D8%B9-%D8%A7%D9%84%D8%A3%D8%B9%D9%85%D8%A7%D9%84-%D8%A3%D8%B9%D9%85%D8%A7%D8%B1%D9%87%D9%85-%D9%85%D9%86-50-%D8%A5%D9%84%D9%89-60-%D8%B3%D9%86%D8%A9-#sectionListing,Masrawy,2025-04-22 17:09:55
محمد السلاب: توجيهات الرئيس باستبدال الرسوم بضريبة موحدة خطوة تاريخية,محمد السلاب: توجيهات الرئيس باستبدال الرسوم بضريبة موحدة خطوة تاريخية,No date found,No date found,"كتب- نشأت علي:
أشاد النائب محمد مصطفى السلاب، رئيس لجنة الصناعة بمجلس النواب، بتوجيهات الرئيس عبد الفتاح السيسي لتعزيز مناخ الاستثمار خلال اجتماعه الأخير مع الحكومة ووزراء الصناعة والمالية والاستثمار، مؤكدًا أن استبدال الرسوم التي تفرضها الجهات المختلفة بضريبة إضافية موحدة على صافي الأرباح يمثل تحولًا جوهريًا في فلسفة التعامل مع المستثمر، ويعكس توجه حقيقي للدولة نحو خلق بيئة أعمال أكثر شفافية وعدالة.
وأكد السلاب فى بيان صحفي اليوم، أن هذه الخطوة ستقضي على عشوائية فرض الرسوم من قبل جهات وهيئات متعددة، والتي كانت تمثل عبئًا كبيرًا على المستثمرين، فضلًا عن غياب الوضوح بشأن حجم الأعباء المالية الفعلية ما كان يؤثر سلبا على التسعير ويحد من تنافسية المنتج المحلى.
وأضاف أن النظام الجديد يضمن لكل مستثمر أن يكون على دراية واضحة ومسبقة بما سيتحمله من التزامات مالية، مما يعزز من ثقة المستثمرين في السوق المصري ويشجع على ضخ المزيد من الاستثمارات، خاصة مع توحيد جهة التحصيل في وعاء واحد، ما يقلل من التداخل والازدواجية والبيروقراطية.
وأشار رئيس لجنة الصناعة إلى أهمية الاعتماد على صافي الأرباح كأساس لاحتساب الضريبة، بدلًا من الإيرادات، وهي نقطة محورية تعكس عدالة النظام الجديد، حيث تتيح للمستثمر تحقيق عائد مناسب قبل خصم الضريبة، كما يُحقق مبدأ التناسب، حيث تسدد الكيانات التي تحقق أرباحا أعلى مساهمات أكبر، بينما تدفع المشروعات التي تواجه خسائر أو تحقق عوائد محدودة من التزامات مالية مرهقة لا تتناسب مع أوضاعها الاقتصادية، كما ستعمل على تحفيز المستثمرين لتوسيع الأنشطة وتطويرها دون الخوف من تحميلها بأعباء مالية مبكرة.
كما أشاد النائب بتدشين منصة الكيانات الاقتصادية الموحدة، معتبرًا إياها خطوة مهمة نحو الرقمنة وتبسيط الإجراءات، وإتاحة بيانات دقيقة ومتكاملة تسهل عملية اتخاذ القرار، وشدد على أن نجاح هذه التجربة يتطلب وضع آليات ميسرة لاحتساب الضريبة الإضافية ونسب التوزيع. وفقا لالتزامات كل قطاع حتى لا تمثل عبئا إضافيا مع ضرورة التشاور مع مجتمع الأعمال للوصول إلى أفضل سيناريوهات التنفيذ.
وأكد على أهمية مراعاة تخصيص نسبة من العائد المحصل لصالح الجهات والهيئات التي كانت تحصل الرسوم سابقًا، لضمان استمرار مواردها وعدم تأثرها سلبًا.
واختتم السلاب حديثه بالتأكيد على أن هذه القرارات تعكس إرادة سياسية حقيقية للإصلاح، والعمل الجاد لجعل مصر بيئة جاذبة للاستثمار في مختلف القطاعات.
اقرأ أيضا:
أعلى من العالمي.. ""التموين"": سعر مغرٍ لتوريد القمح المحلي
ذروة الموجة الحارة.. تحذير من ""الأرصاد"" بشأن طقس اليوم الثلاثاء
لماذا يشكل الفسيخ ""مجهول المصدر"" خطراً على صحتك؟.. أستاذة كيمياء الكائنات الدقيقة تحذر
ء",https://www.masrawy.com/news/news_egypt/details/2025/4/22/2775315/%D9%85%D8%AD%D9%85%D8%AF-%D8%A7%D9%84%D8%B3%D9%84%D8%A7%D8%A8-%D8%AA%D9%88%D8%AC%D9%8A%D9%87%D8%A7%D8%AA-%D8%A7%D9%84%D8%B1%D8%A6%D9%8A%D8%B3-%D8%A8%D8%A7%D8%B3%D8%AA%D8%A8%D8%AF%D8%A7%D9%84-%D8%A7%D9%84%D8%B1%D8%B3%D9%88%D9%85-%D8%A8%D8%B6%D8%B1%D9%8A%D8%A8%D8%A9-%D9%85%D9%88%D8%AD%D8%AF%D8%A9-%D8%AE%D8%B7%D9%88%D8%A9-%D8%AA%D8%A7%D8%B1%D9%8A%D8%AE%D9%8A%D8%A9-#sectionListing,Masrawy,2025-04-22 17:10:05
الأرصاد تُعلن انخفاض الحرارة بشكل ملحوظ في هذا الموعد,الأرصاد تُعلن انخفاض الحرارة بشكل ملحوظ في هذا الموعد,No date found,No date found,"كتب- محمد عبدالناصر:
أعلنت الهيئة العامة للأرصاد الجوية، عن انخفاض تدريجي في درجات الحرارة على شمال البلاد حتى القاهرة الكبرى.
وأضافت الهيئة أن الحرارة على القاهرة 35 درجة والسواحل الشمالية 23 درجة، وشمال الصعيد.
وأكدت الهيئة: يوجد غدا نشاط للرياح على مناطق من السواحل الشمالية وشمال الصعيد تكون مثيرة للرمال والأتربة على مناطق من سيناء على فترات متقطعة.
وأوضحت هيئة الأرصاد أنه اعتبارا من الخميس المقبل، يوجد انخفاض آخر في درجات الحرارة بقيم تصل لـ 7 درجات لتكون الحرارة على القاهرة 28 درجة، والسواحل الشمالية 23 درجة.",https://www.masrawy.com/news/news_egypt/details/2025/4/22/2775314/%D8%A7%D9%84%D8%A3%D8%B1%D8%B5%D8%A7%D8%AF-%D8%AA-%D8%B9%D9%84%D9%86-%D8%A7%D9%86%D8%AE%D9%81%D8%A7%D8%B6-%D8%A7%D9%84%D8%AD%D8%B1%D8%A7%D8%B1%D8%A9-%D8%A8%D8%B4%D9%83%D9%84-%D9%85%D9%84%D8%AD%D9%88%D8%B8-%D9%81%D9%8A-%D9%87%D8%B0%D8%A7-%D8%A7%D9%84%D9%85%D9%88%D8%B9%D8%AF#sectionListing,Masrawy,2025-04-22 17:10:14
علا الشافعي: دخول ماسبيرو في الإنتاج دفعة كبيرة للنهوض بالدراما المصرية,علا الشافعي: دخول ماسبيرو في الإنتاج دفعة كبيرة للنهوض بالدراما المصرية,No date found,No date found,"كتب- عمرو صالح:
قالت الكاتبة الصحفية علا الشافعي، مسؤولة المحتوى الدرامي بالشركة المتحدة للخدمات الإعلامية، إن ما تم إنجازه خلال الفترة الماضية من أعمال درامية تابعة للشركة، حجر أساس وبداية نحو التقدم الدرامي، مشيرةً إلى أن دخول ماسبيرو في الإنتاج الدرامي دفعة كبيرة للنهوض بالدراما المصرية.
وأوضحت الشافعي، خلال كلمتها، اليوم الثلاثاء، في مؤتمر مستقبل الدراما، الذي تنظمه الهيئة الوطنية للإعلام، أنه منذ عام 2010 تعرضت الدراما إلى العديد من العواصف؛ نتيجة تغير مجريات الحياة، مؤكدةً أن التغير الفني يتناسب طرديًّا مع كل تغيرات المجتمع؛ كونه ناقلًا لواقعه.
ونوهت مسؤولة المحتوى الدرامي بالشركة المتحدة للخدمات الإعلامية بضرورة إصدار تشريعات قانونية جديدة تهيئ مناخًا مناسبًا للإنتاج الدرامي، وتراعي متطلبات كل من القطاعَين العام والخاص.
ولفتت الشافعي إلى أن الشركة المتحدة للخدمات الإعلامية تلقت الكثير من النصوص الدرامية المعروضة للشراء، ويجري الآن فحصها وانتقاء أفضلها، موضحةً أن قنوات الشركة عرضت عددًا من مسلسلات رمضان 2025؛ ليس من إنتاجها، وتم شراؤها من المنتجين.
اقرأ أيضًا:
أعلى من العالمي.. ""التموين"": سعر مغرٍ لتوريد القمح المحلي
ذروة الموجة الحارة.. تحذير من ""الأرصاد"" بشأن طقس اليوم الثلاثاء
لماذا يشكل الفسيخ ""مجهول المصدر"" خطراً على صحتك؟.. أستاذة كيمياء الكائنات الدقيقة تحذر",https://www.masrawy.com/news/news_egypt/details/2025/4/22/2775311/%D8%B9%D9%84%D8%A7-%D8%A7%D9%84%D8%B4%D8%A7%D9%81%D8%B9%D9%8A-%D8%AF%D8%AE%D9%88%D9%84-%D9%85%D8%A7%D8%B3%D8%A8%D9%8A%D8%B1%D9%88-%D9%81%D9%8A-%D8%A7%D9%84%D8%A5%D9%86%D8%AA%D8%A7%D8%AC-%D8%AF%D9%81%D8%B9%D8%A9-%D9%83%D8%A8%D9%8A%D8%B1%D8%A9-%D9%84%D9%84%D9%86%D9%87%D9%88%D8%B6-%D8%A8%D8%A7%D9%84%D8%AF%D8%B1%D8%A7%D9%85%D8%A7-%D8%A7%D9%84%D9%85%D8%B5%D8%B1%D9%8A%D8%A9#sectionListing,Masrawy,2025-04-22 17:10:24
تقديم الساعة 60 دقيقة.. بيان حكومي مهم بشأن التوقيت الصيفي,تقديم الساعة 60 دقيقة.. بيان حكومي مهم بشأن التوقيت الصيفي,No date found,No date found,"كتب- محمد سامي: قال بيان صادر عن مجلس الوزراء، إنه بحسب القانون رقم 24 لسنة 2023 في شأن تقرير التوقيت الصيفي، فإنه اعتبارًا من الجمعة الأخيرة من شهر أبريل حتى نهاية يوم الخميس الأخير من شهر أكتوبر من كل عام ميلادي، تكون الساعة القانونية في جمهورية مصر العربية هي الساعة بحسب التوقيت المتبع مقدمة بمقدار 60 دقيقة.
ويتم اختيار ليل الخميس الموافق يوم الجمعة، لتعديل التوقيت، كون يوم الجمعة إجازة رسمية في معظم قطاعات الدولة، لذا كان اختياره تجنبا لحدوث أي مشكلات أو أخطاء خاصة بالوقت، ولتكون هناك فرصة للمواطنين لإدراك التغيير والعمل عليه.",https://www.masrawy.com/news/news_egypt/details/2025/4/22/2775307/%D8%AA%D9%82%D8%AF%D9%8A%D9%85-%D8%A7%D9%84%D8%B3%D8%A7%D8%B9%D8%A9-60-%D8%AF%D9%82%D9%8A%D9%82%D8%A9-%D8%A8%D9%8A%D8%A7%D9%86-%D8%AD%D9%83%D9%88%D9%85%D9%8A-%D9%85%D9%87%D9%85-%D8%A8%D8%B4%D8%A3%D9%86-%D8%A7%D9%84%D8%AA%D9%88%D9%82%D9%8A%D8%AA-%D8%A7%D9%84%D8%B5%D9%8A%D9%81%D9%8A#sectionListing,Masrawy,2025-04-22 17:10:33
رئيس مجلس الشيوخ يحيل طلبات مناقشة بشأن قطاع الأعمال للجنة مشتركة,رئيس مجلس الشيوخ يحيل طلبات مناقشة بشأن قطاع الأعمال للجنة مشتركة,No date found,No date found,"كتب- نشأت علي:
أحال المستشار عبد الوهاب عبد الرازق، رئيس مجلس الشيوخ، طلبات المناقشة المقدمة من الأعضاء بشأن ملف شركات قطاع الأعمال، إلى لجنة مشتركة من لجان الشئون المالية والاقتصادية والصناعة والقوى العاملة والطاقة والبيئة والسياحة والثقافة والآثار، لدراستها وإعداد تقرير بشأنها.
جاء ذلك خلال الجلسة العامة لمجلس الشيوخ، اليوم الثلاثاء، التى شهدت مناقشة عدد من الطلبات الموجهة لاستيضاح سياسة الحكومة بشأن بعض الملفات المتعلقة بقطاع الأعمال العام وسبل النهوض به، منها طلب مناقشة مقدم من النائب خالد أبو الوفا، بشأن سياسات توطين التكنولوجيا الصناعية والتحول الصناعي الأخضر داخل الشركات القابضة والتابعة لقطاع الأعمال العام، ومدى مواءمتها مع مستهدفات الدولة في تحقيق الاستدامة وتعزيز التنافسية الوطنية، وطلب مناقشة مقدم من النائب عادل ناصر، بشأن استراتيجيات الدولة في إدارة وحوكمة أصول شركات قطاع الأعمال العام، ومدى تكاملها مع مستهدفات التنمية الاقتصادية وتعظيم العائد من الموارد الإنتاجية للدولة، وطلب مقدم من النائبة هند جوزيف بشأن استيضاح سياسة الحكومة، بشأن إعادة هيكلة الشركات التابعة لوزارة قطاع الأعمال، وطلب مقدم من النائب هشام الحاج على، بشأن استراتيجية تطوير واستغلال الأصول العقارية لقطاع الأعمال العام في تنمية ودعم الاقتصاد الوطني وسبل تعزيز مشاركة القطاع الخاص في التوسع لسد العجز في عدد الغرف الفندقية لدعم وتنشيط السياحة الداخلية والخارجية.
أكد المهندس محمد شيمى، وزير قطاع الأعمال، أن استراتيجية وزارة قطاع الأعمال ترتكز على تحقيق أعلى عائد اقتصادى بمفهومه الشامل، وليس العائد المادى فقط.
وقال الوزير، تم تحليل الوضع الاقتصادي للشركات ومعرفة أماكن القوة والضعف لكل منها، مضيفا أنه تم التوصل إلى ضرورة إعادة الهيكلة الفنية للشركات نظرا لتقادم الزمن، والعمل على تدريب العنصر البشرى والقيام بأعمال التطوير والدعم اللازم لها.
وتابع وزير قطاع الأعمال، شهدت الفترة الماضية دراسة مستفيضة لأوضاع الشركات حتى يتم تحقيق الاستدامة لها.
وأضاف: تتضمن خطة الوزارة، 5 أجزاء، منها استراتيجية عمل وزارة قطاع الأعمال عن الفترة 2024/2027، توطين التكنولوجيا، وتعظيم العائد من الموارد، تعزيز مشاركة القطاع الخاص.",https://www.masrawy.com/news/news_egypt/details/2025/4/22/2775305/%D8%B1%D8%A6%D9%8A%D8%B3-%D9%85%D8%AC%D9%84%D8%B3-%D8%A7%D9%84%D8%B4%D9%8A%D9%88%D8%AE-%D9%8A%D8%AD%D9%8A%D9%84-%D8%B7%D9%84%D8%A8%D8%A7%D8%AA-%D9%85%D9%86%D8%A7%D9%82%D8%B4%D8%A9-%D8%A8%D8%B4%D8%A3%D9%86-%D9%82%D8%B7%D8%A7%D8%B9-%D8%A7%D9%84%D8%A3%D8%B9%D9%85%D8%A7%D9%84-%D9%84%D9%84%D8%AC%D9%86%D8%A9-%D9%85%D8%B4%D8%AA%D8%B1%D9%83%D8%A9-#sectionListing,Masrawy,2025-04-22 17:10:42
بالصور.. القوات المسلحة تحتفل بتخريج الدفعة 167 ضباط احتياط,بالصور.. القوات المسلحة تحتفل بتخريج الدفعة 167 ضباط احتياط,No date found,No date found,"كتب- محمد سامي:
احتفلت القوات المسلحة بتخريج الدفعة (167) من كلية الضباط الاحتياط بعد انتهاء فترة دراستهم بالكلية؛ لينضموا إلى صفوف القوات المسلحة كضباط مقاتلين يحملون أمانة الدفاع عن الوطن وصون مقدساته.
يأتي ذلك تزامنًا مع احتفالات مصر والقوات المسلحة بالذكرى (43) لتحرير سيناء.
بدأت مراسم الاحتفال بعرض المهارات الرياضية وفنون الدفاع عن النفس والقتال المتلاحم؛ والتي عكست الكفاءة القتالية وقوة التحمل العالية التي اكتسبها الطلبة طوال فترة دراستهم بالكلية.
وتلي ذلك عرض المهارات الفنية باستخدام السلاح، وأظهر مدى التوافق الذهني والانضباط العسكري الراقي .
واختتمت العروض بالعرض العسكري بمشاركة مجموعات من طلبة الكلية يتقدمهم حملة الأعلام،
وعزفت الموسيقات العسكرية سلام الشهيد .
وأعلن كبير معلمي كلية الضباط الاحتياط نتيجة التخرج، وأعقبها إعلان قرار التعيين ومنح الأنواط لأوائل الخريجين.
وتم عرض فيلم تسجيلي على هامش الاحتفال، عن نقيب شهيد/ إبراهيم السيد عواد، أحد أبطال القوات المسلحة المشاركين في حرب أكتوبر المجيدة، والذي أطلق اسمه على الدفعة (167) ضباط احتياط .
وألقى اللواء أح بهاء السيد عبد الرحيم، مدير كلية الضباط الاحتياط، كلمة أشار خلالها إلى الاهتمام الكبير الذي توليه القيادة العامة للقوات المسلحة بتوفير كل الإمكانات العلمية والثقافية لإعداد أجيال جديدة من الخريجين المؤهلين وفقًا لمنظومة علمية ومعايير دقيقة؛ ليكونوا خير نموذج للشباب المصري القادر على حماية الوطن وصون مقدساته.
حضر فاعليات الاحتفال اللواء أ.ح أسامة نجا، مساعد وزير الدفاع، وعدد من قادة القوات المسلحة وعدد من قدامى مديري كلية الضباط الاحتياط وأسر الخريجين .",https://www.masrawy.com/news/news_egypt/details/2025/4/22/2775301/%D8%A8%D8%A7%D9%84%D8%B5%D9%88%D8%B1-%D8%A7%D9%84%D9%82%D9%88%D8%A7%D8%AA-%D8%A7%D9%84%D9%85%D8%B3%D9%84%D8%AD%D8%A9-%D8%AA%D8%AD%D8%AA%D9%81%D9%84-%D8%A8%D8%AA%D8%AE%D8%B1%D9%8A%D8%AC-%D8%A7%D9%84%D8%AF%D9%81%D8%B9%D8%A9-167-%D8%B6%D8%A8%D8%A7%D8%B7-%D8%A7%D8%AD%D8%AA%D9%8A%D8%A7%D8%B7#sectionListing,Masrawy,2025-04-22 17:10:51
صناعة النواب توافق على تعديل قانون هيئة الثروة المعدنية,صناعة النواب توافق على تعديل قانون هيئة الثروة المعدنية,No date found,No date found,"كتب- نشأت علي:
وافقت لجنة الصناعة بمجلس النواب، برئاسة النائب محمد مصطفى السلاب، نهائيا على مشروع تعديل قانون الثروة المعدنية، والمقدم من النائب محمد إسماعيل، عضو تنسيقية شباب الأحزاب والسياسيين.
جاء ذلك بحضور المستشار محمود فوزي، وزير الشئون النيابية والقانونية والتواصل السياسي، والمستشار محمد عبد العليم كفافي، المستشار القانوني لرئيس مجلس النواب، وممثلين عن عدد من الوزارات والجهات المعنية.
ويقضي مشروع تعديل قانون هيئة الثروة المعدنية، بتحويل الهيئة المصرية العامة للثروة المعدنية إلى هيئة عامة اقتصادية، لتحقيق استقلالية القرار المالي والإداري للهيئة، بما يدعم تطوير قطاع التعدين، وتعظيم العوائد الاقتصادية له.
وخلال الاجتماع استعرض النائب محمد إسماعيل، مقدم مشروع القانون، مؤكدا أن يستهدف في الأساس تحويل الهيئة إلى هيئة عامة اقتصادية، بما يساهم في دعم الاقتصاد الوطني.
وأشار النائب إلى أن دعم هيئة الثروة المعدنية يساهم في تحريرها من القيود، ومن ثم المساهمة في دعم الاقتصاد الوطني.
وأكد عضو مجلس النواب، أن تحويل هيئة الثروة المعدنية إلى هيئة اقتصادية يعمل على رفع الناتج المحلي لقطاع التعدين في الناتج المحلي الإجمالي، وزيادة الاستثمارات، وكذلك رفع الإيرادات الحكومية، وتوفير أكثر من ١٥٠ ألف فرصة عمل.
وأكد النائب محمد مصطفى السلاب، رئيس لجنة الصناعة بمجلس النواب، أهمية مشروع القانون، بما يساهم في النهوض بقطاع التعدين في مصر.
وأشار السلاب، إلى أن مصر تمتلك خيرات كثيرة في باطن الأرض، وفي حاجة إلى حسن استغلالها وإدارتها بصورة أكثر كفاءة، بما يساهم في دعم الاقتصاد الوطني.
وأشاد النائب بمشروع القانون الذي بتحويل هيئة الثروة المعدنية إلى هيئة عامة اقتصادية، مؤكدا أن ذلك يحقق الاستقلالية، ومن ثم تحقيق المستهدفات المطلوبة.
من جانبه أكد المستشار محمود فوزي، وزير الشئون النيابية والقانونية والتواصل السياسي، موافقة الحكومة على مشروع القانون المقدم من النائب بشأن تعديل قانون الهيئة العامة للثروة المعدنية.
وأشار إلى أن وزير البترول بصفته المعني بهذا الملف، أعلن الاكتفاء بمشروع القانون المقدم من مجلس النواب، وسحب الطلب المقدم إلى وزارة العدل بإعداد مشروع القانون.
وأكد المستشار محمود فوزي، أن الموافقة على مشروع القانون يأتي في إطار التكامل بين السلطتين التنفيذية والتشريعية.
وأشار وزير الشئون النيابية والقانونية والتواصل السياسي، أن قطاع التعدين في مصر يحظى باهتمام كبير، لما يمثله من أهمية اقتصادية كبيرة لصالح الدولة المصرية.
فيما عبر أعضاء لجنة الصناعة بمجلس النواب، عن ترحيبهم بمشروع القانون، مؤكدين أن تحويل هيئة الثروة المعدنية إلى هيئة اقتصادية، من شأنها النهوض بقطاع التعدين في مصر، وزيادة مساهمته في دعم الاقتصاد الوطني.",https://www.masrawy.com/news/news_egypt/details/2025/4/22/2775294/%D8%B5%D9%86%D8%A7%D8%B9%D8%A9-%D8%A7%D9%84%D9%86%D9%88%D8%A7%D8%A8-%D8%AA%D9%88%D8%A7%D9%81%D9%82-%D8%B9%D9%84%D9%89-%D8%AA%D8%B9%D8%AF%D9%8A%D9%84-%D9%82%D8%A7%D9%86%D9%88%D9%86-%D9%87%D9%8A%D8%A6%D8%A9-%D8%A7%D9%84%D8%AB%D8%B1%D9%88%D8%A9-%D8%A7%D9%84%D9%85%D8%B9%D8%AF%D9%86%D9%8A%D8%A9#sectionListing,Masrawy,2025-04-22 17:10:57
بعد الجدل الواسع.. جراح قصر العيني يعتذر للتمريض: هذا ما كنت أقصده,بعد الجدل الواسع.. جراح قصر العيني يعتذر للتمريض: هذا ما كنت أقصده,No date found,No date found,"كتب- أحمد جمعة:قدم الدكتور الجوهري محمد الجوهري، أستاذ متفرغ جراحة المخ والأعصاب بقصر العيني، اعتذارًا للتمريض عن منشور له أثار جدلًا بشأن عمله مع التمريض في العمليات.
وأثار ""الجوهري"" الجدل علي جروبات الأطباء والتمريض علي مواقع التواصل الاجتماعي بعد نشر بوست له عبر صفحته الرسمية اعتبرها التمريض إهانة كبيرة لهم.
ووصف الجراح التمريض الرجال بـ""الخناشير""، في حين عبر عن حبه للعمل مع سيدات التمريض، قائلًا إنه يطلق عليهن لقب ""قمر الليالي"".
وقال الجوهري عبر حسابه على فيسبوك: ""إمبارح كان شم النسيم، يوم جميل كلنا بنحبه وبنحتفل بيه بأكل الفسيخ والترمس والبيض الملون، فحبيت أعيد علي المصريين بطريقة ظريفة وكتبت بوست أحكي فيه بعفوية عن الشقى والتعب اللي يعيش فيها الأطباء والجرّاحين منهم بالذات"".
وأضاف: ""خرجت من العملية وكتبت بوست فكاهي، لا أكتر ولا أقل، ويبدو إنه اتفهم غلط، لأني صحيت النهارده الصبح علي كم هائل من التفاعل على هذا البوست.. أولا: أنا بعتذر لسوء الفهم.. ثانيا: إحنا كجراحين أكتر ناس نعرف فضل وقيمة هيئة التمريض في العمليات، ونجاح أي عملية يعتمد عليهم في المقام الأول، ودي حقيقة يعلمها كل الأطباء، مش محتاجة مني أو من غيري التأكيد عليها"".
وشدد على أن هيئة التمريض سواء كانوا من الرجال أو من السيدات في مصر، هم من أفضل هيئات التمريض حول العالم.
وتابع: ""كتبت في هذا البوست (محل الخلاف) بالحرف إن الممرضين من الرجال، شُطار الحقيقة، يعني لم أنكر فضلهم، ودي فعلا حقيقة مش محتاجه مني تأكيد، ويعلمها القاصي والداني"".
وأكمل أستاذ جراحة المخ والأعصاب: ""الجرّاح اللي زي حالاتي بيقعد في العملية في بعض الأحيان بالأربعة وعشرين ساعة واقف على رجليه باصص في الميكرسكوب، يعني باصص من خرم إبرة على جرح بالكتير ٣ سم، أيديه نفسها اللي يشتغل بيها ما بيبقاش شايفها، فما بالك بباقي غرفة العمليات، اللي زي خلية النحل، خليه النحل دي اللي بيبقي مشغلها هي حكيمة العمليات، لوحدها، فلهم مني عظيم الاحترام والتقدير، الرجال منهم والسيدات"".
وقررت النقابة العامة للأطباء، إحالة الطبيب صاحب المنشور إلى لجنة آداب المهنة للتحقيق فيما صدر عنه، من إساءات لا تليق بأخلاقيات المهنة، ومحاسبته وفقًا لما تقره لائحة آداب المهنة.",https://www.masrawy.com/news/news_egypt/details/2025/4/22/2775292/%D8%A8%D8%B9%D8%AF-%D8%A7%D9%84%D8%AC%D8%AF%D9%84-%D8%A7%D9%84%D9%88%D8%A7%D8%B3%D8%B9-%D8%AC%D8%B1%D8%A7%D8%AD-%D9%82%D8%B5%D8%B1-%D8%A7%D9%84%D8%B9%D9%8A%D9%86%D9%8A-%D9%8A%D8%B9%D8%AA%D8%B0%D8%B1-%D9%84%D9%84%D8%AA%D9%85%D8%B1%D9%8A%D8%B6-%D9%87%D8%B0%D8%A7-%D9%85%D8%A7-%D9%83%D9%86%D8%AA-%D8%A3%D9%82%D8%B5%D8%AF%D9%87#sectionListing,Masrawy,2025-04-22 17:11:08
تفاصيل استقبال مجمع الصناعات الهندسية لإدارة المركبات بالقوات المسلحة وفدًا أوغنديًّا,تفاصيل استقبال مجمع الصناعات الهندسية لإدارة المركبات بالقوات المسلحة وفدًا أوغنديًّا,No date found,No date found,"كتب- محمد سامي:
استقبل مجمع الصناعات الهندسية لإدارة المركبات بالقوات المسلحة وفدًا أوغنديًّا يترأسه الجنرال كاهيندا أوتافير، المفتش العام لوزارة الداخلية الأوغندية؛ للتعرف على منظومة العمل الفني بالمجمع .
يأتي ذلك في إطار حرص القوات المسلحة على دعم علاقات التعاون وتبادل الخبرات مع مختلف الدول الصديقة والشقيقة بكل المجالات.
واستمع الوفد إلى شرح تفصيلي لآليات العمل بالمجمع واتباعه أحدث النظم التكنولوجية التي تمكنه من تنفيذ ما يكلف به من مهام على أكمل وجه، وقام بجولة تفقدية لعدد من خطوط الإنتاج بالمجمع .
وأشاد المفتش العام لوزارة الداخلية الأوغندية بما شاهده الوفد من منظومة علمية وفنية متكاملة وعنصر بشري قادر على إنجاز مهامه بأقصى درجات الاحترافية، مؤكدًا أن هذا الصرح يعكس مدى اهتمام القوات المسلحة بتعظيم الاستفادة من كل الإمكانات والقدرات المتاحة والاستفادة من التطورات العلمية والتكنولوجية المتلاحقة؛ للارتقاء بمنظومة الدعم الفني وتطويعها لخدمة الوطن .",https://www.masrawy.com/news/news_egypt/details/2025/4/22/2775289/%D8%AA%D9%81%D8%A7%D8%B5%D9%8A%D9%84-%D8%A7%D8%B3%D8%AA%D9%82%D8%A8%D8%A7%D9%84-%D9%85%D8%AC%D9%85%D8%B9-%D8%A7%D9%84%D8%B5%D9%86%D8%A7%D8%B9%D8%A7%D8%AA-%D8%A7%D9%84%D9%87%D9%86%D8%AF%D8%B3%D9%8A%D8%A9-%D9%84%D8%A5%D8%AF%D8%A7%D8%B1%D8%A9-%D8%A7%D9%84%D9%85%D8%B1%D9%83%D8%A8%D8%A7%D8%AA-%D8%A8%D8%A7%D9%84%D9%82%D9%88%D8%A7%D8%AA-%D8%A7%D9%84%D9%85%D8%B3%D9%84%D8%AD%D8%A9-%D9%88%D9%81%D8%AF-%D8%A7#sectionListing,Masrawy,2025-04-22 17:11:18
"نقيب التمريض: نرفض ""التصريحات المسيئة"" لأحد الأطباء بحق التمريض","نقيب التمريض: نرفض ""التصريحات المسيئة"" لأحد الأطباء بحق التمريض",No date found,No date found,"كتب- أحمد جمعة:أعربت الدكتورة كوثر محمود، نقيب عام التمريض وعضو مجلس الشيوخ، عن ""رفضها التام"" لما صدر من أحد الأطباء عبر صفحته الرسمية بموقع التواصل الاجتماعي، من ""عبارات مسيئة"" بحق أعضاء هيئة التمريض، مؤكدة أن ""ما جاء في المنشور تجاوز فج ويتنافى تمامًا مع القيم المهنية والأخلاقية"".
وأكدت ""محمود"" في بيان اليوم، أن الفريق الطبي، بجميع عناصره من أطباء وتمريض وفنيين، يشكل وحدة متكاملة لا يمكن الاستغناء عن أي من أطرافها، مشددة على أهمية تبادل الاحترام المتبادل بين جميع أعضاء الفريق الطبي، باعتباره ركيزة أساسية لضمان بيئة صحية وإنسانية للعمل داخل المؤسسات الطبية.
وقالت نقيب التمريض إن ما قيل يمثل إساءة واضحة ومرفوضة لا مبرر لها، لا مهنيًا ولا إنسانيًا، مؤكدة على احترام جميع الزملاء في الحقل الطبي، ونتوقع الاحترام المتبادل، وتابعت قائلة؛ ""إذا أردنا الرد على هذه التجاوزات فنحن نملك القدرة على ذلك، لكننا نختار دائمًا الاحترام إيمانًا منا بأننا جميعًا فريق واحد"".
وأضافت أنها تواصلت على الفور مع الدكتور أسامة عبد الحي، نقيب الأطباء، وأعربت له عن استيائها الشديد مما تم تداوله، مؤكدة أن هذه التصريحات أحدثت غضبًا واسعًا في صفوف التمريض، لما تضمنته من تهكم وسخرية لا تليق بطبيب ولا تمثل أخلاقيات المهنة.
وأشارت إلى أن نقيب الأطباء أبدى تفهمه الكامل لموقفها، وأكد لها أن النقابة العامة للأطباء قررت إحالة الطبيب صاحب المنشور إلى لجنة آداب المهنة للتحقيق، تمهيدًا لاتخاذ الإجراءات القانونية والنقابية بحقه وفقًا لما تنص عليه لائحة السلوك المهني بالنقابة.
أثار الدكتور الجوهري محمد الجوهري طبيب جراح بـ قصر العيني الجدل علي جروبات الأطباء والتمريض علي مواقع التواصل الاجتماعي بعد نشر بوست له عبر صفحته الرسمية اعتبرها التمريض إهانة كبيرة لهم.
ووصف الجراح التمريض الرجال بـ""الخناشير""، في حين عبر عن حبه للعمل مع سيدات التمريض، قائلًا إنه يطلق عليهن لقب ""قمر الليالي"".
وعاد الجوهري للقول إن المنشور جاء ""بطريقة ظريفة"" مستغلا إجازة شم النسيم، مقدمًا اعتذاره لـ""سوء الفهم"".",https://www.masrawy.com/news/news_egypt/details/2025/4/22/2775287/%D9%86%D9%82%D9%8A%D8%A8-%D8%A7%D9%84%D8%AA%D9%85%D8%B1%D9%8A%D8%B6-%D9%86%D8%B1%D9%81%D8%B6-%D8%A7%D9%84%D8%AA%D8%B5%D8%B1%D9%8A%D8%AD%D8%A7%D8%AA-%D8%A7%D9%84%D9%85%D8%B3%D9%8A%D8%A6%D8%A9-%D9%84%D8%A3%D8%AD%D8%AF-%D8%A7%D9%84%D8%A3%D8%B7%D8%A8%D8%A7%D8%A1-%D8%A8%D8%AD%D9%82-%D8%A7%D9%84%D8%AA%D9%85%D8%B1%D9%8A%D8%B6#sectionListing,Masrawy,2025-04-22 17:11:28
طلب إحاطة بالبرلمان بشأن تعقيد إجراءات تركيب العدادات الكودية,طلب إحاطة بالبرلمان بشأن تعقيد إجراءات تركيب العدادات الكودية,No date found,No date found,"كتب- نشأت علي:
تقدّم الدكتور هشام حسين، أمين سر لجنة الاقتراحات والشكاوى بمجلس النواب، بطلب إحاطة إلى الحكومة ممثلة في وزير الكهرباء والطاقة، بشأن استمرار معاناة المواطنين في توصيل العدادات الكودية.
وأشار النائب إلى أنه منذ إعلان وزارة الكهرباء إلغاء نظام الممارسة وفتح باب التقديم لتركيب العدادات الكودية، تفاجأ المواطنون بعدد من الشروط المعقدة التي تعيق تنفيذ القرار، ورغم مرور فترة طويلة على بدء التنفيذ، إلا أن كثيرين لم يتمكنوا من توصيل العدادات حتى الآن.
وأوضح ""حسين"" أن المشكلة الأساسية تكمن في تحميل المواطنين تكلفة تركيب أعمدة الإنارة والتوصيلات، وهي نفقات تفوق قدرات عدد كبير منهم، لافتًا إلى أن تكلفة العمود الواحد قد تتجاوز 20 ألف جنيه، بينما تتطلب بعض الحالات تركيب ثلاثة أو أربعة أعمدة – أو أكثر – حسب المسافة.
وأكد عضو مجلس النواب أن هذه الإجراءات والتعقيدات حرمت شريحة واسعة من المواطنين من حقهم في الحصول على العدادات الكودية، سواء بسبب التعقيد في الإجراءات أو ارتفاع التكاليف الباهظة.
وطالب الدكتور هشام حسين وزارة الكهرباء بضرورة التدخل العاجل لإيجاد حلول عملية لهذه الأزمة، بما يراعي ظروف المواطنين من جهة، ويحفظ حقوق الدولة من جهة أخرى.
اقرأ أيضا:
أعلى من العالمي.. ""التموين"": سعر مغرٍ لتوريد القمح المحلي
ذروة الموجة الحارة.. تحذير من ""الأرصاد"" بشأن طقس اليوم الثلاثاء
لماذا يشكل الفسيخ ""مجهول المصدر"" خطراً على صحتك؟.. أستاذة كيمياء الكائنات الدقيقة تحذر",https://www.masrawy.com/news/news_egypt/details/2025/4/22/2775279/%D8%B7%D9%84%D8%A8-%D8%A5%D8%AD%D8%A7%D8%B7%D8%A9-%D8%A8%D8%A7%D9%84%D8%A8%D8%B1%D9%84%D9%85%D8%A7%D9%86-%D8%A8%D8%B4%D8%A3%D9%86-%D8%AA%D8%B9%D9%82%D9%8A%D8%AF-%D8%A5%D8%AC%D8%B1%D8%A7%D8%A1%D8%A7%D8%AA-%D8%AA%D8%B1%D9%83%D9%8A%D8%A8-%D8%A7%D9%84%D8%B9%D8%AF%D8%A7%D8%AF%D8%A7%D8%AA-%D8%A7%D9%84%D9%83%D9%88%D8%AF%D9%8A%D8%A9-#sectionListing,Masrawy,2025-04-22 17:11:37
"""برلمانية حماة الوطن"" تطالب بالكشف عن استراتيجية وزارة قطاع الأعمال للنهوض بالشركات","""برلمانية حماة الوطن"" تطالب بالكشف عن استراتيجية وزارة قطاع الأعمال للنهوض بالشركات",No date found,No date found,"كتب- نشأت علي:
قال اللواء أيمن عبد المحسن، رئيس الهيئة البرلمانية لحزب حماة الوطن بمجلس الشيوخ، إن ملف تطوير قطاع الأعمال العام تمثل أهمية كبيرة، لاسيما وأنها تندرج تحت رؤية الوزارة.
جاء ذلك خلال الجلسة العامة لمجلس الشيوخ، برئاسة المستشار عبد الوهاب عبد الرازق، أثناء مناقشة عددا من الطلبات بشأن النهوض بقطاع الأعمال العام.
وقال: توطين التكنولوجيا وكذلك التوجه نحو الاقتصاد الأخضر، وتطوير الأصول العقارية لدعم الاقتصاد الوطني تستهدف تحقيق أعلى عائد، وزيادة قدرتها التنافسية، وتحسين أدائتها، ومواكبة التطور التكنولوجيا، والالتزام بالمعايير الدولية.
وأشار إلى أن استراتيجية إعادة هيكلة القطاع العام تستهدف مواجهة البيروقراطية وتدنى مستوى التدريب، وضعف ثقافة العمل، والمشكلات القانونية والإدارية.
وشدد على ضرورة الكشف عن آليات تنفيذ الخطة الاستراتيجية لوزارة قطاع الأعمال والتي سبق الإعلان عنها، وتستهدف النهوض بهذه الشركات.
اقرأ أيضا:
أعلى من العالمي.. ""التموين"": سعر مغرٍ لتوريد القمح المحلي
ذروة الموجة الحارة.. تحذير من ""الأرصاد"" بشأن طقس اليوم الثلاثاء
لماذا يشكل الفسيخ ""مجهول المصدر"" خطراً على صحتك؟.. أستاذة كيمياء الكائنات الدقيقة تحذر",https://www.masrawy.com/news/news_egypt/details/2025/4/22/2775277/-%D8%A8%D8%B1%D9%84%D9%85%D8%A7%D9%86%D9%8A%D8%A9-%D8%AD%D9%85%D8%A7%D8%A9-%D8%A7%D9%84%D9%88%D8%B7%D9%86-%D8%AA%D8%B7%D8%A7%D9%84%D8%A8-%D8%A8%D8%A7%D9%84%D9%83%D8%B4%D9%81-%D8%B9%D9%86-%D8%A7%D8%B3%D8%AA%D8%B1%D8%A7%D8%AA%D9%8A%D8%AC%D9%8A%D8%A9-%D9%88%D8%B2%D8%A7%D8%B1%D8%A9-%D9%82%D8%B7%D8%A7%D8%B9-%D8%A7%D9%84%D8%A3%D8%B9%D9%85%D8%A7%D9%84-%D9%84%D9%84%D9%86%D9%87%D9%88%D8%B6#sectionListing,Masrawy,2025-04-22 17:11:47
نائب يطالب بكشف الكيانات المنتجة بقطاع الأعمال العام الناجحة والمتعثرة,نائب يطالب بكشف الكيانات المنتجة بقطاع الأعمال العام الناجحة والمتعثرة,No date found,No date found,"كتب- نشأت علي:
طالب النائب إيهاب وهبة، رئيس الهيئة البرلمانية لحزب الشعب الجمهوري بمجلس الشيوخ، بكشف الكيانات المنتجة بقطاع الأعمال العام الناجحة والمتعثرة، وسبل تطويرها.
جاء ذلك خلال الجلسة العامة لمجلس الشيوخ، برئاسة المستشار عبد الوهاب عبد الرازق، أثناء مناقشة عددا من الطلبات بشأن النهوض بقطاع الأعمال العام.
وشدد وهبة، على أهمية كشف خطة الحكومة في شأن التعامل مع الشركات المتعثرة، معلنا رفضه استخدام الخصخصة.
واقترح عضو مجلس الشيوخ، الاستعانة ببيوت خبرة أجنبية أو داخلية من القطاع الخاص من أجل النهوض بهذه الشركات، قائلا: الجميع يعلم أن المشكلة في مصر تتمثل في الإدارة.
وكشف النائب إيهاب وهبة، أن أصول بعض الشركات أغلى من ثمنها في البورصة، مطالبا باستغلال هذه الأصول بصورة أفضل، مستشهدا بنجاح مصر في إدارة أراضي مشروع الرأس الحكمة.
اقرأ أيضا:
أعلى من العالمي.. ""التموين"": سعر مغرٍ لتوريد القمح المحلي
ذروة الموجة الحارة.. تحذير من ""الأرصاد"" بشأن طقس اليوم الثلاثاء
لماذا يشكل الفسيخ ""مجهول المصدر"" خطراً على صحتك؟.. أستاذة كيمياء الكائنات الدقيقة تحذر",https://www.masrawy.com/news/news_egypt/details/2025/4/22/2775275/%D9%86%D8%A7%D8%A6%D8%A8-%D9%8A%D8%B7%D8%A7%D9%84%D8%A8-%D8%A8%D9%83%D8%B4%D9%81-%D8%A7%D9%84%D9%83%D9%8A%D8%A7%D9%86%D8%A7%D8%AA-%D8%A7%D9%84%D9%85%D9%86%D8%AA%D8%AC%D8%A9-%D8%A8%D9%82%D8%B7%D8%A7%D8%B9-%D8%A7%D9%84%D8%A3%D8%B9%D9%85%D8%A7%D9%84-%D8%A7%D9%84%D8%B9%D8%A7%D9%85-%D8%A7%D9%84%D9%86%D8%A7%D8%AC%D8%AD%D8%A9-%D9%88%D8%A7%D9%84%D9%85%D8%AA%D8%B9%D8%AB%D8%B1%D8%A9#sectionListing,Masrawy,2025-04-22 17:11:57
"هاني رمزي: ""لام شمسية"" من أعظم أعمال الدراما المصرية","هاني رمزي: ""لام شمسية"" من أعظم أعمال الدراما المصرية",No date found,No date found,"كتب- عمرو صالح:
قال الفنان هاني رمزي، إنه يجب على المعنيين النهوض بالدراما المصرية ووضعها في نصابها المستحق كسابق عهدها، مشيرًا إلى أن شركات الإنتاج تعددت؛ لكن القدرة الشرائية للقنوات تراجعت بشكل كبير، وانعكس عليها بتدهور الأوضاع الاقتصادية للمنتجين والفنانين.
وأوضح رمزي، خلال كلمته بمؤتمر مستقبل الدراما المصرية الذي نظمته الهيئة الوطنية للإعلام بماسبيرو، اليوم الثلاثاء، أن أولى خطوات النهوض بالدراما هي توافر المناخ المناسب للحرية والإبداع والفن، قائلًا ""عايزين مزيد من الحريات، وأنا اتعرضت لمشاكل كتير بسبب الرقابة"".
وأشار رمزي إلى أن مسلسل ""لام شمسية"" سرد الواقع المصري بكل مشتملاته، قائلًا ""لام شمسية من أعظم الأعمال التي شهدتها الدراما المصرية"".
واختتم رمزي حديثه، متسائلًا: شركات الإنتاج كثرت..لكن هتعرض فين؟
اقرأ أيضًا:
أعلى من العالمي.. ""التموين"": سعر مغرٍ لتوريد القمح المحلي
ذروة الموجة الحارة.. تحذير من ""الأرصاد"" بشأن طقس اليوم الثلاثاء
لماذا يشكل الفسيخ ""مجهول المصدر"" خطراً على صحتك؟.. أستاذة كيمياء الكائنات الدقيقة تحذر",https://www.masrawy.com/news/news_egypt/details/2025/4/22/2775270/%D9%87%D8%A7%D9%86%D9%8A-%D8%B1%D9%85%D8%B2%D9%8A-%D9%84%D8%A7%D9%85-%D8%B4%D9%85%D8%B3%D9%8A%D8%A9-%D9%85%D9%86-%D8%A3%D8%B9%D8%B8%D9%85-%D8%A3%D8%B9%D9%85%D8%A7%D9%84-%D8%A7%D9%84%D8%AF%D8%B1%D8%A7%D9%85%D8%A7-%D8%A7%D9%84%D9%85%D8%B5%D8%B1%D9%8A%D8%A9-#sectionListing,Masrawy,2025-04-22 17:12:04
صور.. حملة لإزالة الإشغالات بمحيط محطة عدلي منصور,صور.. حملة لإزالة الإشغالات بمحيط محطة عدلي منصور,No date found,No date found,"كتب- محمد نصار:
وجه اللواء أركان حرب تامر شوشة، رئيس حي النزهة، الأجهزة التنفيذية بالحي (إدارة الإشغالات وإدارة المتابعة الميدانية) اليوم الثلاثاء، بشن حملة لمتابعة محطة عدلي منصور، وامتداد محطة عدلي منصور لتحقيق الانضباط للشارع وعدم وجود أي إشغالات أو تعديات تعوق حركة المارة، وتشوه المظهر العام، كما تم رفع إشغالات حواجز حديدية من شارع المدينة المنورة.
وأكد رئيس حي النزهة، استمرار تكثيف الحملات على مدار اليوم والمتابعة الميدانية المستمرة للتصدي ورفع ما يستجد من إشغالات بنطاق الحي.
يأتي ذلك في ضوء تنفيذ تعليمات الدكتور إبراهيم صابر، محافظ القاهرة، وتوجيهات المهندسة منى البطراوي، نائب المحافظ للمنطقة الشرقية، بضرورة تكثيف الحملات الدورية للقضاء على ظاهرة الإشغالات.
اقرأ أيضا:
أعلى من العالمي.. ""التموين"": سعر مغرٍ لتوريد القمح المحلي
ذروة الموجة الحارة.. تحذير من ""الأرصاد"" بشأن طقس اليوم الثلاثاء
لماذا يشكل الفسيخ ""مجهول المصدر"" خطراً على صحتك؟.. أستاذة كيمياء الكائنات الدقيقة تحذر",https://www.masrawy.com/news/news_egypt/details/2025/4/22/2775259/%D8%B5%D9%88%D8%B1-%D8%AD%D9%85%D9%84%D8%A9-%D9%84%D8%A5%D8%B2%D8%A7%D9%84%D8%A9-%D8%A7%D9%84%D8%A5%D8%B4%D8%BA%D8%A7%D9%84%D8%A7%D8%AA-%D8%A8%D9%85%D8%AD%D9%8A%D8%B7-%D9%85%D8%AD%D8%B7%D8%A9-%D8%B9%D8%AF%D9%84%D9%8A-%D9%85%D9%86%D8%B5%D9%88%D8%B1#sectionListing,Masrawy,2025-04-22 17:12:13
محافظ القاهرة يهنئ أسقف الإسكندرية للأرمن الكاثوليك بعيد القيامة,محافظ القاهرة يهنئ أسقف الإسكندرية للأرمن الكاثوليك بعيد القيامة,No date found,No date found,"كتب- محمد نصار:
زار الدكتور إبراهيم صابر، محافظ القاهرة، المطران كريكور أوغسطينوس كوسا، أسقف الإسكندرية للأرمن الكاثوليك، لتقديم التهنئة بعيد القيامة، داعيا الله أن يجعله عيدًا سعيدًا على جميع المسيحيين والمصريين جميعًا.
رافق المحافظ في زيارته، اللواء إبراهيم عبد الهادي، نائب المحافظ للمنطقة الغربية، وعدد من قيادات المحافظة.
اقرأ أيضًا:
أعلى من العالمي.. ""التموين"": سعر مغرٍ لتوريد القمح المحلي
ذروة الموجة الحارة.. تحذير من ""الأرصاد"" بشأن طقس اليوم الثلاثاء
لماذا يشكل الفسيخ ""مجهول المصدر"" خطراً على صحتك؟.. أستاذة كيمياء الكائنات الدقيقة تحذر",https://www.masrawy.com/news/news_egypt/details/2025/4/22/2775257/%D9%85%D8%AD%D8%A7%D9%81%D8%B8-%D8%A7%D9%84%D9%82%D8%A7%D9%87%D8%B1%D8%A9-%D9%8A%D9%87%D9%86%D8%A6-%D8%A3%D8%B3%D9%82%D9%81-%D8%A7%D9%84%D8%A5%D8%B3%D9%83%D9%86%D8%AF%D8%B1%D9%8A%D8%A9-%D9%84%D9%84%D8%A3%D8%B1%D9%85%D9%86-%D8%A7%D9%84%D9%83%D8%A7%D8%AB%D9%88%D9%84%D9%8A%D9%83-%D8%A8%D8%B9%D9%8A%D8%AF-%D8%A7%D9%84%D9%82%D9%8A%D8%A7%D9%85%D8%A9#sectionListing,Masrawy,2025-04-22 17:12:22
"""قومي حقوق الإنسان"" يزور شمال سيناء لمتابعة تطبيق التأمين الصحي الشامل","""قومي حقوق الإنسان"" يزور شمال سيناء لمتابعة تطبيق التأمين الصحي الشامل",No date found,No date found,"كتب- محمد نصار:
أعلن المجلس القومي لحقوق الإنسان، عن تنظيم زيارة ميدانية إلى محافظة شمال سيناء خلال يومي 22 و23 أبريل 2025، وذلك لمتابعة الاستعدادات الجارية لتطبيق المرحلة الثانية من منظومة التأمين الصحي الشامل بالمحافظة.
تأتي الزيارة ضمن خطة عمل لجنة الحقوق الاجتماعية، وتهدف إلى تقييم مدى التقدم في تنفيذ بنود المرحلة الثانية من مشروع التأمين الصحي الشامل، والتي تشمل محافظات جديدة على رأسها شمال سيناء.
ويركز وفد المجلس على تفقد الوحدات الصحية والمستشفيات المركزية لمراجعة الجاهزية الفنية والبنية التحتية وتقييم كفاءة منظومة الحوكمة والتمويل المخصصة للخدمات الصحية.
ويضم الوفد، الدكتورة نهي طلعت عبد القوي أمينة اللجنة الاجتماعية، والدكتور ولاء جاد الكريم، ومحمد ممدوح، أعضاء اللجنة، بالإضافة إلى أعضاء الأمانة العامة بالمجلس: أسماء فوزي، ورامي علام، وهاني الحسيني.
ومن المقرر أن يعقد الوفد لقاءات ميدانية مع القيادات المحلية والتنفيذية، وكذلك مع عدد من ممثلي المجتمع المدني والمواطنين للاستماع إلى ملاحظاتهم ومطالبهم المتعلقة بحقوقهم الصحية والاجتماعية.
وأكدت الدكتورة نهى طلعت، أن هذه الزيارة تأتي في سياق متابعة المجلس لتوصيات ""المراجعة الدورية الشاملة"" التي التزمت بها الدولة المصرية أمام مجلس حقوق الإنسان التابع للأمم المتحدة، والتي نصت على ضرورة توسيع مظلة الحماية الاجتماعية والرعاية الصحية لتشمل جميع الفئات، خاصة في المحافظات الحدودية والمناطق النائية.
ويُعتبر مشروع التأمين الصحي الشامل، من أهم أدوات الدولة لتحقيق التنمية المستدامة والعدالة الاجتماعية، حيث يهدف إلى توفير خدمات صحية عالية الجودة لجميع المواطنين دون تمييز، وفي إطار تكافؤ الفرص.
وتأتي محافظة شمال سيناء، في صدارة المحافظات المستهدفة في هذه المرحلة، في ضوء التحول الذي تشهده في أعقاب العمليات التنموية والأمنية التي قامت بها الدولة خلال السنوات الماضية لمواجهة الإرهاب وتثبيت دعائم الاستقرار.
ومن المتوقع أن تُسفر الزيارة عن عدد من التوصيات الفنية والإدارية لدعم خطط الحكومة في تعزيز جودة الرعاية الصحية وتوفير الحماية الاجتماعية الكاملة للمواطنين، بما يتماشى مع التزامات مصر الدستورية والدولية في مجال حقوق الإنسان.
ويصدر المجلس القومي لحقوق الإنسان في نهاية الزيارة تقريرًا تفصيليًا يتضمن نتائج المتابعة الميدانية، والملاحظات الرئيسية حول جاهزية البنية الصحية، ومستوى التنسيق بين الجهات المعنية، إلى جانب عرض التوصيات المقترحة لدعم تحسين الخدمات وضمان استدامة المنظومة
اقرأ أيضًا:
أعلى من العالمي.. ""التموين"": سعر مغرٍ لتوريد القمح المحلي
ذروة الموجة الحارة.. تحذير من ""الأرصاد"" بشأن طقس اليوم الثلاثاء
لماذا يشكل الفسيخ ""مجهول المصدر"" خطراً على صحتك؟.. أستاذة كيمياء الكائنات الدقيقة تحذر",https://www.masrawy.com/news/news_egypt/details/2025/4/22/2775256/-%D9%82%D9%88%D9%85%D9%8A-%D8%AD%D9%82%D9%88%D9%82-%D8%A7%D9%84%D8%A5%D9%86%D8%B3%D8%A7%D9%86-%D9%8A%D8%B2%D9%88%D8%B1-%D8%B4%D9%85%D8%A7%D9%84-%D8%B3%D9%8A%D9%86%D8%A7%D8%A1-%D9%84%D9%85%D8%AA%D8%A7%D8%A8%D8%B9%D8%A9-%D8%AA%D8%B7%D8%A8%D9%8A%D9%82-%D8%A7%D9%84%D8%AA%D8%A3%D9%85%D9%8A%D9%86-%D8%A7%D9%84%D8%B5%D8%AD%D9%8A-%D8%A7%D9%84%D8%B4%D8%A7%D9%85%D9%84#sectionListing,Masrawy,2025-04-22 17:12:30
"منحة مجانية.. تفاصيل مبادرة ""الرواد الرقميون"" التي أطلقتها وزارة الاتصالات","منحة مجانية.. تفاصيل مبادرة ""الرواد الرقميون"" التي أطلقتها وزارة الاتصالات",No date found,No date found,"كتبت- آية محمد:
أطلقت وزارة الاتصالات وتكنولوجيا المعلومات مبادرة ""الرواد الرقميون"" وهي منحة تدريبية مجانية بالكامل، بهدف إحداث نقلة نوعية في قطاع تكنولوجيا المعلومات والاتصالات من خلال إعداد كوادر مدرّبة كمًا وكيفًا، وزيادة فرص توظيف الشباب وتمكينهم من النجاح في بيئات العمل المختلفة، بما يسهم في بناء مصر الرقمية.
وتأتي هذه المبادرة ضمن جهود الوزارة لبناء مجتمع رقمي متكامل، وتعزيز ثقافة الابتكار، ودعم تنافسية الكفاءات المصرية على المستوى العالمي، وبناء شراكات طويلة الأمد مع كبرى الشركات الدولية والجامعات المتخصصة لفتح آفاق عالمية أمام الشباب وتنمية خبراتهم.
ويُنفذ البرنامج بالتعاون مع الأكاديمية العسكرية المصرية وكبرى شركات التكنولوجيا، مثل جوجل وسيسكو وهواوي وأمازون ويب سيرفيسز ""AWS"" وفورتينت وفاليو وبالو ألتو وأوراكل ومايكروسوفت وكاسبرسكي وأي بي إم ""IBM"".
وتستهدف المبادرة الشباب من سن 18 إلى 32 عامًا من مختلف التخصصات، وتركّز على تطوير مهاراتهم في مجالات تكنولوجيا المعلومات والاتصالات وتطبيقاتها الحديثة، إلى جانب المهارات الشخصية والقيادية واللغوية، بما يتناسب مع متطلبات سوق العمل.
وتتضمن المبادرة عدة برامج يختار المتدرب من بينها عند التسجيل، وتشمل أولًا ""برنامج الدبلوم المكثف"" ومدته أربعة أشهر، ويهدف إلى تزويد المشاركين بالمهارات العملية والمعرفة المتخصصة في مجالات تطوير البرمجيات، والذكاء الاصطناعي وعلوم البيانات، وتحليل البيانات، والبنية التحتية والأمن السيبراني، والتكنولوجيا التطبيقية، والفنون الرقمية.
والمسار الثاني هو ""برنامج الدبلوم المتخصص"" ويستمر تسعة أشهر، ويهدف إلى تمكين المشاركين من اكتساب معرفة متعمقة ومهارات عملية متقدمة في مجالات تقنية محددة، هي الذكاء الاصطناعي وعلوم البيانات، والذكاء الاصطناعي التطبيقي وتحليل البيانات، وتطوير البرمجيات المعتمدة على الذكاء الاصطناعي، والأمن السيبراني، والشبكات والبنية التحتية التكنولوجية، والنظم المدمجة.
أما المسار الثالث فهو ""برنامج الماجستير المهني"" ومدته 12 شهرًا، ويهدف إلى تزويد المتخصصين بالمعرفة المتقدمة والمهارات التطبيقية في مجالات التكنولوجيا والابتكار الرقمي مما يمكّنهم من قيادة المشاريع الرقمية واتخاذ قرارات استراتيجية قائمة على أسس علمية وتقنية حديثة، ويتضمن مجالات الذكاء الاصطناعي وعلوم البيانات، وتحليل الأعمال، وتطوير البرمجيات المعتمدة على الذكاء الاصطناعي، والأمن السيبراني، والنظم الإلكترونية.
والمسار الرابع هو ""برنامج ماجستير العلوم"" ويستمر 24 شهرًا، ويستهدف الباحثين والمتخصصين الراغبين في تعميق معرفتهم العلمية وإجراء دراسات متقدمة والمساهمة في تطوير الحلول التقنية المستقبلية، ويهدف البرنامج إلى تزويد المشاركين بأسس علمية قوية تجمع بين البحث الأكاديمي والتطبيق العملي في مختلف مجالات العلوم والتكنولوجيا، ويشمل تخصص الذكاء الاصطناعي وعلوم البيانات.
وبالإضافة لذلك، يتضمن برنامج المبادرة أنشطة علمية وثقافية ورياضية واجتماعية تهدف إلى تعزيز الانتماء وبناء شخصية متكاملة.
ويحصل المتدربون على مجموعة من المزايا، تشمل معسكرات تدريب وإقامة مجانية بالكامل وشهادات معتمدة وشهادة ماجستير من جامعة دولية مرموقة، بالإضافة إلى فرص للمشاركة في فعاليات ومسابقات تكنولوجية محلية ودولية، وجوائز للمتميزين.
اقرأ أيضًا:
رابط التقديم.. وزارة الاتصالات تفتح باب التسجيل في مبادرة الرواد الرقميون
شركة شاي تحول مؤسسها إلى ملياردير.. فما القصة؟
مصلحة الضرائب: لن يتم قبول أي فاتورة ورقية بداية من يوليو 2023",https://www.masrawy.com/news/news_economy/details/2025/4/22/2775341/%D9%85%D9%86%D8%AD%D8%A9-%D9%85%D8%AC%D8%A7%D9%86%D9%8A%D8%A9-%D8%AA%D9%81%D8%A7%D8%B5%D9%8A%D9%84-%D9%85%D8%A8%D8%A7%D8%AF%D8%B1%D8%A9-%D8%A7%D9%84%D8%B1%D9%88%D8%A7%D8%AF-%D8%A7%D9%84%D8%B1%D9%82%D9%85%D9%8A%D9%88%D9%86-%D8%A7%D9%84%D8%AA%D9%8A-%D8%A3%D8%B7%D9%84%D9%82%D8%AA%D9%87%D8%A7-%D9%88%D8%B2%D8%A7%D8%B1%D8%A9-%D8%A7%D9%84%D8%A7%D8%AA%D8%B5%D8%A7%D9%84%D8%A7%D8%AA-#sectionListing,Masrawy,2025-04-22 17:13:06
صندوق النقد يرفع توقعاته لنمو اقتصاد مصر,صندوق النقد يرفع توقعاته لنمو اقتصاد مصر,No date found,No date found,"كتبت- منال المصري:
رفع صندوق النقد الدولي توقعاته لنمو اقتصاد مصر إلى 3.8% خلال العام المالي الحالي الذي ينتهي في يونيو 2025 مقابل 3.6% في توقعات سابقة، بحسب تقرير آفاق الاقتصاد العالمي.
كان معدل نمو اقتصاد مصر سجل انكماشا 2.4% خلال العام المالي الماضي بسبب أزمة نقص النقد الأجنبي التي مرت بها مصر وانعكاس ارتفاع التوترات في منطقة البحر الأحمر على إيرادات قناة السويس.
لكن الدكتورة رانيا المشاط، وزيرة التخطيط والتنمية الاقتصادية والتعاون الدولي، توقعت في وقت سابق ارتفاع معدل نمو الاقتصاد المصري إلى 4% خلال العام المالي الحالي.
رفع الصندوق توقعاته أيضا لنمو الناتج المحلي المصري للعام المالي المقبل إلى 4.3% من 4.1% في توقعات سابقة، بحسب ما جاء في تقرير آفاق الاقتصاد العالمي.
وتوقعت الدكتورة رانيا المشاط، وزيرة التخطيط والتنمية الاقتصادية والتعاون الدولي، ارتفاع معدل نمو الاقتصاد المصري إلى 4.5% في العام المالي المقبل (2025-2026)، رغم التحديات الناتجة عن السياسات التجارية الحمائية العالمية.",https://www.masrawy.com/news/news_economy/details/2025/4/22/2775338/%D8%B5%D9%86%D8%AF%D9%88%D9%82-%D8%A7%D9%84%D9%86%D9%82%D8%AF-%D9%8A%D8%B1%D9%81%D8%B9-%D8%AA%D9%88%D9%82%D8%B9%D8%A7%D8%AA%D9%87-%D9%84%D9%86%D9%85%D9%88-%D8%A7%D9%82%D8%AA%D8%B5%D8%A7%D8%AF-%D9%85%D8%B5%D8%B1#sectionListing,Masrawy,2025-04-22 17:13:15
المؤشر الرئيسي للبورصة يهبط وحيدًا بنهاية تعاملات الثلاثاء,المؤشر الرئيسي للبورصة يهبط وحيدًا بنهاية تعاملات الثلاثاء,No date found,No date found,"كتبت- دينا كرم:
انخفض المؤشر الرئيسي للبورصة المصرية EGX30 بنسبة 0.7 % عند مستوى 30844 نقطة، بختام جلسة اليوم الثلاثاء.
وصعد مؤشر EGX 70 للأسهم الصغيرة والمتوسطة 0.83 % وزاد مؤشر EGX100 الأوسع نطاقا بنسبة %0.46.
وسجلت تعاملات المستثمرين العرب صافي بيع من الأسهم بقيمة 4.40 مليون جنيه، وسجلت تعاملات المستثمرين الأجانب صافي بيع من الأسهم بقيمة 131.43 مليون جنيه، بينما سجلت تعاملات المستثمرين المصريين صافي شراء بقيمة 135.83 مليون جنيه.
وكان المؤشر الرئيسي للبورصة المصرية EGX30 ارتفع بنسبة 0.10% عند مستوى 31062 نقطة، بختام جلسة الخميس الماضي.",https://www.masrawy.com/news/news_economy/details/2025/4/22/2775316/%D8%A7%D9%84%D9%85%D8%A4%D8%B4%D8%B1-%D8%A7%D9%84%D8%B1%D8%A6%D9%8A%D8%B3%D9%8A-%D9%84%D9%84%D8%A8%D9%88%D8%B1%D8%B5%D8%A9-%D9%8A%D9%87%D8%A8%D8%B7-%D9%88%D8%AD%D9%8A%D8%AF-%D8%A7-%D8%A8%D9%86%D9%87%D8%A7%D9%8A%D8%A9-%D8%AA%D8%B9%D8%A7%D9%85%D9%84%D8%A7%D8%AA-%D8%A7%D9%84%D8%AB%D9%84%D8%A7%D8%AB%D8%A7%D8%A1#sectionListing,Masrawy,2025-04-22 17:13:26
تعرف على سعر الذهب المعلن بموقع البورصة المصرية الثلاثاء 22 أبريل 2025,تعرف على سعر الذهب المعلن بموقع البورصة المصرية الثلاثاء 22 أبريل 2025,No date found,No date found,"كتبت- دينا كرم:
يختلف السعر الاسترشادي للذهب المنشور على موقع البورصة المصرية يوميًا بحسب سعر الأوقية بالبورصات العالمية، حيث وصل سعر العرض لعيار 24 (أي الشراء من المستهلك) اليوم الثلاثاء إلى نحو 5609 جنيهًا، وسجل سعر الطلب (البيع للمستهلك) نحو 5691 جنيهًا.
بناءً على هذا السعر، فإن سعر جرام الذهب عيار 21 في حالة البيع للمستهلك يصل إلى نحو 4979 جنيهًا والجرام عيار 18 إلى نحو 4268 جنيهًا.
وسجل سعر الجنيه الذهب بذلك 39832 جنيهًا، بناءً على المستويات المذكورة.",https://www.masrawy.com/news/news_economy/details/2025/4/22/2775312/%D8%AA%D8%B9%D8%B1%D9%81-%D8%B9%D9%84%D9%89-%D8%B3%D8%B9%D8%B1-%D8%A7%D9%84%D8%B0%D9%87%D8%A8-%D8%A7%D9%84%D9%85%D8%B9%D9%84%D9%86-%D8%A8%D9%85%D9%88%D9%82%D8%B9-%D8%A7%D9%84%D8%A8%D9%88%D8%B1%D8%B5%D8%A9-%D8%A7%D9%84%D9%85%D8%B5%D8%B1%D9%8A%D8%A9-%D8%A7%D9%84%D8%AB%D9%84%D8%A7%D8%AB%D8%A7%D8%A1-22-%D8%A3%D8%A8%D8%B1%D9%8A%D9%84-2025#sectionListing,Masrawy,2025-04-22 17:13:34
ناصف ساويرس يكشف أسباب مغادرته من بريطانيا: سوء إدارة الحكومة,ناصف ساويرس يكشف أسباب مغادرته من بريطانيا: سوء إدارة الحكومة,No date found,No date found,"كتبت- دينا كرم:
حمّل الملياردير المصري ناصف ساويرس حكومات حزب المحافظين في بريطانيا مسؤولية قراره بمغادرة المملكة المتحدة، بعد 15 عاماً من الإقامة فيها، بسبب ما وصفه بـ""سنوات من سوء الإدارة""، والتغييرات الضريبية الأخيرة التي تهدد ثروات الأثرياء غير المقيمين، بحسب ما ذكره لصحيفة ""فاينانشال تايمز"".
وقال ساويرس: ""لا يمكن لوم حزب العمال، عشر سنوات من عدم الكفاءة من قِبل حزب المحافظين الأكثر ميلاً إلى اليسار تاريخياً كانت كفيلة لما آلت إليه الأمور"".
أدت التغييرات، التي أعلن عنها وزير المالية المحافظ جيريمي هانت، وأكّدتها في خريف العام الماضي خليفته عن حزب العمال، راشيل ريفز، إلى إنهاء نظام ضريبي كان يسمح للمقيمين في المملكة المتحدة الذين أعلنوا أن إقامتهم الدائمة في مكان آخر بتجنّب دفع ضرائب على الدخل والأرباح الأجنبية.
وينضم ساويرس، إلى موجة من الأثرياء الآخرين الذين غادروا المملكة المتحدة أو يفكرون في مغادرتها - مثل قطب صناعة الصلب لاكشمي ميتال - عقب التغييرات الضريبية التي دخلت حيز التنفيذ في 6 أبريل.
وتعرّضت ريفز لانتقادات لاذعة بسبب سلسلة زيادات الضرائب التي كان الهدف منها معالجة المالية العامة المتردية في المملكة المتحدة ومساعدتها على الوفاء بما يسمى بالقواعد المالية لتجنب ارتفاع أسعار الفائدة على الدين الحكومي.
وقال ساويرس عن ريفز: ""أشعر بالأسف عليها، تتصرف مثل مارغريت تاتشر في الانضباط المالي وإلا، لكانت المملكة المتحدة تطبق معدل فائدة 7%"".
مع ذلك، حذّر ساويرس من أن على ريفز أن تكون أكثر مرونة مع رجال الأعمال الأثرياء، نظراً لأن مساهماتهم الضريبية قد تلعب دوراً رئيسياً في تمويل الخدمات الحكومية.
وأضاف أنه من المرجح أن يكون من الصعب إقناع العديد من المغادرين بالعودة، ""أصحاب الثروات الكبيرة أو رواد الأعمال الأثرياء لديهم خيارات وعليها أن تعاملهم كأفضل عملائها""، بحسب ساويرس.
وأضاف: ""لا أعرف أي شخص في دائرتي لن ينتقل في أبريل هذا العام، أو أبريل المقبل، إذا كان [لأطفالهم] عام دراسي أو ما شابه ذلك"".
وأكد ساويرس أيضاً أن التغييرات على ضريبة الميراث - التي أدخلها حزب العمال - لعبت أيضاً دوراً في قراره بالتخلي عن إقامته في المملكة المتحدة.
قال ساويرس: ""استغلت ريفز ميزانية أكتوبر لإنهاء استخدام الصناديق الاستئمانية الخارجية لتجنب ضريبة الميراث البريطانية البالغة 40%، هذا التغيير يعني أن الأثرياء سيخاطرون بنصف صافي ثرواتهم إذا ماتوا أثناء إقامتهم في المملكة المتحدة"".
وأضاف ""في السابع من أبريل، إذا صدمتني حافلة، فستعلن عائلتي إفلاسها، إذ سيتعيّن عليهم دفع ضرائب بنسبة 40% تقريباً. ولأن أصولي غير سائلة سيضطرون إلى بيع أسهمهم بأسعار بخسة لسداد هذه الفاتورة.""
وذكر ساويرس: ""منحتني المملكة المتحدة منزلاً عندما جاء الإخوان المسلمون إلى مصر، وسأظل مديناً دائماً"". وأضاف: ""سأحتفظ بمنزلي، وأزيد استثماراتي في أستون فيلا، وأتطلع إلى توسيع الملعب. ولم يغير ذلك من حبي لهذا البلد"".
يواجه دافعو الضرائب البريطانيون المغادرون قيوداً على المدة التي يُسمح لهم بالعودة إليها وقضائها سنوياً، وفي كثير من الحالات 90 يوماً سنوياً، مع 30 يوماً فقط مسموحاً بها للعمل.
استحوذ ساويرس هو والملياردير الأميركي ويس إيدنز، المؤسس المشارك لمجموعة فورتريس للاستثمار، على حصة 55% في النادي مقابل 30 مليون جنيه إسترليني في عام 2018، مما أنقذه من الأزمة المالية وأعاده إلى الدوري الإنجليزي الممتاز لكرة القدم، حيث يحتل الفريق حالياً المركز السابع.
واستثمر ساويرس وشركاؤه بكثافة في النادي لتحسين أدائه ومع ذلك، لم يحقق النادي أرباحاً بعد، وقد باع سابقاً لاعبين شباباً امتثالاً للوائح المالية للدوري الإنجليزي الممتاز التي تحدد مقدار الخسارة المسموح بها للفرق.
واشتكى ساويرس من أن هذه القواعد مخالفة للمنافسة، وتمنع الأندية المنافسة من تقليص الفارق مع أندية مثل مانشستر سيتي وليفربول.
""يعتقد الدوري الإنجليزي الممتاز أن ما يجعله عظيماً هو مانشستر يونايتد وليفربول وتشيلسي وأرسنال، لذا عليهم تلبية احتياجات هؤلاء"" لكن ما يجعل الدوري الإنجليزي الممتاز عظيماً هو أن مانشستر يونايتد يُهزم أمام برايتون.""
سيشهد أستون فيلا زيادة في سعة ملعبه إلى أكثر من 50 ألف مقعد، من 42 ألف مقعد حالياً، كجزء من خطة ساويرس لاستثمار حوالي 100 مليون جنيه إسترليني إضافية في الفريق.
ومع ذلك، لا يزال التطوير معلقاً بموافقة المسؤولين المحليين على المضي قدماً في توسيع خطوط السكك الحديدية.
نقل ساويرس مكتبه العائلي في مجموعة NNS العام الماضي من لوكسمبورغ إلى أبوظبي، حيث أقام علاقات وثيقة مع حكامها، وأصبح من بين الأجانب النادرين الذين حصلوا على الجنسية الإماراتية.
صرح ساويرس لصحيفة ""فاينانشيال تايمز"" العام الماضي أن مزايا أبوظبي تشمل حكومة مستقرة وفعالة، بالإضافة إلى ""قانون إنجليزي دون أجواء إنجليزية"".
وقال ساويرس إن مكتبه في لندن، الواقع فوق معرض فيليبس للفنون، قد أُخلي خلال الأسابيع القليلة الماضية وقد نقل أكثر من 40 موظفاً إلى أبوظبي.
ويضحك قائلاً: ""على موظفيّ الانتقال إلى توفير ضريبي بنسبة 45%، لذا فالأمر ليس صعباً عليهم"".
اقرأ أيضًا:
شركة شاي تحول مؤسسها إلى ملياردير.. فما القصة؟
بعد تخطيه 3400 دولار..شعبة الذهب توضح أسباب القفزة القياسية في سعر الذهب اليوم",https://www.masrawy.com/news/news_economy/details/2025/4/22/2775272/%D9%86%D8%A7%D8%B5%D9%81-%D8%B3%D8%A7%D9%88%D9%8A%D8%B1%D8%B3-%D9%8A%D9%83%D8%B4%D9%81-%D8%A3%D8%B3%D8%A8%D8%A7%D8%A8-%D9%85%D8%BA%D8%A7%D8%AF%D8%B1%D8%AA%D9%87-%D9%85%D9%86-%D8%A8%D8%B1%D9%8A%D8%B7%D8%A7%D9%86%D9%8A%D8%A7-%D8%B3%D9%88%D8%A1-%D8%A5%D8%AF%D8%A7%D8%B1%D8%A9-%D8%A7%D9%84%D8%AD%D9%83%D9%88%D9%85%D8%A9#sectionListing,Masrawy,2025-04-22 17:13:45
خريطة الأسعار اليوم: انخفاض الطماطم والجمبري وارتفاع الذهب,خريطة الأسعار اليوم: انخفاض الطماطم والجمبري وارتفاع الذهب,No date found,No date found,"كتبت- آية محمد:
انخفضت أسعار الطماطم، والجمبري، والكوسة، والملوخية، خلال تعاملات اليوم الثلاثاء، مقارنة بمستوياتها أمس، بحسب بيانات بوابة الأسعار المحلية والعالمية التابعة لمركز معلومات مجلس الوزراء، وأسعار الذهب ترتفع خلال منتصف التعاملات.
ويرصد مصراوي أسعار عدد من السلع الأساسية للمستهلكين في الأسواق اليوم وفقا لبيانات رسمية، ومنها:
أسعار الدواجن اليوم الثلاثاء في الأسواق (موقع رسمي)
أسعار البيض اليوم الثلاثاء بالأسواق (موقع رسمي)
أسعار مواد البناء اليوم الثلاثاء بالأسواق (موقع رسمي)
انخفاض الطماطم.. أسعار الخضروات والفاكهة في سوق العبور اليوم الثلاثاء
انخفاض الجمبري.. أسعار السمك والمأكولات البحرية في سوق العبور اليوم
أسعار السلع الأساسية اليوم الثلاثاء بالأسواق (موقع رسمي)
قفزة في سعر الذهب اليوم في مصر بمنتصف تعاملات الثلاثاء",https://www.masrawy.com/news/news_economy/details/2025/4/22/2775268/%D8%AE%D8%B1%D9%8A%D8%B7%D8%A9-%D8%A7%D9%84%D8%A3%D8%B3%D8%B9%D8%A7%D8%B1-%D8%A7%D9%84%D9%8A%D9%88%D9%85-%D8%A7%D9%86%D8%AE%D9%81%D8%A7%D8%B6-%D8%A7%D9%84%D8%B7%D9%85%D8%A7%D8%B7%D9%85-%D9%88%D8%A7%D9%84%D8%AC%D9%85%D8%A8%D8%B1%D9%8A-%D9%88%D8%A7%D8%B1%D8%AA%D9%81%D8%A7%D8%B9-%D8%A7%D9%84%D8%B0%D9%87%D8%A8#sectionListing,Masrawy,2025-04-22 17:13:53
انطلاق الاجتماع الاستراتيجي الربع سنوي لمجموعة شركات أيمن حامد سليمان,انطلاق الاجتماع الاستراتيجي الربع سنوي لمجموعة شركات أيمن حامد سليمان,No date found,No date found,"انطلقت السبت الماضي فعاليات الاجتماع الاستراتيجي الربع سنوي لمجموعة شركات المستشار الاقتصادي أيمن حامد سليمان، بمشاركة عدد كبير من عملاء المجموعة وشركاء النجاح، وذلك في إطار حرص إدارة المجموعة على تعزيز الشفافية ومواصلة التواصل المباشر مع عملائها وشركاء النجاح.
خلال الاجتماع، استعرض الدكتور أيمن حامد سليمان، رئيس مجلس إدارة المجموعة، أبرز المستجدات وتحدث بكل وضوح عن التحديات التي مرت بها المجموعة مؤخرًا، وفي مقدمتها أزمة وقف حسابات المجموعة والتي أظهرت مدى احترافية المجموعة في إدارة مثل هذه الأزمات.
وأوضح سليمان أن إدارة المجموعة بذلت جهودًا كبيرة لضمان استمرار صرف العوائد للعملاء بشكل نقدي، كحل مؤقت وفعال لتجاوز هذه الأزمة دون أن يتحمل المستثمرون أي أعباء إضافية، مؤكداً أن الحفاظ على حقوق العملاء وتقديم الحلول العملية كان على رأس أولويات المجموعة.
وتوجه الدكتور أيمن بخالص الشكر والامتنان لكل عملاء المجموعة على ثقتهم الكبيرة، وصبرهم، وتفهمهم للظرف القهري الخارج عن إرادة المجموعة، مشيرًا إلى أن هذه الثقة كانت المحرك الأساسي لتخطي التحديات الراهنة.
كما وجه رسالة شكر خاصة إلى جميع موظفي المجموعة على ما قدموه من جهود استثنائية وتفانيًا في العمل خلال هذه المرحلة، مؤكدًا أن تماسك الفريق الداخلي للمجموعة كان أحد الأسباب الرئيسية في استمرار الأداء بكفاءة عالية.
واختتم الاجتماع بعدة مناقشات بناءة تناولت مستقبل الاستثمارات والخطط القادمة، وسط أجواء إيجابية تؤكد على متانة العلاقة بين المجموعة وعملائها، واستمرار الشراكة في تحقيق النجاح والنمو.",https://www.masrawy.com/news/news_economy/details/2025/4/22/2775216/%D8%A7%D9%86%D8%B7%D9%84%D8%A7%D9%82-%D8%A7%D9%84%D8%A7%D8%AC%D8%AA%D9%85%D8%A7%D8%B9-%D8%A7%D9%84%D8%A7%D8%B3%D8%AA%D8%B1%D8%A7%D8%AA%D9%8A%D8%AC%D9%8A-%D8%A7%D9%84%D8%B1%D8%A8%D8%B9-%D8%B3%D9%86%D9%88%D9%8A-%D9%84%D9%85%D8%AC%D9%85%D9%88%D8%B9%D8%A9-%D8%B4%D8%B1%D9%83%D8%A7%D8%AA-%D8%A3%D9%8A%D9%85%D9%86-%D8%AD%D8%A7%D9%85%D8%AF-%D8%B3%D9%84%D9%8A%D9%85%D8%A7%D9%86#sectionListing,Masrawy,2025-04-22 17:14:02
تنظيم الاتصالات يصدر مواعيد العمل الصيفية لمنافذ بيع مقدمي الخدمات,تنظيم الاتصالات يصدر مواعيد العمل الصيفية لمنافذ بيع مقدمي الخدمات,No date found,No date found,"كتبت- آية محمد:
أصدر الجهاز القومي لتنظيم الاتصالات تعليمات بخصوص أوقات عمل منافذ بيع مقدمي خدمات الاتصالات والأوقات الخاصة بالتعامل مع الجمهور ابتداءً من يوم الجمعة الموافق 25 أبريل، وذلك بالإشارة إلى أحكام القانون رقم 24 لسنة 2023 بشأن تقرير نظام التوقيت الصيفي اعتبارًا من الجمعة الأخيرة من شهر أبريل من كل عام.
طوال أيام الأسبوع عدا يومي الخميس والجمعة: من الساعة التاسعة صباحًا وحتى الساعة العاشرة والنصف مساءً.
يوم الخميس: من الساعة التاسعة صباحًا وحتى الساعة الحادية عشرة والنصف مساءً.
يوم الجمعة: من الساعة الثالثة عصرًا وحتى الساعة الحادية عشرة والنصف مساءً.
وتلتزم منافذ بيع مقدمي خدمات الاتصالات المتواجدة بالمراكز التجارية بالمواعيد المقررة بتلك المراكز.",https://www.masrawy.com/news/news_economy/details/2025/4/22/2775214/%D8%AA%D9%86%D8%B8%D9%8A%D9%85-%D8%A7%D9%84%D8%A7%D8%AA%D8%B5%D8%A7%D9%84%D8%A7%D8%AA-%D9%8A%D8%B5%D8%AF%D8%B1-%D9%85%D9%88%D8%A7%D8%B9%D9%8A%D8%AF-%D8%A7%D9%84%D8%B9%D9%85%D9%84-%D8%A7%D9%84%D8%B5%D9%8A%D9%81%D9%8A%D8%A9-%D9%84%D9%85%D9%86%D8%A7%D9%81%D8%B0-%D8%A8%D9%8A%D8%B9-%D9%85%D9%82%D8%AF%D9%85%D9%8A-%D8%A7%D9%84%D8%AE%D8%AF%D9%85%D8%A7%D8%AA#sectionListing,Masrawy,2025-04-22 17:14:11
قفزة في سعر الذهب اليوم في مصر بمنتصف تعاملات الثلاثاء,قفزة في سعر الذهب اليوم في مصر بمنتصف تعاملات الثلاثاء,No date found,No date found,"كتبت- دينا كرم:
ارتفع سعر الذهب اليوم في مصر بنحو 60 جنيهًا، خلال منتصف تعاملات الثلاثاء، مقارنة بمستواه ببداية التعاملات، بحسب ما قاله نادي نجيب سكرتير عام شعبة الذهب بغرفة القاهرة التجارية سابقًا لمصراوي.
صعد سعر الذهب عيار 14 إلى 3297 جنيهًا للجرام.
وارتفع سعر الذهب عيار 18 إلى 4238 جنيه للجرام.
وصعد سعر الذهب عيار 21 إلى 4945 جنيهًا للجرام.
وزاد سعر الذهب عيار 24 إلى 5651 جنيهًا للجرام.
وصعد سعر الجنيه الذهب إلى 39560 جنيه وقد يختلف السعر من تاجر لآخر، ويساوي هذا السعر قيمة الذهب في الجنيه.
سعر سبيكة الذهب 10 جرامات سجل نحو 56510 جنيهًا.
سعر الأونصة (الأوقية) تحتوي على 31.1 جرام سجل نحو 175746 جنيهًا.
سعر سبيكة الذهب 50 جراما سجل نحو 282550 جنيهًا.
وقد يختلف السعر من تاجر لآخر، ويساوي هذا السعر قيمة الذهب في السبيكة، ويحدد سعر السبيكة بناء على سعر جرام عيار 24.
وارتفع سعر الذهب عالميًا بنسبة 0.99% إلى نحو 3457 دولار للأونصة، (وتعادل الأوقية نحو 31.1 جرام من عيار ذهب 24)، وفقًا لآخر تحديث لبيانات وكالة بلومبرج.",https://www.masrawy.com/news/news_economy/details/2025/4/22/2775190/%D9%82%D9%81%D8%B2%D8%A9-%D9%81%D9%8A-%D8%B3%D8%B9%D8%B1-%D8%A7%D9%84%D8%B0%D9%87%D8%A8-%D8%A7%D9%84%D9%8A%D9%88%D9%85-%D9%81%D9%8A-%D9%85%D8%B5%D8%B1-%D8%A8%D9%85%D9%86%D8%AA%D8%B5%D9%81-%D8%AA%D8%B9%D8%A7%D9%85%D9%84%D8%A7%D8%AA-%D8%A7%D9%84%D8%AB%D9%84%D8%A7%D8%AB%D8%A7%D8%A1-#sectionListing,Masrawy,2025-04-22 17:14:18
مصلحة الضرائب: لن يتم قبول أي فاتورة ورقية بداية من يوليو 2023,مصلحة الضرائب: لن يتم قبول أي فاتورة ورقية بداية من يوليو 2023,No date found,No date found,"كتبت- منال المصري:
أعلنت مصلحة الضرائب المصرية تنبيه لتجنب رفض طلب رد الضريبة على القيمة المضافة الخاص بالممول.
وأوضحت في بيان لها اليوم أنه إعتبارًا من 1 يوليو 2023، لا يتم قبول أي فاتورة ورقية كدليل على طلب رد الضريبة.
وأدرجت المصلحة على موقعه الإلكتروني الأوراق اللازمة للإطلاع على المستندات الداعمة لرد الضريبة على القيمة المضافة ، والأسئلة والأجوبة بخصوص اجراءات رد ضريبة القيمة على الرابط التالي: هنا",https://www.masrawy.com/news/news_economy/details/2025/4/22/2775174/%D9%85%D8%B5%D9%84%D8%AD%D8%A9-%D8%A7%D9%84%D8%B6%D8%B1%D8%A7%D8%A6%D8%A8-%D9%84%D9%86-%D9%8A%D8%AA%D9%85-%D9%82%D8%A8%D9%88%D9%84-%D8%A3%D9%8A-%D9%81%D8%A7%D8%AA%D9%88%D8%B1%D8%A9-%D9%88%D8%B1%D9%82%D9%8A%D8%A9-%D8%A8%D8%AF%D8%A7%D9%8A%D8%A9-%D9%85%D9%86-%D9%8A%D9%88%D9%84%D9%8A%D9%88-2023#sectionListing,Masrawy,2025-04-22 17:14:30
رابط التقديم.. وزارة الاتصالات تفتح باب التسجيل في مبادرة الرواد الرقميون,رابط التقديم.. وزارة الاتصالات تفتح باب التسجيل في مبادرة الرواد الرقميون,No date found,No date found,"كتبت- آية محمد:
أعلنت وزارة الاتصالات وتكنولوجيا المعلومات عن فتح باب التسجيل في مبادرة ""الرواد الرقميون"" من خلال الرابط.. اضغط هنا
وتقدَم المبادرة بالتعاون مع الأكاديمية العسكرية المصرية وكبرى شركات التكنولوجيا، وتستهدف الشباب حتى 32 عامًا، من مختلف الخلفيات العلمية، لتطوير مهاراتهم في مجالات تكنولوجيا المعلومات والاتصالات وتطبيقاتها الحديثة، إلى جانب المهارات الشخصية والقيادية واللغوية بهدف تأهيلهم لسوق العمل.
وتتضمن المبادرة عدة برامج يختار منها المتدرب وقت التقديم، وتشمل برنامج الدبلوم المكثف، وبرنامج الدبلوم المتخصص، وبرنامج الماجستير المهني، وبرنامج ماجستير العلوم.
ويحصل المتدربون على عدة مزايا، منها تدريب ميداني وإقامة مجانية شاملة وشهادات معتمدة وفرص للمشاركة في فعاليات ومسابقات تكنولوجية مع جوائز للمتفوقين.
اقرأ أيضًا:
شركة شاي تحول مؤسسها إلى ملياردير.. فما القصة؟
بعد تخطيه 3400 دولار..شعبة الذهب توضح أسباب القفزة القياسية في سعر الذهب اليوم",https://www.masrawy.com/news/news_economy/details/2025/4/22/2775168/%D8%B1%D8%A7%D8%A8%D8%B7-%D8%A7%D9%84%D8%AA%D9%82%D8%AF%D9%8A%D9%85-%D9%88%D8%B2%D8%A7%D8%B1%D8%A9-%D8%A7%D9%84%D8%A7%D8%AA%D8%B5%D8%A7%D9%84%D8%A7%D8%AA-%D8%AA%D9%81%D8%AA%D8%AD-%D8%A8%D8%A7%D8%A8-%D8%A7%D9%84%D8%AA%D8%B3%D8%AC%D9%8A%D9%84-%D9%81%D9%8A-%D9%85%D8%A8%D8%A7%D8%AF%D8%B1%D8%A9-%D8%A7%D9%84%D8%B1%D9%88%D8%A7%D8%AF-%D8%A7%D9%84%D8%B1%D9%82%D9%85%D9%8A%D9%88%D9%86#sectionListing,Masrawy,2025-04-22 17:14:37
هيئة الاستثمار تستعرض التجربة المصرية في تسوية المنازعات في مؤتمر دولي بالرباط,هيئة الاستثمار تستعرض التجربة المصرية في تسوية المنازعات في مؤتمر دولي بالرباط,No date found,No date found,"كتبت- منال المصري:شاركت الهيئة العامة للاستثمار والمناطق الحرة في فعاليات المناظرة الوطنية حول تدبير منازعات الدولة والوقاية منها، التي نُظمت بالعاصمة المغربية، الرباط، بمشاركة إقليمية ودولية واسعة.
وقامت الدكتورة إيمان منصور، مديرة مركز تسوية منازعات الاستثمار بمصر، بعرض التجربة المصرية لتسوية منازعات الاستثمار، حيث يتم الاعتماد على آليات التفاوض المباشر والحلول الودية في تسوية المنازعات، بهدف تعزيز ثقة المستثمرين واستمرارية تدفق الاستثمارات، في ظل بيئة تشريعية واقتصادية متطورة وداعمة للاستثمار.
شهدت جلسات المؤتمر حضور عزيز أخنوش، رئيس الحكومة المغربية، ونادية فتاح العلوي، وزيرة الاقتصاد والمالية بالمغرب، بالإضافة إلى عدد من الشخصيات الدولية البارزة، من بينها كليمنس أولسينا، مديرة الشؤون القانونية والوكيل القضائي للدولة بفرنسا، وخيسوس مورينو فيفاس، المدير العام للمنازعات بمكتب المحامي العام للدولة بإسبانيا، وأمادو مباي جيسي، الوكيل القضائي للدولة بالسنغال، والمستشار عبدالرزاق شعيب، رئيس هيئة قضايا الدولة بمصر.
وتناولت الجلسات موضوعات استراتيجية مثل الحوكمة، والتحكيم، والرقمنة، والاستراتيجيات الوقائية لإدارة المنازعات، وأشاد عدد من الحضور بالتجربة المصرية في مجال الوساطة، والتي نجحت في إنهاء مئات المنازعات بأقل تكلفة مُمكنة.
وقالت لورا فضل الله، عضو فريق التحكيم الدولي للاستشارات، إن مصر عملت على تحديث تشريعاتها وتعزيز مؤسساتها الخاصة بتسوية المنازعات، مما أسهم في تحسين مناخ الاستثمار وزيادة جاذبيته.
من جانبه أكد أحمد نهاد عبد اللطيف، سفير مصر في المغرب، أثناء استضافته للوفد المصري المشارك في فعاليات المناظرة الوطنية، حرص وزارة الخارجية على دعم جهود التعاون القانوني والاستثماري بين البلدين الشقيقين.",https://www.masrawy.com/news/news_economy/details/2025/4/22/2775153/%D9%87%D9%8A%D8%A6%D8%A9-%D8%A7%D9%84%D8%A7%D8%B3%D8%AA%D8%AB%D9%85%D8%A7%D8%B1-%D8%AA%D8%B3%D8%AA%D8%B9%D8%B1%D8%B6-%D8%A7%D9%84%D8%AA%D8%AC%D8%B1%D8%A8%D8%A9-%D8%A7%D9%84%D9%85%D8%B5%D8%B1%D9%8A%D8%A9-%D9%81%D9%8A-%D8%AA%D8%B3%D9%88%D9%8A%D8%A9-%D8%A7%D9%84%D9%85%D9%86%D8%A7%D8%B2%D8%B9%D8%A7%D8%AA-%D9%81%D9%8A-%D9%85%D8%A4%D8%AA%D9%85%D8%B1-%D8%AF%D9%88%D9%84%D9%8A#sectionListing,Masrawy,2025-04-22 17:14:46
أسعار النفط ترتفع رغم توترات السياسة النقدية والرسوم الجمركية,أسعار النفط ترتفع رغم توترات السياسة النقدية والرسوم الجمركية,No date found,No date found,"كتبت- دينا كرم:
ارتفعت أسعار النفط اليوم الثلاثاء، حيث استفاد المستثمرون من خسائر اليوم السابق لتغطية مراكز البيع على المكشوف، على الرغم من استمرار المخاوف بشأن الرياح المعاكسة الاقتصادية من الرسوم الجمركية والسياسة النقدية الأميركية التي قد تؤثر على طلب الوقود، بحسب وكالة ""رويترز"".
وارتفعت العقود الآجلة لخام برنت 79 سنتًا، أي ما يعادل 1.19%، لتصل إلى 67.05 دولارًا للبرميل وبلغ عقد خام غرب تكساس الوسيط الأمريكي 64.05 دولارًا للبرميل، بارتفاع 97 سنتًا، أي ما يعادل 1.54%.
وانخفض الخامان القياسيان بأكثر من 2% أمس الاثنين، حيث ساعدت مؤشرات التقدم في محادثات الاتفاق النووي بين الولايات المتحدة وإيران في تخفيف المخاوف بشأن الإمدادات.
وقال هيرويوكي كيكوكاوا كبير الاستراتيجيين في نيسان سيكيوريتيز إنفستمنت، وهي وحدة تابعة لشركة نيسان سيكيوريتيز، ""ظهرت بعض عمليات تغطية المراكز القصيرة بعد عمليات البيع الحادة يوم الاثنين""..
وأضاف أن ""المخاوف بشأن الركود المحتمل الناجم عن حرب الرسوم الجمركية لا تزال قائمة""، متوقعا أن يتم تداول خام غرب تكساس الوسيط في نطاق 55 إلى 65 دولارا في الوقت الحالي نظرا لعدم اليقين المستمر المتعلق بالرسوم الجمركية.
وكرر الرئيس الأمريكي دونالد ترامب ، يوم الاثنين، انتقاداته لرئيس مجلس الاحتياطي الفيدرالي جيروم باول، وقال إن الاقتصاد الأمريكي قد يتباطأ ما لم يتم خفض أسعار الفائدة على الفور.
وأثارت تعليقاته بشأن باول مخاوف بشأن استقلالية الاحتياطي الفيدرالي في وضع السياسة النقدية وتوقعات الأصول الأمريكية، وتراجعت مؤشرات الأسهم الأمريكية الرئيسية، وتراجع مؤشر الدولار إلى أدنى مستوى له في ثلاث سنوات يوم الاثنين.
وقال كيكوكاوا ""من المتوقع أن يؤثر عدم اليقين المتزايد المحيط بالسياسة النقدية الأميركية سلبا على الأسواق المالية والاقتصاد الأوسع، مما يثير المخاوف من أنه قد يؤدي إلى انخفاض الطلب على النفط الخام"".
وأظهر استطلاع للرأي أجرته رويترز في 17 أبريل أن المستثمرين يعتقدون أن سياسة التعريفات الجمركية ستؤدي إلى تباطؤ كبير في الاقتصاد الأميركي هذا العام والعام المقبل، مع اقتراب متوسط احتمال الركود في الأشهر الاثني عشر المقبلة من 50%.
وقد يؤثر التقدم في المحادثات بين الولايات المتحدة وإيران، التي وافقت يوم السبت على البدء في وضع إطار عمل لاتفاق نووي محتمل، على أسعار النفط ويقلل من المخاوف بشأن الإمدادات حيث تعد الدولة الشرق أوسطية منتجا رئيسيا.
وقال فيفيك دار، المحلل في كومنولث بنك أوف أستراليا، في مذكرة: ""رأينا أن صادرات النفط الإيرانية تواجه مخاطر هبوطية وشيكة بسبب تطبيق العقوبات الأمريكية قد تراجع في ضوء المحادثات الجارية بين الولايات المتحدة وإيران""، مضيفا أن تخفيف العقوبات الأمريكية ربما يكون مطروحا على الطاولة.
خفضت وزارة الاقتصاد الروسية توقعاتها لمتوسط سعر خام برنت في عام 2025 بنحو 17% عما رأته في حساباتها في سبتمبر/أيلول، بحسب وثائق حصلت عليها رويترز.
وأظهر استطلاع أولي لرويترز يوم الاثنين أن من المتوقع أن تتراجع مخزونات النفط الخام والبنزين في الولايات المتحدة الأسبوع الماضي، في حين من المرجح أن ترتفع مخزونات نواتج التقطير، وذلك قبل التقارير الأسبوعية من معهد البترول الأمريكي وإدارة معلومات الطاقة.
اقرأ أيضًا:
شركة شاي تحول مؤسسها إلى ملياردير.. فما القصة؟
بعد تخطيه 3400 دولار..شعبة الذهب توضح أسباب القفزة القياسية في سعر الذهب اليوم",https://www.masrawy.com/news/news_economy/details/2025/4/22/2775119/%D8%A3%D8%B3%D8%B9%D8%A7%D8%B1-%D8%A7%D9%84%D9%86%D9%81%D8%B7-%D8%AA%D8%B1%D8%AA%D9%81%D8%B9-%D8%B1%D8%BA%D9%85-%D8%AA%D9%88%D8%AA%D8%B1%D8%A7%D8%AA-%D8%A7%D9%84%D8%B3%D9%8A%D8%A7%D8%B3%D8%A9-%D8%A7%D9%84%D9%86%D9%82%D8%AF%D9%8A%D8%A9-%D9%88%D8%A7%D9%84%D8%B1%D8%B3%D9%88%D9%85-%D8%A7%D9%84%D8%AC%D9%85%D8%B1%D9%83%D9%8A%D8%A9-#sectionListing,Masrawy,2025-04-22 17:14:54
شركة شاي تحول مؤسسها إلى ملياردير.. فما القصة؟,شركة شاي تحول مؤسسها إلى ملياردير.. فما القصة؟,No date found,No date found,"كتبت- دينا كرم:
في خطوة مفاجئة وسط تصاعد التوترات الاقتصادية بين أمريكا والصين، دخل رجل الأعمال الصيني ""جونجي تشانغ"" مؤسس سلسلة مقاهي الشاي ""تشاغي"" قائمة بلومبرغ لأثرياء العالم، بعد إدراج شركته في بورصة ناسداك الأميركية، ليحقق ثروة تقدر بنحو 2.1 مليار دولار، بحسب تقرير نشرته ""العربية "".
وتمكنت شركة ""تشاغي القابضة"" من جمع 411 مليون دولار من خلال الطرح العام الأولي، الذي جاء بسعر السهم عند الحد الأقصى للنطاق السعري، فيما ارتفعت أسهم الشركة بنسبة 16% في أول يوم تداول، لتغلق عند 32.44 دولار للسهم، وذلك رغم حالة الجمود التام في سوق الاكتتابات العامة الأميركية، وتساؤل بعض المحللين عما إذا كانت الأسهم الصينية ستطرد من البورصات الأميركية.
وتستمد ثروة جونجي تشانغ بالكامل من حصته في تشاغي، وفقاً لما ذكرته ""بلومبرغ""، واطلعت عليه ""العربية Business"".
وينضم تشانغ، الرئيس التنفيذي لشركة ""تشاغي""، إلى موجة من الصينيين الذين حققوا ثروات طائلة مع ازدياد شعبية سلاسل الشاي الطازج، ومن بينهم الشقيقان اللذان أسسا مجموعة ""ميكسو""، وهي علامة تجارية معروفة بمنتجاتها من شاي الفقاعات والقهوة والآيس كريم، واللذان جمعا حوالي 8 مليارات دولار مجتمعة بعد إطلاق الشركة في هونغ كونغ في وقت سابق من هذا العام.
وتأسست ""تشاغي"" عام 2017 في مقاطعة يونان الصينية، وتقدّم مشروبات شاي فاخرة باستخدام خلطات تقليدية من الشاي الأخضر والأسود وأولونغ، بعكس سلاسل شاي الفقاعات المنتشرة عالية السعرات الحرارية.
وتنتشر متاجرها، التي تشبه في تصميمها صالات ستاربكس، في أكثر من 6400 موقع، أغلبها داخل الصين، بالإضافة إلى ماليزيا وسنغافورة وتايلاند.
ويأتي نجاح ""تشاغي"" في وقت يشهد فيه سوق الشاي الطازج نمواً سريعاً، حيث من المتوقع أن تصل قيمته في الصين إلى نحو 58 مليار دولار بحلول 2028.
ومع ذلك تواجه ""تشاغي"" دعوات مقاطعة من المستهلكين المحليين بعد أن عرض تطبيقها مطالبة بكين المتنازع عليها بخط النقاط التسع في بحر الصين الجنوبي، وفي فيتنام، حيث تخطط الشركة لإطلاق أعمالها قريباً، ويجري المسؤولون تحقيقات في حادثة مماثلة.
وقال شينياو وانغ، محلل الأسهم الذي ينشر على منصة سمارت كارما، إن ""تشاغي"" قد تأمل، من خلال طرح أسهمها للاكتتاب العام في نيويورك، في وضع نفسها في مصاف علامات تجارية عالمية مثل ستاربكس. ومع ذلك، أشار وانغ إلى أن التوقيت دقيق، قائلاً إن الحرب التجارية مفاجأة كبيرة لم تتوقعها ""تشاغي"".
اقرأ أيضًا:
في يوم شم النسيم.. أسعار الفسيخ والرنجة في 5 سلاسل تجارية شهيرة
""أرقامي"" و""خطط الأسعار"".. خدمات تفاعلية من ""My NTRA"" لتوفير زيارة فروع الشركات
صناعة الذهب: مكاسب المعدن الأصفر تصل إلى 1155 جنيها منذ بداية 2025",https://www.masrawy.com/news/news_economy/details/2025/4/22/2775094/%D8%B4%D8%B1%D9%83%D8%A9-%D8%B4%D8%A7%D9%8A-%D8%AA%D8%AD%D9%88%D9%84-%D9%85%D8%A4%D8%B3%D8%B3%D9%87%D8%A7-%D8%A5%D9%84%D9%89-%D9%85%D9%84%D9%8A%D8%A7%D8%B1%D8%AF%D9%8A%D8%B1-%D9%81%D9%85%D8%A7-%D8%A7%D9%84%D9%82%D8%B5%D8%A9-#sectionListing,Masrawy,2025-04-22 17:15:03
انخفاض الجمبري.. أسعار السمك والمأكولات البحرية في سوق العبور اليوم,انخفاض الجمبري.. أسعار السمك والمأكولات البحرية في سوق العبور اليوم,No date found,No date found,"كتبت- آية محمد:
انخفضت أسعار السمك البلطي، والمكرونة السويسي، والسبيط والكاليماري، والكابوريا، والجمبري الصغير، والبوري، خلال تعاملات اليوم الثلاثاء، مقارنة بأسعار أمس، بحسب بيانات الموقع الرسمي لسوق العبور.
ويرصد مصراوي في السطور التالية أسعار أبرز أصناف الأسماك والمأكولات البحرية بسوق العبور اليوم، بحسب بيانات الموقع الإلكتروني للسوق.
سعر كيلو السمك البلطي: يتراوح بين 76 و84 جنيهًا، بتراجع 3 جنيهات.
سعر كيلو الفيليه البلطي: يتراوح بين 50 و250 جنيهًا.
سعر كيلو مكرونة سويسي: يتراوح بين 80 جنيهًا و100 جنيه، بتراجع 50 جنيهًا.
سعر كيلو السبيط والكاليماري: يتراوح بين 220 و350 جنيهًا، بتراجع 10 جنيهات.
سعر كيلو كابوريا : يتراوح بين 40 و150 جنيهًا، بتراجع 30 جنيهًا.
سعر كيلو الجمبري الصغير: يتراوح بين 170 و350 جنيهًا، بتراجع 20 جنيهًا.
سعر كيلو البوري: يتراوح بين 100 و140 جنيهًا، بتراجع 10 جنيهات.",https://www.masrawy.com/news/news_economy/details/2025/4/22/2775091/%D8%A7%D9%86%D8%AE%D9%81%D8%A7%D8%B6-%D8%A7%D9%84%D8%AC%D9%85%D8%A8%D8%B1%D9%8A-%D8%A3%D8%B3%D8%B9%D8%A7%D8%B1-%D8%A7%D9%84%D8%B3%D9%85%D9%83-%D9%88%D8%A7%D9%84%D9%85%D8%A3%D9%83%D9%88%D9%84%D8%A7%D8%AA-%D8%A7%D9%84%D8%A8%D8%AD%D8%B1%D9%8A%D8%A9-%D9%81%D9%8A-%D8%B3%D9%88%D9%82-%D8%A7%D9%84%D8%B9%D8%A8%D9%88%D8%B1-%D8%A7%D9%84%D9%8A%D9%88%D9%85#sectionListing,Masrawy,2025-04-22 17:15:15
انخفاض الطماطم.. أسعار الخضروات والفاكهة في سوق العبور اليوم الثلاثاء,انخفاض الطماطم.. أسعار الخضروات والفاكهة في سوق العبور اليوم الثلاثاء,No date found,No date found,"كتبت- آية محمد:
انخفضت أسعار الطماطم، والكوسة، والباذنجان، والملوخية، والخيار، خلال تعاملات اليوم الثلاثاء، بينما ارتفعت أسعار البطاطس، والفلفل، والبرتقال الصيفي، واليوسفي، مقارنةً بمستوياتها أمس في سوق العبور لتجارة الجملة، وفق الأسعار المنشورة على موقعه الإلكتروني.
ويرصد مصراوي أسعار عددا من أبرز أصناف الخضروات والفاكهة للكيلو الواحد في سوق العبور خلال تعاملات اليوم، بحسب الموقع الإلكتروني لسوق العبور.
الطماطم تتراوح بين 3.5 و7.5 جنيه، بتراجع خمسين قرشًا.
البطاطس تتراوح بين 4.5 و9.5 جنيه، بزيادة جنيه.
البصل الأحمر يتراوح بين 5 و9 جنيهات.
البصل الأبيض يتراوح بين 4.5 جنيه و8 جنيهات.
الكوسة تتراوح بين 5 جنيهات و17 جنيهًا، بتراجع 4 جنيهات.
الباذنجان البلدي يتراوح بين 7 جنيهات و11 جنيهًا ، بتراجع 10 جنيهات.
الفلفل الرومي البلدي يتراوح بين 8 جنيهات و16 جنيهًا، بزيادة جنيهين.
الفلفل الحامي البلدي يتراوح بين 9 جنيهات و15 جنيهًا، بزيادة جنيه.
الملوخية تتراوح بين 9 جنيهات و12 جنيهًا، بتراجع جنيهين.
الخيار الصوب يتراوح بين 5 و10 جنيهات، بتراجع 5 حنيهات.
الخيار البلدي يتراوح بين 5 و10 جنيهات، بتراجع 7 جنيهات.
جوافة تتراوح بين 15 و27 جنيهًا.
برتقال صيفي يتراوح بين 11 و19 جنيهًا، بزيادة جنيهين.
يوسفي يتراوح بين 22 و38 جنيهًا، بزيادة جنيه.
الليمون البلدي يتراوح بين 70 و90 جنيهًا.",https://www.masrawy.com/news/news_economy/details/2025/4/22/2775080/%D8%A7%D9%86%D8%AE%D9%81%D8%A7%D8%B6-%D8%A7%D9%84%D8%B7%D9%85%D8%A7%D8%B7%D9%85-%D8%A3%D8%B3%D8%B9%D8%A7%D8%B1-%D8%A7%D9%84%D8%AE%D8%B6%D8%B1%D9%88%D8%A7%D8%AA-%D9%88%D8%A7%D9%84%D9%81%D8%A7%D9%83%D9%87%D8%A9-%D9%81%D9%8A-%D8%B3%D9%88%D9%82-%D8%A7%D9%84%D8%B9%D8%A8%D9%88%D8%B1-%D8%A7%D9%84%D9%8A%D9%88%D9%85-%D8%A7%D9%84%D8%AB%D9%84%D8%A7%D8%AB%D8%A7%D8%A1#sectionListing,Masrawy,2025-04-22 17:15:24
أسعار السلع الأساسية اليوم الثلاثاء بالأسواق (موقع رسمي),أسعار السلع الأساسية اليوم الثلاثاء بالأسواق (موقع رسمي),No date found,No date found,"كتبت- آية محمد:
استقرت أسعار السلع الأساسية، خلال تعاملات اليوم الثلاثاء، مقارنة بأمس وفقًا للبيانات المنشورة من مركز معلومات مجلس الوزراء لأسعار عدد من السلع الأساسية والغذائية بشكل يومي على أحد المواقع التابعة له ""بوابة أسعار السلع المحلية والعالمية"".
ويرصد مصراوي متوسط أسعار أبرز السلع الأساسية في الأسواق اليوم، بحسب بوابة أسعار السلع المحلية والعالمية التابعة لمركز معلومات مجلس الوزراء، والتي قد تختلف عن مستويات الأسعار في بعض مناطق الجمهورية، وجاءت الأسعار كالآتي:
كيلو الأرز المعبأ: 35.01 جنيه.
كيلو الفول المعبأ: 59.26 جنيه.
كيلو الدقيق المعبأ : 26.28 جنيه.
لتر زيت عباد الشمس: 86.21 جنيه.
كيلو السكر المعبأ: 36.27 جنيه.
كيلو المكرونة المعبأة: 21.48 جنيه.
كيلو العدس المعبأ: 61.49 جنيه.
البيض البلدي (بيضة واحدة): 6.18 جنيه.
لتر زيت الذرة: 108.72 جنيه.
كيلو اللحوم الطازجة: 399.83 جنيه.
كيلو الدواجن الطازجة: 109.99 جنيه.
كيلو الأرز السائب: 28.28 جنيه.
كيلو الفول السائب: 51.46 جنيه.
كيلو الجبن الأبيض: 136.85 جنيه.
كيلو الجبن الرومي: 271.74 جنيه.
كيلو اللبن السائب: 31.37 جنيه.
كيلو المسلي الصناعي: 98.81 جنيه.",https://www.masrawy.com/news/news_economy/details/2025/4/22/2775079/-%D8%A3%D8%B3%D8%B9%D8%A7%D8%B1-%D8%A7%D9%84%D8%B3%D9%84%D8%B9-%D8%A7%D9%84%D8%A3%D8%B3%D8%A7%D8%B3%D9%8A%D8%A9-%D8%A7%D9%84%D9%8A%D9%88%D9%85-%D8%A7%D9%84%D8%AB%D9%84%D8%A7%D8%AB%D8%A7%D8%A1-%D8%A8%D8%A7%D9%84%D8%A3%D8%B3%D9%88%D8%A7%D9%82-%D9%85%D9%88%D9%82%D8%B9-%D8%B1%D8%B3%D9%85%D9%8A-#sectionListing,Masrawy,2025-04-22 17:15:35
المؤشر الرئيسي للبورصة يهبط وحيدًا بمستهل جلسة اليوم الثلاثاء,المؤشر الرئيسي للبورصة يهبط وحيدًا بمستهل جلسة اليوم الثلاثاء,No date found,No date found,"كتبت- دينا كرم:
انخفض المؤشر الرئيسي للبورصة المصرية EGX30 بنسبة 0.13 % عند مستوى 31023 نقطة، ببداية جلسة اليوم الثلاثاء.
وصعد مؤشر EGX 70 للأسهم الصغيرة والمتوسطة 0.6 % وزاد مؤشر EGX100 الأوسع نطاقا بنسبة 0.41 %.
وكان المؤشر الرئيسي للبورصة المصرية EGX30 ارتفع بنسبة 0.10% عند مستوى 31062 نقطة، بختام جلسة الخميس الماضي.",https://www.masrawy.com/news/news_economy/details/2025/4/22/2775078/%D8%A7%D9%84%D9%85%D8%A4%D8%B4%D8%B1-%D8%A7%D9%84%D8%B1%D8%A6%D9%8A%D8%B3%D9%8A-%D9%84%D9%84%D8%A8%D9%88%D8%B1%D8%B5%D8%A9-%D9%8A%D9%87%D8%A8%D8%B7-%D9%88%D8%AD%D9%8A%D8%AF-%D8%A7-%D8%A8%D9%85%D8%B3%D8%AA%D9%87%D9%84-%D8%AC%D9%84%D8%B3%D8%A9-%D8%A7%D9%84%D9%8A%D9%88%D9%85-%D8%A7%D9%84%D8%AB%D9%84%D8%A7%D8%AB%D8%A7%D8%A1-#sectionListing,Masrawy,2025-04-22 17:15:45
أسعار مواد البناء اليوم الثلاثاء بالأسواق (موقع رسمي),أسعار مواد البناء اليوم الثلاثاء بالأسواق (موقع رسمي),No date found,No date found,"كتبت- دينا كرم:
استقرت أسعار الحديد والأسمنت في الأسواق، خلال تعاملات اليوم الثلاثاء، عند نفس مستوياتها أمس، بحسب بيانات بوابة الأسعار المحلية والعالمية التابعة لمجلس الوزراء.
ويرصد مصراوي أسعار الحديد والأسمنت خلال تعاملات اليوم، وتغيرها مقارنة بمستوياتها أمس، بحسب بيانات بوابة الأسعار المحلية والعالمية التابعة لمركز معلومات مجلس الوزراء، والتي قد تختلف عن مستويات الأسعار في بعض مناطق الجمهورية.
سعر طن الحديد الاستثماري: 38509.67 جنيه.
سعر طن حديد عز: 40250.96 جنيه.
سعر طن الأسمنت الرمادي: 3303.72 جنيه.",https://www.masrawy.com/news/news_economy/details/2025/4/22/2775075/-%D8%A3%D8%B3%D8%B9%D8%A7%D8%B1-%D9%85%D9%88%D8%A7%D8%AF-%D8%A7%D9%84%D8%A8%D9%86%D8%A7%D8%A1-%D8%A7%D9%84%D9%8A%D9%88%D9%85-%D8%A7%D9%84%D8%AB%D9%84%D8%A7%D8%AB%D8%A7%D8%A1-%D8%A8%D8%A7%D9%84%D8%A3%D8%B3%D9%88%D8%A7%D9%82-%D9%85%D9%88%D9%82%D8%B9-%D8%B1%D8%B3%D9%85%D9%8A-#sectionListing,Masrawy,2025-04-22 17:15:52
أسعار الدواجن اليوم الثلاثاء في الأسواق (موقع رسمي),أسعار الدواجن اليوم الثلاثاء في الأسواق (موقع رسمي),No date found,No date found,"كتبت- دينا كرم:
استقرت أسعار الدواجن الحية خلال تعاملات اليوم الثلاثاء، عند نفس أسعارها أمس، وفق بيانات بوابة الأسعار المحلية والعالمية التابعة لمركز معلومات مجلس الوزراء.
ووصل متوسط سعر كيلو الدواجن اليوم في الأسواق إلى 109.99 جنيه، حسب بيانات بوابة الأسعار.
وبحسب بوابة أسعار مجلس الوزراء، فإن أسعار كيلو الدواجن البيضاء في مصر تبدأ اليوم من 95.84 جنيه، فيما تصل أسعار الدواجن البلدي إلى 123.96 جنيه بحد أقصى.
وقد تختلف الأسعار في بوابة الأسعار المحلية والعالمية التابعة لمركز معلومات مجلس الوزراء عن بعض مستويات الأسعار في بعض مناطق الجمهورية.",https://www.masrawy.com/news/news_economy/details/2025/4/22/2775066/%D8%A3%D8%B3%D8%B9%D8%A7%D8%B1-%D8%A7%D9%84%D8%AF%D9%88%D8%A7%D8%AC%D9%86-%D8%A7%D9%84%D9%8A%D9%88%D9%85-%D8%A7%D9%84%D8%AB%D9%84%D8%A7%D8%AB%D8%A7%D8%A1-%D9%81%D9%8A-%D8%A7%D9%84%D8%A3%D8%B3%D9%88%D8%A7%D9%82-%D9%85%D9%88%D9%82%D8%B9-%D8%B1%D8%B3%D9%85%D9%8A-#sectionListing,Masrawy,2025-04-22 17:16:02
الجرام يقفز 122 جنيها.. سعر الذهب اليوم في مصر خلال تعاملات الاثنين,الجرام يقفز 122 جنيها.. سعر الذهب اليوم في مصر خلال تعاملات الاثنين,No date found,No date found,"كتبت- آية محمد:
ارتفع سعر الذهب بنحو 35 جنيهًا، بحلول التعاملات المسائية اليوم الاثنين، مقارنة بمستواه خلال منتصف التعاملات، بحسب ما قاله نادي نجيب سكرتير عام شعبة الذهب بغرفة القاهرة التجارية سابقًا، لمصراوي.
وكان سعر الذهب قفز بنحو 87 جنيهًا في منتصف التعاملات ليصل إجمالي ارتفاعاته نحو 122 جنيهًا حتى الآن.
سعر الذهب اللحظي
صعد سعر الذهب عيار 14 إلى 3256 جنيهًا للجرام.
وارتفع سعر الذهب عيار 18 إلى 4187 جنيه للجرام.
وصعد سعر الذهب عيار 21 إلى 4885 جنيهًا للجرام.
وزاد سعر الذهب عيار 24 إلى 5582 جنيهًا للجرام.
سعر الجنيه الذهب
وصعد سعر الجنيه الذهب إلى 39080 جنيه وقد يختلف السعر من تاجر لآخر، ويساوي هذا السعر قيمة الذهب في الجنيه.
سعر سبيكة الذهب
سعر سبيكة الذهب 10 جرامات سجل نحو 55820 جنيهًا.
سعر الأونصة (الأوقية) تحتوي على 31.1 جرام سجل نحو 173600 جنيهًا.
سعر سبيكة الذهب 50 جراما سجل نحو 279100 جنيهًا.
وقد يختلف السعر من تاجر لآخر، ويساوي هذا السعر قيمة الذهب في السبيكة، ويحدد سعر السبيكة بناء على سعر جرام عيار 24. سعر الذهب عالميًا
وارتفع سعر الذهب عالميًا بنسبة 2.76% إلى نحو 3418 دولار للأونصة، (وتعادل الأوقية نحو 31.1 جرام من عيار ذهب 24)، وفقًا لآخر تحديث لبيانات وكالة بلومبرج.",https://www.masrawy.com/news/news_economy/details/2025/4/21/2774827/%D8%A7%D9%84%D8%AC%D8%B1%D8%A7%D9%85-%D9%8A%D9%82%D9%81%D8%B2-122-%D8%AC%D9%86%D9%8A%D9%87%D8%A7-%D8%B3%D8%B9%D8%B1-%D8%A7%D9%84%D8%B0%D9%87%D8%A8-%D8%A7%D9%84%D9%8A%D9%88%D9%85-%D9%81%D9%8A-%D9%85%D8%B5%D8%B1-%D8%AE%D9%84%D8%A7%D9%84-%D8%AA%D8%B9%D8%A7%D9%85%D9%84%D8%A7%D8%AA-%D8%A7%D9%84%D8%A7%D8%AB%D9%86%D9%8A%D9%86-#HP-News,Masrawy,2025-04-22 17:16:36
متى تبدأ إثيوبيا فى تفريغ سد النهضة؟.. خبير يكشف التفاصيل,متى تبدأ إثيوبيا فى تفريغ سد النهضة؟.. خبير يكشف التفاصيل,No date found,No date found,"كتب- أحمد الجندي:
قال الدكتور عباس شراقي، أستاذ الجيولوجيا والموارد المائية بجامعة القاهرة، أن إثيوبيا أنهت عملية التخزين الخامس والأخير في سد النهضة في 5 سبتمبر 2024، عند منسوب 638 مترًا، بإجمالي تخزين وصل إلى 60 مليار متر مكعب.
وأوضح "" شراقي"" في منشور له عبر موقع التواصل الاجتماعي ""فيس بوك"" أن المياه التي تمر حاليًا عبر السد تمثل الزيادة الواردة من الأمطار بحيرة تانا وبعض الروافد الفرعية للنيل الأزرق، حيث تراوحت الكميات الشهرية من 400 مليون متر مكعب في سبتمبر إلى نحو 12 مليون متر مكعب في أبريل، مع توقع ببدء الزيادة مجددًا في مايو لتصل إلى 21 مليون متر مكعب.
وأشار ""شراقي"" إلى أن الصور الفضائية توضح عدم وجود تغيير يُذكر في كمية المياه المخزنة في بحيرة سد النهضة منذ سبتمبر 2024 وحتى 18 أبريل 2025، وهو ما يعكس ضعف تشغيل التوربينات حتى الآن.
وأضاف أن بدء هطول الأمطار الخفيفة خلال الأسابيع المقبلة قد يجبر إثيوبيا على البدء في تفريغ المياه قبل زيادة معدلات الأمطار في يوليو المقبل، خاصة إذا استمر ضعف تشغيل التوربينات، وهو السيناريو المرجح حاليًا.
ونصح شراقي بأن الخيار الأفضل لإثيوبيا وللدول المتأثرة هو البدء في التفريغ التدريجي منذ الآن، من خلال فتح بوابة واحدة سواء من المفيض العلوي أو السفلي، لتفادي أية ضغوط على السد في حالة تصاعد الأمطار بشكل مفاجئ.
وفي هذا السياق، استعدت السودان لاحتمالات التفريغ بزيادة كميات المياه المُفرغة من سد الورصيرص الواقع مباشرة خلف سد النهضة، والذي يحتوي حاليًا على نحو 3 مليارات متر مكعب من المياه، أي ما يمثل 50% فقط من سعته التخزينية، وفي المقابل، لا يزال التخزين في باقي السدود السودانية مثل سد مروي يسير ضمن المعدلات المعتادة، حيث تبلغ كمية المياه المخزنة فيه نحو 12 مليار متر مكعب.
اقرأ أيضاً:
القوات المسلحة تدفع عددًا من اللجان التجنيدية إلى شمال سيناء لإنهاء المواقف التجنيدية لذوي الهمم وكبار السن
قرار رسمي.. مد التصالح في مخالفات البناء 6 أشهر إضافية",https://www.masrawy.com/news/news_egypt/details/2025/4/21/2774968/%D9%85%D8%AA%D9%89-%D8%AA%D8%A8%D8%AF%D8%A3-%D8%A5%D8%AB%D9%8A%D9%88%D8%A8%D9%8A%D8%A7-%D9%81%D9%89-%D8%AA%D9%81%D8%B1%D9%8A%D8%BA-%D8%B3%D8%AF-%D8%A7%D9%84%D9%86%D9%87%D8%B6%D8%A9-%D8%AE%D8%A8%D9%8A%D8%B1-%D9%8A%D9%83%D8%B4%D9%81-%D8%A7%D9%84%D8%AA%D9%81%D8%A7%D8%B5%D9%8A%D9%84#HP-News,Masrawy,2025-04-22 17:16:44
سعر الذهب في مصر اليوم الثلاثاء 22-4-2025 مع بداية التعاملات,سعر الذهب في مصر اليوم الثلاثاء 22-4-2025 مع بداية التعاملات,No date found,No date found,"كتب- محمد فتحي:
سعر الذهب في مصر اليوم الثلاثاء 22-4-2025 مع بداية التعاملات الصباحية، بعد أن ارتفع سعره بحلول التعاملات المسائية الاثنين.
يذكر أن سعر الذهب في مصر ارتفع بنحو 35 جنيهًا، بحلول التعاملات المسائية الاثنين، مقارنة بمستواه خلال منتصف التعاملات، بحسب ما قاله نادي نجيب سكرتير عام شعبة الذهب بغرفة القاهرة التجارية سابقًا، لمصراوي.
""مصراوي"" ينشر في السطور التالية آخر تحديث لـ سعر الذهب في مصر اليوم الثلاثاء 22-4-2025 وهي كالآتي:
- سعر الذهب عيار 24 بلغ 5583 جنيها.
- سعر الذهب عيار 21 بلغ 4885 جنيها.
- سعر الذهب عيار 18 بلغ 4187 جنيها.
- سعر الذهب عيار 14 بلغ 3257 جنيها.
- سعر الذهب عيار 10 بلغ 2326 جنيه.
- سعر وقية الذهب بلغت 173647 جنيها.
- سعر الجنيه الذهب بلغ 39080 جنيه.
وقد يختلف السعر من تاجر لآخر، ويساوي هذا السعر قيمة الذهب في السبيكة، ويحدد سعر السبيكة بناء على سعر جرام عيار 24.
سعر الذهب عالميًا
وارتفع سعر الذهب عالميًا بنسبة 2.76% إلى نحو 3418 دولار للأونصة، (وتعادل الأوقية نحو 31.1 جرام من عيار ذهب 24)، وفقًا لآخر تحديث لبيانات وكالة بلومبرج.",https://www.masrawy.com/news/news_economy/details/2025/4/22/2775037/%D8%B3%D8%B9%D8%B1-%D8%A7%D9%84%D8%B0%D9%87%D8%A8-%D9%81%D9%8A-%D9%85%D8%B5%D8%B1-%D8%A7%D9%84%D9%8A%D9%88%D9%85-%D8%A7%D9%84%D8%AB%D9%84%D8%A7%D8%AB%D8%A7%D8%A1-22-4-2025-%D9%85%D8%B9-%D8%A8%D8%AF%D8%A7%D9%8A%D8%A9-%D8%A7%D9%84%D8%AA%D8%B9%D8%A7%D9%85%D9%84%D8%A7%D8%AA-#HP-News,Masrawy,2025-04-22 17:16:53
"اغتصب طفلته وأجبر ابن خالتها على مواقعتها.. الجنايات تعاقب ""تاجر الشرفا"" بالسجن 36 سنة","اغتصب طفلته وأجبر ابن خالتها على مواقعتها.. الجنايات تعاقب ""تاجر الشرفا"" بالسجن 36 سنة",No date found,No date found,"كتب ـ رمضان يونس:
أصدرت الدائرة ""2"" جنايات بمحكمة جنوب الجيزة، برئاسة المستشار حسين فاضل عبد الحميد، حكما ضد ""تاجر خردة"" بمعاقبته بالسجن 36 عاما، في واقعة اتهامه باغتصاب ابنته القاصر لمدة عاما بعد ترك والدتها المنزل، وإجباره ابن خالتها على مواقعتها وتصويرها في أوضاع مخلة بالشرف.
وبحسب منطوق الحكم، عاقبت محكمة الجنايات المتهم حضوريا بالسجن المؤبد لاتهامه باغتصاب طفلته، والسجن المشدد 7 سنوات لاتهامه بإجبار ابن خالة الضحية ""مصطفي ر."" عامل صيانة هواتف على التوقيع على إيصالات أمانة، والسجن المشدد 3 سنوات وغرامة 10 آلاف جنيه لاتهامه بهتك عرض ابن الخالة والحبس مع الشغل لمدة سنة واحدة لاتهامه بتصوير ابنته مع ابن خالتها والتعدي على حرمتهما.
كما عاقبت المتهم ""مصطفي ر.""(ابن خالة الضحية) بالسجن المشدد لمدة 3 سنوات بتهمة حيازة مخدرات. وسبق أن أصدرت الدائرة نفسها حكما ضد المتهم مصطفى بالسجن 5 سنوات بتهمة اغتصاب ابن خالته القاصر ومواقعتها بالرضا في واقعة سابقة لجريمة الأب.
وأسندت النيابة العامة في القضية رقم 17963 لسنة 2024 جنايات الصف، والمُقيدة برقم 1637 لسنة 2024 كلي جنوب الجيزة، للمتهم ""رمضان. أ"" تاجر خردة بقرية الشرفا، تهمة اغتصاب الطفلة ""ص. ر.""، والتي لم تبلغ من العمر 18 عاما بالقوة وذلك بأن قام والدها بالتعدي عليها ضربا ""بعصا ومطواة""، إذ تمكن بتلك الوسيلة من شل مقاومتها وارتكب فعلته حال كون المتهم من أصول المجني عليها أو المتولين على تربيتها. وتكرار الأب مواقعة طفلته خلال عام 2024 تحت تأثير المخدرات والخمر والإجبار.
وذكرت النيابة العامة أن الأب المتهم أكره المتهم الثاني نجل خالة ابنته ""مصطفي ر."" على مواقعتها بالقوة، وذلك تحت تهديد السلاح ""مسدس صوت""، فتمكن بتلك الوسيلة من شل مقاومته وأصاب رضاه بعيب من عيوب الرضا ألا وهو الإكراه فأرغم على مواقعة أمامه.
وتابعت النيابة العامة في أوراق الدعوي، أن الأب أكره المتهم الثاني على توقيع 12 إيصال أمانة، وتعدى على حرمة الحياة الخاصة للمجني عليهما طفلته ونجل خالتها، كان ذلك بغير رضاهما بأن سجل بهاتفه مقطعا مرئيا للمجني عليهما في وضع مخل.
واستجوبت النيابة العامة، المجني عليها الطفلة، وأكدت أنها تقطن رفقة والدها بعدما تركت والدتها المنزل، حيث قام المتهم بالتعدي عليها بالضرب وجردها من ملابسها وقام بمعاشرتها معاشرة الأزواج عدة مرات. كما شهدت بأنها بعد نحو عام، وحال تواجدها رفقة المتهم الثاني في بيت أمها، هتك عرضها بالرضا.
وأضافت أنه بعد هذه الواقعة، اتصل الأب بابن خالتها وأحضره لمنزله بحجة بيع تليفون محمول، وأجبره تحت تهديد سلاح ناري محدث صوت وسلاح أبيض ""مطواة"" على تجريد ملابسه ومعاشرتها معاشرة الأزواج وتصويرهما بهاتف محمول، كما أجبره بالقوة على التوقيع على 12 إيصال أمانة قاصداً من ذلك مواقعتها وهتك عرضها.
وأحالت النيابة العامة المتهمين إلى محكمة الجنايات التي أصدرت قبل يومين أحكاما بالسجن 36 عاما للأب المتهم الأول، والسجن المشدد 3 سنوات لابن الخالة.",https://www.masrawy.com/news/news_cases/details/2025/4/21/2774848/%D8%A7%D8%BA%D8%AA%D8%B5%D8%A8-%D8%B7%D9%81%D9%84%D8%AA%D9%87-%D9%88%D8%A3%D8%AC%D8%A8%D8%B1-%D8%A7%D8%A8%D9%86-%D8%AE%D8%A7%D9%84%D8%AA%D9%87%D8%A7-%D8%B9%D9%84%D9%89-%D9%85%D9%88%D8%A7%D9%82%D8%B9%D8%AA%D9%87%D8%A7-%D8%A7%D9%84%D8%AC%D9%86%D8%A7%D9%8A%D8%A7%D8%AA-%D8%AA%D8%B9%D8%A7%D9%82%D8%A8-%D8%AA%D8%A7%D8%AC%D8%B1-%D8%A7%D9%84%D8%B4%D8%B1%D9%81%D8%A7-#HP-News,Masrawy,2025-04-22 17:17:01
رجع من السفر لقى مراته متجوزة ومخلفة.. حكاية حسناء الحوامدية وجمعها بين زوجين,رجع من السفر لقى مراته متجوزة ومخلفة.. حكاية حسناء الحوامدية وجمعها بين زوجين,No date found,No date found,"كتب- محمد شعبان:
شهدت منطقة الحوامدية، واقعة مؤسفة عندما ألقت الشرطة القبض على سيدة لجمعها بين زوجين، أحدهما رسميا والآخر عرفيا، وإنجابها طفلة من الثاني.
لم يتوقع موظف يعمل بدولة خليجية ما ينتظره لدى عودته إلى القاهرة، مفاجآت صادمة كانت من نصيبه بطلتها الأولى زوجته.
قصة درامية مأساوية دارت أحداثها بمركز الحوامدية جنوب الجيزة، موظف في أواخر الثلاثينات حرر محضرا ضد زوجته واتهمها بالجمع بينه وبين رجل آخر.
مأمور القسم حاول استيعاب ما تلقفته أذناه، إذ استفسر من المبلغ: ""حضرتك فاهم بتقول ايه؟""، الزوج المغلوب على أمره كرر حديثه ""مراتي خانتني، اتجوزت عرفي وخلفت كمان"".
كلمات الزوج كانت كفيلة بتحويل البلاغ إلى وحدة المباحث ليناقش رئيس المباحث الشاكي وصولا إلى الحقيقة المُرة، الزوجة لعبت على الطرفين.
استغلت سفر زوجها للعمل بالخارج وتزوجت من آخر عرفيا بل وأنجبت منه طفلة، ليتم القبض عليهما وإحالتهما النيابة العامة للتحقيق.",https://www.masrawy.com/news/news_cases/details/2025/4/22/2775039/%D8%B1%D8%AC%D8%B9-%D9%85%D9%86-%D8%A7%D9%84%D8%B3%D9%81%D8%B1-%D9%84%D9%82%D9%89-%D9%85%D8%B1%D8%A7%D8%AA%D9%87-%D9%85%D8%AA%D8%AC%D9%88%D8%B2%D8%A9-%D9%88%D9%85%D8%AE%D9%84%D9%81%D8%A9-%D8%AD%D9%83%D8%A7%D9%8A%D8%A9-%D8%AD%D8%B3%D9%86%D8%A7%D8%A1-%D8%A7%D9%84%D8%AD%D9%88%D8%A7%D9%85%D8%AF%D9%8A%D8%A9-%D9%88%D8%AC%D9%85%D8%B9%D9%87%D8%A7-%D8%A8%D9%8A%D9%86#HP-News,Masrawy,2025-04-22 17:17:13
"لبدء عام دراسي آمن.. ""التعليم"" تتابع مع المديريات تلقي العاملين التطعيم ضد ""كورونا""","لبدء عام دراسي آمن.. ""التعليم"" تتابع مع المديريات تلقي العاملين التطعيم ضد ""كورونا""",No date found,No date found,"كتب- مصراوي:
عقدت وزارة التربية والتعليم والتعليم الفني اجتماعًا، اليوم الإثنين، مع أعضاء اللجنة المشكلة بكل مديرية وإدارة تعليمية برئاسة مدير المديرية ومدير الإدارة التعليمية، وعضوية مديري المراحل بالمديرية والإدارة التعليمية بجميع محافظات الجمهورية، وذلك عبر شبكة الفيديو كونفرانس؛ لمتابعة تلقي لقاح التطعيم ضد فيروس كورونا، للعاملين بالتعليم قبل الجامعي، والوقوف على ما تم في هذا الشأن.
جاء ذلك بحضور الدكتور رضا حجازي، نائب الوزير لشؤون المعلمين وأعضاء اللجنة المشكلة؛ لمتابعة الخطة التنفيذية.
ورحب حجازي بالحضور، مؤكدًا اهتمام القيادة السياسية بحصول جميع العاملين بقطاع التعليم قبل الجامعي في جميع أنحاء الجمهورية على لقاح التطعيم؛ حتى يتسنى لنا بدء العام الدراسي المقبل بأمان، مشيرًا إلى أن الوزارة أرسلت كتابًا دوريًّا إلى جميع المديريات التعليمية لمتابعة تلقي لقاح التطعيم ضد فيروس كورونا للعاملين بالتعليم قبل الجامعي، مشددًا على أنه لن يُسمح للعاملين بدخول مقر العمل عند بدء العام الدراسي إلا بعد تلقي اللقاح؛ سواء بالمدارس الحكومية أو الخاصة أو الدولية، وتكليف أعضاء التطوير التكنولوجي بمساعدة العاملين للتسجيل على موقع وزارة الصحة والسكان (لتلقي اللقاح والموعد المحدد للجرعات).
وأشار إلى تعاون الوزارة مع وزارة الصحة والسكان لإنجاز هذا العمل، موجهًا مديري المديريات بتنظيم حملات توعية في المؤسسات التعليمية ومجالس الآباء؛ لسرعة إجراء التطعيم في جميع المحافظات.
وتطرق الاجتماع إلى مناقشة نسب حصول العاملين على جرعات التطعيم ونسب تسجيل الحصول على التطعيم والوقوف على جميع المعوقات وتذليلها لإنجاز هذا العمل وإعداد قاعدة بيانات للعاملين على مستوى المدارس الحكومية والخاصة والدولية، تشمل (متلقي الجرعتين، ومتلقي الجرعة الأولى، والمسجلين لتلقي الجرعات ولم يتلقوا أية جرعة، ومَن لم يقم بالتسجيل).
ووجه حجازي مديري المديريات التعليمية فقط بسرعة موافاة الوزارة بتقرير يوضح الموقف النهائي لعدد ونسب مئوية لـ(متلقي الجرعتين، ومتلقي الجرعة الأولى، والمسجلين لتلقي الجرعات ولم يتلقوا أية جرعة، ومَن لم يقم بالتسجيل).",https://www.masrawy.com/news/news_egypt/details/2021/8/23/2077428/%D9%84%D8%A8%D8%AF%D8%A1-%D8%B9%D8%A7%D9%85-%D8%AF%D8%B1%D8%A7%D8%B3%D9%8A-%D8%A2%D9%85%D9%86-%D8%A7%D9%84%D8%AA%D8%B9%D9%84%D9%8A%D9%85-%D8%AA%D8%AA%D8%A7%D8%A8%D8%B9-%D9%85%D8%B9-%D8%A7%D9%84%D9%85%D8%AF%D9%8A%D8%B1%D9%8A%D8%A7%D8%AA-%D8%AA%D9%84%D9%82%D9%8A-%D8%A7%D9%84%D8%B9%D8%A7%D9%85%D9%84%D9%8A%D9%86-%D8%A7%D9%84%D8%AA%D8%B7%D8%B9%D9%8A%D9%85#Education-Videos-HP,Masrawy,2025-04-22 17:17:22
"أمين ""الأعلى للجامعات"": الجامعات الأهلية مصروفاتها أقل من الخاصة بنسبة 50%","أمين ""الأعلى للجامعات"": الجامعات الأهلية مصروفاتها أقل من الخاصة بنسبة 50%",No date found,No date found,"كتب – معتز عباس:
قال محمد حلمى الغر، أمين عام المجلس الأعلى للجامعات الخاصة والأهلية، إن الفرق ما بين الجامعات الأهلية والخاصة، هو أن الأولى غير هادفة للربح، والثانية هادفة للربح.
وأوضح ""الغر""، في لقائه ببرنامج ""مساء دي ام سي""، المذاع على فضائية ""دي ام سي""، اليوم الأحد، أن الجامعات الحكومية هي جامعات التعلم فيها على نفقة الدولة، إلا أنها لم تكن قادرة على استيعاب جميع الطلاب الناجحين في الثانوية العامة، لذلك تم التفكير في الهجرة للتعليم في الخارج وتحديدًا أوروبا الشرقية.
وأضاف أنه ظهرت فكرة التعليم في الجامعات الخاصة لكن الطالب إنما يدفع تكلفة العملية التعليمية كاملة وليس لنا علاقة بالتكلفة، مشيرًا إلى أن الدولة تدخلت وأنشأت قطاع كبير يسمى ""الجامعات الأهلية""، وهي مؤسسات غير هادفة للربح.
وأكد أن الجامعات الأهلية تساهم بقدر كبير في تعليم الطالب بدون أي أرباح، لكن الطالب يدفع التكلفة الحقيقة للعام الدراسى والكلية التي يريد الالتحاق بها، لافتًا إلى أن مصروفات الجامعات الأهلي هي 50% من مصروفات الجامعات الخاصة.
وأشار أمين عام المجلس الاعلى للجامعات الخاصة والأهلية، إلى أننا في طريقنا للتوسع في الجامعات الأهلية وإنشاء 14 جامعات مختلفة بجانب الجامعات الحكومية والخاصة.",https://www.masrawy.com/news/news-videos/details/2021/8/23/2077118/%D8%A3%D9%85%D9%8A%D9%86-%D8%A7%D9%84%D8%A3%D8%B9%D9%84%D9%89-%D9%84%D9%84%D8%AC%D8%A7%D9%85%D8%B9%D8%A7%D8%AA-%D8%A7%D9%84%D8%AC%D8%A7%D9%85%D8%B9%D8%A7%D8%AA-%D8%A7%D9%84%D8%A3%D9%87%D9%84%D9%8A%D8%A9-%D9%85%D8%B5%D8%B1%D9%88%D9%81%D8%A7%D8%AA%D9%87%D8%A7-%D8%A3%D9%82%D9%84-%D9%85%D9%86-%D8%A7%D9%84%D8%AE%D8%A7%D8%B5%D8%A9-%D8%A8%D9%86%D8%B3%D8%A8%D8%A9-50-#Education-Videos-HP,Masrawy,2025-04-22 17:17:29
"""جامعة سوهاج"" تستجيب لطالبة بمنحة دراسية مجانية.. مصطفى عبدالخالق يوضح","""جامعة سوهاج"" تستجيب لطالبة بمنحة دراسية مجانية.. مصطفى عبدالخالق يوضح",No date found,No date found,"كتب- محمد أبوالمجد:
كشف الدكتور مصطفى عبد الخالق، القائم بأعمال رئيس جامعة سوهاج، تفاصيل استجابة الجامعة لابنة مركز طما بمنحة مجانية للدراسة بكلية الطب، قائلًا: ""تلقيت اتصالًا خلال السفر للقاهرة من أحد أبناء مركز طما، عن طالبة حصلت على 97.3%، وأنه لديه مقطع فيديو لرغبة الطالبة بالحصول على المنحة الدراسية"".
وأضاف ""عبدالخالق"" في مداخلة هاتفية لبرنامج ""صباح الخير يا مصر"" على فضائية ""مصر الأولى"" اليوم الاثنين: ""تأثرت نفسيًا بشدة بحديثها وكلماتها كثيرًا، فقمت على الفور بالتواصل معها، وقلت لها أنت الدكتورة آية، ومن الآن معنا في كلية الطب""، موضحًا أن الجامعة ستقدم منحة كاملة، للطالبة آية، كما ستحصل على إقامة كاملة، بالإضافة للتكفل بكافة المصاريف الخاصة بالمناهج الإلكترونية.
وأكد، أنه وعدها بتقديم كل الدعم لها، ووعدها بتقديم منحة تعليمية لها في كلية الطب وإعفائها من أي مصاريف دراسية، موضحًا أن هذا يأتي تقديرًا للطالبة على تفوقها من أجل إكمال حلمها في الالتحاق بكلية الطب.",https://www.masrawy.com/news/news-videos/details/2021/8/23/2077207/-%D8%AC%D8%A7%D9%85%D8%B9%D8%A9-%D8%B3%D9%88%D9%87%D8%A7%D8%AC-%D8%AA%D8%B3%D8%AA%D8%AC%D9%8A%D8%A8-%D9%84%D8%B7%D8%A7%D9%84%D8%A8%D8%A9-%D8%A8%D9%85%D9%86%D8%AD%D8%A9-%D8%AF%D8%B1%D8%A7%D8%B3%D9%8A%D8%A9-%D9%85%D8%AC%D8%A7%D9%86%D9%8A%D8%A9-%D9%85%D8%B5%D8%B7%D9%81%D9%89-%D8%B9%D8%A8%D8%AF%D8%A7%D9%84%D8%AE%D8%A7%D9%84%D9%82-%D9%8A%D9%88%D8%B6%D8%AD#Education-Videos-HP,Masrawy,2025-04-22 17:17:40
تفاصيل إنقاذ يد شاب بعد 12 ساعة جراحة في «طب الأزهر»,تفاصيل إنقاذ يد شاب بعد 12 ساعة جراحة في «طب الأزهر»,04:34 م | الثلاثاء 22 أبريل 2025,04:34 م | الثلاثاء 22 أبريل 2025,"«حقوق الإنسان»: نفخر بالشراكة مع «الوطنية للانتخابات» ونؤمن بحق المواطن في الحصول على المعلومات
تفاصيل إنقاذ يد شاب بعد 12 ساعة جراحة في «طب الأزهر»
كشف الدكتور عبدالله صلاح السعدني، مدرس مساعد جراحة التجميل بكلية طب الأزهر بالقاهرة، عن تفاصيل واحدة من العمليات الجراحية النادرة والمعقدة، التي أُجريت لشاب تعرض لإصابة شبه بتر كامل في يده.
وأوضح عبدالله صلاح السعدني خلال مداخلة هاتفية في برنامج «الستات مايعرفوش يكدبوا»، المذاع على قناة «cbc»، أن هذه الحالات نادرة للغاية نظرًا لطبيعة الإصابة، حيث لم يكن الأمر مجرد جرح في الأوتار، بل إصابة خطيرة تتطلب تدخلًا دقيقًا لإنقاذ الأنسجة.
وأضاف أن العملية استغرقت حوالي 12 ساعة، وكان التحدي الأكبر فيها هو استعادة التغذية الدموية لليد في أسرع وقت ممكن «كل دقيقة بتفرق عشان الأنسجة ما تموتش»، مشددًا على أهمية السرعة في التعامل مع مثل هذه الإصابات، مشيرًا إلى ضرورة إجراء الجراحة خلال أول 6 ساعات من الإصابة لزيادة فرص النجاح.
وتوجه السعدني بالشكر لفريق العمل المشارك في الجراحة، بدءًا من استقبال الحالة فورًا وتجهيز التحاليل والأشعة، مرورًا بفريق التخدير والعظام، وصولًا إلى جراحي الميكروسكوب المتخصصين في إعادة توصيل الأوعية الدموية بدقة شديدة.
ووجّه نصيحة مهمة للجمهور، وهي في حال حدوث بتر أو إصابة مشابهة، يجب لف الجزء المبتور في قطعة قماش مبللة بمحلول ملحي أو ماء عادي، ووضعها في كيس بلاستيكي محكم، ثم تغليف الكيس بالثلج لحين الوصول إلى المستشفى، ما يمنح الأطباء فرصة أطول لإنقاذ الطرف المصاب.
رئيس جامعة بنها: افتتاح مبنى الجراحة بالمستشفى الجامعي بعد إجازة عيد الفطر
رئيس جامعة بنها: مستشفى الجراحة ببنها الجامعي تدخل الخدمة قريبا
اكتشاف طبي مذهل.. لقاح يحارب سرطان عنق الرحم ويغني عن الجراحة
جامعة أسوان تنظم ورشة عمل بعنوان «الحالات المتقدمة في الجراحة بالمناظير»
صحيفة عبرية تكشف الوضع القانوني لنتنياهو بعد الجراحة المفاجئة
«الأرصاد»: رياح خمسينية مثيرة للرمال والأتربة على القاهرة والمحافظات
إسرائيل تصعّد عملياتها العسكرية جنوب غزة.. و11 شهيدا في غارات على خان يونس
إسرائيل تصعّد عملياتها العسكرية جنوب غزة.. و11 شهيدا في غارات على خان يونس
فرص عمل في قبرص براتب 1500 يورور شهريا.. اعرف الشروط المطلوبة
البنك المركزي: استمرار طباعة العملات البلاستيكية فئة الـ10 و20 جنيها
إعلام فلسطيني: اشتباكات بين مقاومين وقوات الاحتلال بمخيم بلاطة شرق نابلس
في وقفة عرفة.. أطعمة ومشروبات تجنبها عند الإفطار اليوم
حاج يمني من ذوي الهمم: بكيت عند رؤيتي الكعبة والحج رحلة العمر
أبرز لقطات حفل زفاف محمد هاني وشقيقة زوجة حسام غالي «صور»
طفل «مبتور الأطراف» يلهو على شاطئ غزة.. «نحب الحياة إذا ما استطعنا إليها سبيلا»
«مترميهاش بعد ما تشربها».. 5 استخدمات لن تتوقعها لبقايا القهوة
هل يغيب أحمد فتوح عن مباراة القمة أمام الأهلي؟.. مصدر يكشف التفاصيل
ليفربول يحتفل بعيد ميلاد محمد صلاح الـ32.. «الملك المصري»
تفاصيل عقد محمد هاني الجديد في الأهلي.. تعرف على راتبه (خاص)
مهاجم سويسرا المرشح للأهلي يسجل أول أهدافه الدولية أمام المجر
ترتيب الدوري بعد فوز الأهلي على فاركو وتفوق الزمالك على سيراميكا
©
                        جميع الحقوق محفوظة لجريدة الوطن 2025",https://www.elwatannews.com/news/details/8067559,El Watan News,2025-04-22 17:19:32
وزير التموين: استثمارات لجنة المساعدات الأجنبية مع القطاع الخاص تسجل 576 مليون جنيه,وزير التموين: استثمارات لجنة المساعدات الأجنبية مع القطاع الخاص تسجل 576 مليون جنيه,04:24 م | الثلاثاء 22 أبريل 2025,04:24 م | الثلاثاء 22 أبريل 2025,"«حقوق الإنسان»: نفخر بالشراكة مع «الوطنية للانتخابات» ونؤمن بحق المواطن في الحصول على المعلومات
وزير التموين: استثمارات لجنة المساعدات الأجنبية مع القطاع الخاص تسجل 576 مليون جنيه
ترأس الدكتور شريف فاروق وزير التموين والتجارة الداخلية، اجتماع مجلس إدارة اللجنة العامة للمساعدات الأجنبية التابعة للوزارة، الذي جاء في إطار الحرص على تعظيم الاستفادة من آليات التعاون الدولي، وتعزيز الشراكة مع القطاع الخاص في تنفيذ المشروعات التنموية، إلى جانب دعم تدفق الاستثمارات الأجنبية، وتنسيق الجهود بين الجهات المختلفة بما يسهم في تحقيق أولويات التنمية المستدامة.
واستعرض الدكتور الوزير أبرز إنجازات اللجنة في الفترة الأخيرة، مٌشيدًا بالدور الفعال الذي تقوم به اللجنة في تنسيق جهود التعاون مع الشركاء الدوليين والقطاع الخاص، بما يُسهم في دعم البرامج التنموية ذات الأولوية.
وأكد الدكتور شريف فاروق أهمية تعميق الشراكة مع القطاع الخاص في تنفيذ مشروعات اللجنة، مشيرًا إلى أن حجم الاستثمارات التي تم تنفيذها بالتعاون مع القطاع الخاص والاستثمارات الأجنبية بلغ نحو 576 مليون جنيه، مما يعكس ثقة المستثمرين والشُركاء في البيئة الاستثمارية المصرية، ودور اللجنة في تهيئة المناخ الملائم لتنفيذ المشروعات التنموية.
وأوضح أن اللجنة تسعى إلى تعظيم الاستفادة من المساعدات الخارجية من خلال توجيهها إلى مشروعات ذات أثر مباشر ومستدام، خاصة في قطاعات الأمن الغذائي، ودعم الصناعات والمشروعات الصغيرة والمتوسطة.
واطلع الدكتور شريف فاروق خلال الاجتماع على عددًا من الملفات الاستراتيجية، من بينها خطة اللجنة للتوسع في الشراكات الدولية، وآليات تسهيل وتعزيز مشاركة القطاع الخاص في تصميم وتنفيذ المبادرات التنموية، بما يتماشى مع رؤية مصر 2030.
وشدد الوزير على أهمية استمرار التنسيق بين الجهات المختلفة لضمان التكامل وتحقيق أقصى استفادة ممكنة من الموارد المتاحة.
جاء الاجتماع بحضور اللواء أحمد فتحي نائب رئيس اللجنة العامة للمساعدات الأجنبية، وأحمد كمال معاون الوزير المتحدث الرسمي، وأعضاء مجلس إدارة اللجنة ممثلي الوزارات والهيئات المختلفة.
أسعار السلع التموينية لشهر مايو 2025.. استقرار الزيت والسكر
«التموين»: سعر توريد القمح المحلي أعلى من العالمي ونتوقع تحقيق المستهدف
مد فترة صرف المنحة الإضافية للمستحقين على بطاقات التموين حتى آخر مايو
«الأرصاد»: رياح خمسينية مثيرة للرمال والأتربة على القاهرة والمحافظات
إسرائيل تصعّد عملياتها العسكرية جنوب غزة.. و11 شهيدا في غارات على خان يونس
إسرائيل تصعّد عملياتها العسكرية جنوب غزة.. و11 شهيدا في غارات على خان يونس
فرص عمل في قبرص براتب 1500 يورور شهريا.. اعرف الشروط المطلوبة
البنك المركزي: استمرار طباعة العملات البلاستيكية فئة الـ10 و20 جنيها
إعلام فلسطيني: اشتباكات بين مقاومين وقوات الاحتلال بمخيم بلاطة شرق نابلس
في وقفة عرفة.. أطعمة ومشروبات تجنبها عند الإفطار اليوم
حاج يمني من ذوي الهمم: بكيت عند رؤيتي الكعبة والحج رحلة العمر
أبرز لقطات حفل زفاف محمد هاني وشقيقة زوجة حسام غالي «صور»
طفل «مبتور الأطراف» يلهو على شاطئ غزة.. «نحب الحياة إذا ما استطعنا إليها سبيلا»
«مترميهاش بعد ما تشربها».. 5 استخدمات لن تتوقعها لبقايا القهوة
هل يغيب أحمد فتوح عن مباراة القمة أمام الأهلي؟.. مصدر يكشف التفاصيل
ليفربول يحتفل بعيد ميلاد محمد صلاح الـ32.. «الملك المصري»
تفاصيل عقد محمد هاني الجديد في الأهلي.. تعرف على راتبه (خاص)
مهاجم سويسرا المرشح للأهلي يسجل أول أهدافه الدولية أمام المجر
ترتيب الدوري بعد فوز الأهلي على فاركو وتفوق الزمالك على سيراميكا
©
                        جميع الحقوق محفوظة لجريدة الوطن 2025",https://www.elwatannews.com/news/details/8067553,El Watan News,2025-04-22 17:19:40
استشاري أمراض جلدية: الطعام وتغيير الفصول أهم مسببات الحساسية,استشاري أمراض جلدية: الطعام وتغيير الفصول أهم مسببات الحساسية,04:00 م | الثلاثاء 22 أبريل 2025,04:00 م | الثلاثاء 22 أبريل 2025,"«حقوق الإنسان»: نفخر بالشراكة مع «الوطنية للانتخابات» ونؤمن بحق المواطن في الحصول على المعلومات
استشاري أمراض جلدية: الطعام وتغيير الفصول أهم مسببات الحساسية
قال الدكتور ماهر محمود، استشاري الجلدية، إن الحساسية هي عبارة عن إحمرار في الجلد مصحوب بحكة تظهر وتختفي بشكل مفاجئ، لافتًا إلى أن أهم مسببات الحساسية الجلدية هي الطعام، والمكسرات بأنواعها، والمأكولات البحرية والألبان والفواكه، وتأتي الأدوية كثاني مسبب، وبالأخص المضادات الحيوية مثل البنسلين، والسلفا وما شابه.
وأضاف، خلال لقاء عبر القناة الأولى المصرية، أن المسكنات هي أهم المسببات للحساسية ويوجد مسببات خارجية مثل تغيير الفصول التي تسمى بالحساسية الفزيائية، مُوضحًا أن أساليب وقاية الطفل من الحساسية هي عن طريق تحديد المسبب في المقام الأول وبعدها يمكن تجنب هذا السبب، مثل حساسية الطعام، وقتها نمنع الطفل من الأطعمة المسببة للحساسية.
وتابع: «هناك أدوية تساعد في شفاء الحساسية و تعمل هذه الأدوية على فرز مادة الهيستامين في الجسم، للحد من تفاعل الجسم تجاه المادة المسببة للحساسية».
ليلى عز العرب: الطعام جزء أساسي من احتفالات المصريين بالأعياد
شيخ الأزهر: يجب حضور القلب عند الدعاء.. والطعام الحرام يفسده
الحلقة 4 من مسلسل لام شمسية.. يوسف يمتنع عن الكلام والطعام
«الأرصاد»: رياح خمسينية مثيرة للرمال والأتربة على القاهرة والمحافظات
إسرائيل تصعّد عملياتها العسكرية جنوب غزة.. و11 شهيدا في غارات على خان يونس
إسرائيل تصعّد عملياتها العسكرية جنوب غزة.. و11 شهيدا في غارات على خان يونس
فرص عمل في قبرص براتب 1500 يورور شهريا.. اعرف الشروط المطلوبة
البنك المركزي: استمرار طباعة العملات البلاستيكية فئة الـ10 و20 جنيها
إعلام فلسطيني: اشتباكات بين مقاومين وقوات الاحتلال بمخيم بلاطة شرق نابلس
في وقفة عرفة.. أطعمة ومشروبات تجنبها عند الإفطار اليوم
حاج يمني من ذوي الهمم: بكيت عند رؤيتي الكعبة والحج رحلة العمر
أبرز لقطات حفل زفاف محمد هاني وشقيقة زوجة حسام غالي «صور»
طفل «مبتور الأطراف» يلهو على شاطئ غزة.. «نحب الحياة إذا ما استطعنا إليها سبيلا»
«مترميهاش بعد ما تشربها».. 5 استخدمات لن تتوقعها لبقايا القهوة
هل يغيب أحمد فتوح عن مباراة القمة أمام الأهلي؟.. مصدر يكشف التفاصيل
ليفربول يحتفل بعيد ميلاد محمد صلاح الـ32.. «الملك المصري»
تفاصيل عقد محمد هاني الجديد في الأهلي.. تعرف على راتبه (خاص)
مهاجم سويسرا المرشح للأهلي يسجل أول أهدافه الدولية أمام المجر
ترتيب الدوري بعد فوز الأهلي على فاركو وتفوق الزمالك على سيراميكا
©
                        جميع الحقوق محفوظة لجريدة الوطن 2025",https://www.elwatannews.com/news/details/8067547,El Watan News,2025-04-22 17:19:48
رئيس الوزراء يتابع مستجدات تنفيذ مشروع مدينة رأس الحكمة,رئيس الوزراء يتابع مستجدات تنفيذ مشروع مدينة رأس الحكمة,04:00 م | الثلاثاء 22 أبريل 2025,04:00 م | الثلاثاء 22 أبريل 2025,"«حقوق الإنسان»: نفخر بالشراكة مع «الوطنية للانتخابات» ونؤمن بحق المواطن في الحصول على المعلومات
رئيس الوزراء يتابع مستجدات تنفيذ مشروع مدينة رأس الحكمة
عقد الدكتور مصطفى مدبولي، رئيس مجلس الوزراء، اليوم، اجتماعًا لاستعراض مُستجدات تنفيذ مشروع مدينة رأس الحكمة بالساحل الشمالي الغربي، وذلك بحضور جاسم الزعابي، رئيس مجلس إدارة مجموعة مُدن القابضة، والوفد المرافق له.
وفي مستهل الاجتماع، أعرب رئيس مجلس الوزراء عن تقديره للتعاون القائم بين الجانبين لمتابعة تنفيذ مشروع مدينة رأس الحكمة، مؤكدًا اهتمام الدولة المصرية بمتابعة تنفيذ المشروع وفقًا للتوقيتات والجداول الزمنية المُحددة، ودعمه الكامل لأي إجراءات من شأنها تسريع وتيرة تنفيذ المشروع، وذلك في إطار اهتمام الدولة بتطوير منطقة الساحل الشمالي الغربي.
كما أكد الدكتور مصطفى مدبولي أن مشروع رأس الحكمة سيمثل طفرة كبيرة في مجال تطوير المنطقة، بما يدعم جهود الدولة لتطوير قطاع السياحة وزيادة أعداد السائحين الوافدين وأعداد الغرف الفندقية، مشيرًا إلى أن هذا المشروع المهم يعكس مدى عمق العلاقات بين الدولتين الشقيقتين مصر والإمارات، وحرص قادة البلدين على تعزيز وتعميق التعاون في مختلف المجالات.
بدوره، أعرب جاسم الزعابي، رئيس مجلس إدارة مجموعة مُدن القابضة، عن تقديره لرئيس الوزراء لدعمه إنجاز المشروع، مستعرضًا جهود الشركة خلال الفترة الماضية لمتابعة تنفيذ المشروع، من خلال البدء في وضع المخطط العام للمشروع بكل ما يحتويه من مرافق وخدمات تعكس أرقى معايير التصميم على مستوى العالم، بما يجعل المشروع نقطة جذب سياحي واعدة في منطقة البحر المتوسط.
وفي ختام اللقاء، أبدى رئيس الوزراء تقديره لحجم المجهود المبذول من جانب الشركة، مشيدًا بما اطلع عليه من تصميم لمشروع رأس الحكمة، وهو ما يجعل من المنطقة نقطة جذب سياحي واعدة، مؤكدًا استمرار التنسيق والمتابعة مع الجانب الإماراتي الشقيق لتنفيذ هذا المشروع الهام.
مدبولي: الحكومة ستستمر بقوة في وتيرة الإصلاحات الاقتصادية
رئيس الوزراء لـ «الوطن»: الحكومة اتخذت إجراءات مهمة بشأن تعاطي أي موظف للمخدرات
الحكومة: طرح 3 آلاف تاكسي يعمل بالغاز الطبيعي و1000 سيارة ربع نقل للشباب
الحكومة توافق على 8 قرارات بينها زيادة قيمة المنح الدورية للعمالة غير المنتظمة
«الأرصاد»: رياح خمسينية مثيرة للرمال والأتربة على القاهرة والمحافظات
إسرائيل تصعّد عملياتها العسكرية جنوب غزة.. و11 شهيدا في غارات على خان يونس
إسرائيل تصعّد عملياتها العسكرية جنوب غزة.. و11 شهيدا في غارات على خان يونس
فرص عمل في قبرص براتب 1500 يورور شهريا.. اعرف الشروط المطلوبة
البنك المركزي: استمرار طباعة العملات البلاستيكية فئة الـ10 و20 جنيها
إعلام فلسطيني: اشتباكات بين مقاومين وقوات الاحتلال بمخيم بلاطة شرق نابلس
في وقفة عرفة.. أطعمة ومشروبات تجنبها عند الإفطار اليوم
حاج يمني من ذوي الهمم: بكيت عند رؤيتي الكعبة والحج رحلة العمر
أبرز لقطات حفل زفاف محمد هاني وشقيقة زوجة حسام غالي «صور»
طفل «مبتور الأطراف» يلهو على شاطئ غزة.. «نحب الحياة إذا ما استطعنا إليها سبيلا»
«مترميهاش بعد ما تشربها».. 5 استخدمات لن تتوقعها لبقايا القهوة
هل يغيب أحمد فتوح عن مباراة القمة أمام الأهلي؟.. مصدر يكشف التفاصيل
ليفربول يحتفل بعيد ميلاد محمد صلاح الـ32.. «الملك المصري»
تفاصيل عقد محمد هاني الجديد في الأهلي.. تعرف على راتبه (خاص)
مهاجم سويسرا المرشح للأهلي يسجل أول أهدافه الدولية أمام المجر
ترتيب الدوري بعد فوز الأهلي على فاركو وتفوق الزمالك على سيراميكا
©
                        جميع الحقوق محفوظة لجريدة الوطن 2025",https://www.elwatannews.com/news/details/8067548,El Watan News,2025-04-22 17:19:57
أستاذ علم نفس: «السوشيال ميديا» تٌشتت انتباه الطلاب وتضعف الذاكرة,أستاذ علم نفس: «السوشيال ميديا» تٌشتت انتباه الطلاب وتضعف الذاكرة,03:46 م | الثلاثاء 22 أبريل 2025,03:46 م | الثلاثاء 22 أبريل 2025,"«حقوق الإنسان»: نفخر بالشراكة مع «الوطنية للانتخابات» ونؤمن بحق المواطن في الحصول على المعلومات
أستاذ علم نفس: «السوشيال ميديا» تٌشتت انتباه الطلاب وتضعف الذاكرة
قال الدكتور تامر شوقي، خبير علم النفس التربوي، إن السوشيال ميديا سلاح ذو حدين لها إيجابي وسلبي، مُشيرًا إلى أنه عند وقوع أزمة كورونا كان الاعتماد الكلي على مواقع التواصل الاجتماعي.
وأوضح أن فوائد السوشيال ميديا في مجال التعليم، تكمن في قُدرة الطالب على التصفح في شتى المجالات العلمية، ولهذا توفر وزارة التربية والتعليم المنصات التعليمية لجميع الفئات الدراسية وجميع المواد العلمية.
وأضاف شوقي، خلال لقاء عبر القناة الأولى المصرية، أنه يمكن إنشاء «جروبات تعليمية» للطلاب من خلال السوشيال ميديا على مواقع التواصل، التي من خلالها يتواصل الطلاب مع بعضهم البعض أو مع المعلمين، بجانب سهولة الحصول على المادة العلمية في أي زمان ومكان، إذ أن هذه الإيجابيات لا تمنع وجود السلبيات ومنها التشتت الرقمي، وهو تشتت الطالب عن المنصات التعليمية متجهًا إلى مواقع التواصل الاجتماعي.
وتابع: «أضرار السوشيال ميديا تصل إلى إهدار الوقت والإفراط في استخدام مواقع التواصل، وضعف الإنتاجية وعدم القدرة على أخذ القرارات وتُسبب ضعف في الذاكرة، وتندرج هذه المفاهيم تحت مٌسمى التشويش الذهني».
ماذا قال رواد مواقع التواصل الاجتماعي بعد ظهور جورجينا بالحجاب؟
صُنع في الصين.. فستان المتحدثة باسم البيت الأبيض يثير الجدل على مواقع التواصل
واشنطن بوست تحذر: إدارة ترامب تراقب المهاجرين على مواقع التواصل
«الأرصاد»: رياح خمسينية مثيرة للرمال والأتربة على القاهرة والمحافظات
إسرائيل تصعّد عملياتها العسكرية جنوب غزة.. و11 شهيدا في غارات على خان يونس
إسرائيل تصعّد عملياتها العسكرية جنوب غزة.. و11 شهيدا في غارات على خان يونس
فرص عمل في قبرص براتب 1500 يورور شهريا.. اعرف الشروط المطلوبة
البنك المركزي: استمرار طباعة العملات البلاستيكية فئة الـ10 و20 جنيها
إعلام فلسطيني: اشتباكات بين مقاومين وقوات الاحتلال بمخيم بلاطة شرق نابلس
في وقفة عرفة.. أطعمة ومشروبات تجنبها عند الإفطار اليوم
حاج يمني من ذوي الهمم: بكيت عند رؤيتي الكعبة والحج رحلة العمر
أبرز لقطات حفل زفاف محمد هاني وشقيقة زوجة حسام غالي «صور»
طفل «مبتور الأطراف» يلهو على شاطئ غزة.. «نحب الحياة إذا ما استطعنا إليها سبيلا»
«مترميهاش بعد ما تشربها».. 5 استخدمات لن تتوقعها لبقايا القهوة
هل يغيب أحمد فتوح عن مباراة القمة أمام الأهلي؟.. مصدر يكشف التفاصيل
ليفربول يحتفل بعيد ميلاد محمد صلاح الـ32.. «الملك المصري»
تفاصيل عقد محمد هاني الجديد في الأهلي.. تعرف على راتبه (خاص)
مهاجم سويسرا المرشح للأهلي يسجل أول أهدافه الدولية أمام المجر
ترتيب الدوري بعد فوز الأهلي على فاركو وتفوق الزمالك على سيراميكا
©
                        جميع الحقوق محفوظة لجريدة الوطن 2025",https://www.elwatannews.com/news/details/8067544,El Watan News,2025-04-22 17:20:07
القوات المسلحة تحرص على دعم علاقات التعاون وتبادل الخبرات مع مختلف الدول الصديقة,القوات المسلحة تحرص على دعم علاقات التعاون وتبادل الخبرات مع مختلف الدول الصديقة,03:42 م | الثلاثاء 22 أبريل 2025,03:42 م | الثلاثاء 22 أبريل 2025,"«حقوق الإنسان»: نفخر بالشراكة مع «الوطنية للانتخابات» ونؤمن بحق المواطن في الحصول على المعلومات
القوات المسلحة تحرص على دعم علاقات التعاون وتبادل الخبرات مع مختلف الدول الصديقة
في إطار حرص القوات المسلحة على دعم علاقات التعاون وتبادل الخبرات مع مختلف الدول الصديقة والشقيقة بكافة المجالات، استقبل مجمع الصناعات الهندسية لإدارة المركبات بالقوات المسلحة وفدًا أوغنديًا يترأسه الجنرال كاهيندا أوتافير المفتش العام لوزارة الداخلية الأوغندية وذلك للتعرف على منظومة العمل الفني بالمجمع.
واستمع الوفد إلى شرح تفصيلي لآليات العمل بالمجمع وإتباعه لأحدث النظم التكنولوجية التي تمكنه من تنفيذ ما يكلف به من مهام على أكمل وجه، كما قام بجولة تفقدية لعدد من خطوط الإنتاج بالمجمع.
وفى ختام الزيارة أشاد المفتش العام لوزارة الداخلية الأوغندية بما شاهده الوفد من منظومة علمية وفنية متكاملة وعنصر بشرى قادر على إنجاز مهامه بأقصى درجات الاحترافية، مؤكدًا أن هذا الصرح يعكس مدى اهتمام القوات المسلحة بتعظيم الاستفادة من كافة الإمكانات والقدرات المتاحة والاستفادة من التطورات العلمية والتكنولوجية المتلاحقة للارتقاء بمنظومة الدعم الفني وتطويعها لخدمة الوطن.
«الأرصاد»: رياح خمسينية مثيرة للرمال والأتربة على القاهرة والمحافظات
إسرائيل تصعّد عملياتها العسكرية جنوب غزة.. و11 شهيدا في غارات على خان يونس
إسرائيل تصعّد عملياتها العسكرية جنوب غزة.. و11 شهيدا في غارات على خان يونس
فرص عمل في قبرص براتب 1500 يورور شهريا.. اعرف الشروط المطلوبة
البنك المركزي: استمرار طباعة العملات البلاستيكية فئة الـ10 و20 جنيها
إعلام فلسطيني: اشتباكات بين مقاومين وقوات الاحتلال بمخيم بلاطة شرق نابلس
في وقفة عرفة.. أطعمة ومشروبات تجنبها عند الإفطار اليوم
حاج يمني من ذوي الهمم: بكيت عند رؤيتي الكعبة والحج رحلة العمر
أبرز لقطات حفل زفاف محمد هاني وشقيقة زوجة حسام غالي «صور»
طفل «مبتور الأطراف» يلهو على شاطئ غزة.. «نحب الحياة إذا ما استطعنا إليها سبيلا»
«مترميهاش بعد ما تشربها».. 5 استخدمات لن تتوقعها لبقايا القهوة
هل يغيب أحمد فتوح عن مباراة القمة أمام الأهلي؟.. مصدر يكشف التفاصيل
ليفربول يحتفل بعيد ميلاد محمد صلاح الـ32.. «الملك المصري»
تفاصيل عقد محمد هاني الجديد في الأهلي.. تعرف على راتبه (خاص)
مهاجم سويسرا المرشح للأهلي يسجل أول أهدافه الدولية أمام المجر
ترتيب الدوري بعد فوز الأهلي على فاركو وتفوق الزمالك على سيراميكا
©
                        جميع الحقوق محفوظة لجريدة الوطن 2025",https://www.elwatannews.com/news/details/8067540,El Watan News,2025-04-22 17:20:14
مستشارا رئيس الجمهورية ووزيرة التنمية المحلية يتابعون أعمال تطوير المنطقة الأثرية بالأهرامات,مستشارا رئيس الجمهورية ووزيرة التنمية المحلية يتابعون أعمال تطوير المنطقة الأثرية بالأهرامات,03:38 م | الثلاثاء 22 أبريل 2025,03:38 م | الثلاثاء 22 أبريل 2025,"«حقوق الإنسان»: نفخر بالشراكة مع «الوطنية للانتخابات» ونؤمن بحق المواطن في الحصول على المعلومات
مستشارا رئيس الجمهورية ووزيرة التنمية المحلية يتابعون أعمال تطوير المنطقة الأثرية بالأهرامات
أجرت السفيرة فايزة أبو النجا مستشارة رئيس الجمهورية للأمن القومي، واللواء دكتور خالد فودة مستشار رئيس الجمهورية للتنمية المحلية ورئيس اللجنة العليا لإدارة مواقع التراث العالمي، والدكتورة منال عوض وزيرة التنمية المحلية والمهندس عادل النجار محافظ الجيزة، جولة تفقدية اليوم لمتابعة الموقف التنفيذي للأعمال بالمنطقة الأثرية لأهرامات الجيزة بعد بدء التشغيل التجريبي لأعمال التطوير للوقوف على انتظام العمل وفاعلية المنظومة الجديدة في تحسين تجربة الزائرين والتنسيق لتلافى أية ملاحظات أو معوقات بالأعمال تمهيدا للافتتاح الرسمي.
وخلال الجولة جرى التعرف على جميع إجراءات تشغيل مبنى مركز الزوار الجديد، وتشغيل منظومة الباصات الترددية، كما تم تناول موقف تنظيم دخول الحافلات السياحية من البوابات الجديدة، فضلا عن إجراءات تنظيم عمل الدواب داخل المنطقة الأثرية.
كما تم عرض عدة محاور أخرى تتعلق بتحسين تجربة الزوار والتفاعل، واستراتيجية التسويق والترويج، وآلية الإدارة، إلى جانب عدد من المقترحات التصميمية والطابع المعماري في تطوير المباني القائمة.
كما أجرى مستشارو رئيس الجمهورية ووزيرة التنمية المحلية ومحافظ الجيزة، تجربة شاملة لمسار الزيارة الخاص بالأفواج السياحية والزائرين للمنطقة الأثرية تضمنت المدخل المستحدث للمنطقة الأثرية والاستقبال ومحطات الأتوبيسات الكهربائية والمسارات الخاصة بها، مرورا بساحات البانوراما والمناطق التجارية والاستثمارية والمداخل الخاصة بمزارات المنطقة الأثرية ومنطقة التريض.
وعقب الجولة جرى عقد اجتماع للجنة العليا لإدارة مواقع التراث العالمي، ونقلت السفيرة فايزة أبو النجا واللواء خالد فودة خلال الاجتماع تحيات رئيس الجمهورية للحضور من الوزراء والمسؤولين والقائمين على الأعمال، وحرص على تحويل المنطقة لمقصد جذب سياحي مستدام يراعي عراقة مكوناته ويحقق طموحات الدولة.
وخلال الاجتماع تم الإشارة إلى الأهمية الكبيرة للأعمال الجارية بالمنطقة الأثرية بالأهرامات؛ نظرا لما تتضمنه هذه المنطقة ومحيطها من كنوز تاريخية وأثرية فريدة، ما يستوجب وضعها دائما على أجندة الاهتمام ورفع كفاءة مستوى الخدمات المقدمة لزائريها من الأجانب والمصريين، وذلك بما يتناسب مع مكانتها وقيمتها الحضارية.
كما جرى الإشارة إلى أهمية تضافر جهود مختلف الوزارات والجهات المعنية، والالتزام بالخطة الموضوعة مُسبقا لنجاح التشغيل التجريبي وتوفير تجربة سياحية متميزة لزائري المنطقة وجعلها أكثر سهولة ويسر واستمتاع.
واستعرض اللواء دكتور خالد فودة مستشار رئيس الجمهورية، توجيهات وتكليفات رئيس الجمهورية وخطط العمل الخاصة بكل جهة خلال المرحلة القادمة والأدوار والمهام الخاصة بكل منها، والمتابعة الدورية ميدانيا لسرعة انتهاء كل جهة من الأعمال الموكلة لها استعدادا للافتتاح الرسمي، وذلك قبل افتتاح المتحف المصري الكبير.
وزيرة التنمية المحلية: مد مهلة تقديم طلبات التصالح فرصة لتوفيق الأوضاع
وزيرة التنمية المحلية توجه بإزالة تعديات المحال والمقاهي على الأرصفة في مصر الجديدة
التنمية المحلية: نحرص على رفع قدرات العاملين في مجالات تحليل البيانات السكانية
وزيرة التنمية المحلية توجه بغلق الكافيهات والمطاعم المخالفة في حي مصر الجديدة
«الأرصاد»: رياح خمسينية مثيرة للرمال والأتربة على القاهرة والمحافظات
إسرائيل تصعّد عملياتها العسكرية جنوب غزة.. و11 شهيدا في غارات على خان يونس
إسرائيل تصعّد عملياتها العسكرية جنوب غزة.. و11 شهيدا في غارات على خان يونس
فرص عمل في قبرص براتب 1500 يورور شهريا.. اعرف الشروط المطلوبة
البنك المركزي: استمرار طباعة العملات البلاستيكية فئة الـ10 و20 جنيها
إعلام فلسطيني: اشتباكات بين مقاومين وقوات الاحتلال بمخيم بلاطة شرق نابلس
في وقفة عرفة.. أطعمة ومشروبات تجنبها عند الإفطار اليوم
حاج يمني من ذوي الهمم: بكيت عند رؤيتي الكعبة والحج رحلة العمر
أبرز لقطات حفل زفاف محمد هاني وشقيقة زوجة حسام غالي «صور»
طفل «مبتور الأطراف» يلهو على شاطئ غزة.. «نحب الحياة إذا ما استطعنا إليها سبيلا»
«مترميهاش بعد ما تشربها».. 5 استخدمات لن تتوقعها لبقايا القهوة
هل يغيب أحمد فتوح عن مباراة القمة أمام الأهلي؟.. مصدر يكشف التفاصيل
ليفربول يحتفل بعيد ميلاد محمد صلاح الـ32.. «الملك المصري»
تفاصيل عقد محمد هاني الجديد في الأهلي.. تعرف على راتبه (خاص)
مهاجم سويسرا المرشح للأهلي يسجل أول أهدافه الدولية أمام المجر
ترتيب الدوري بعد فوز الأهلي على فاركو وتفوق الزمالك على سيراميكا
©
                        جميع الحقوق محفوظة لجريدة الوطن 2025",https://www.elwatannews.com/news/details/8067542,El Watan News,2025-04-22 17:20:22
القوات المسلحة تحتفل بتخريج الدفعة الـ167 من كلية الضباط الاحتياط,القوات المسلحة تحتفل بتخريج الدفعة الـ167 من كلية الضباط الاحتياط,03:33 م | الثلاثاء 22 أبريل 2025,03:33 م | الثلاثاء 22 أبريل 2025,"«حقوق الإنسان»: نفخر بالشراكة مع «الوطنية للانتخابات» ونؤمن بحق المواطن في الحصول على المعلومات
القوات المسلحة تحتفل بتخريج الدفعة الـ167 من كلية الضباط الاحتياط
احتفلت القوات المسلحة بتخريج الدفعة 167 من كلية الضباط الاحتياط بعد انتهاء فترة دراستهم في الكلية، لينضموا إلى صفوف القوات المسلحة كضباط مقاتلين يحملون أمانة الدفاع عن الوطن وصون مقدساته، والذي يأتي تزامنا مع احتفالات مصر والقوات المسلحة بالذكرى الـ43 لتحرير سيناء.
بدأت مراسم الاحتفال بعرض المهارات الرياضية وفنون الدفاع عن النفس والقتال المتلاحم، والتي عكست الكفاءة القتالية وقوة التحمل العالية التيى اكتسبها الطلبة طوال فترة دراستهم بالكلية، تلى ذلك عرض المهارات الفنية باستخدام السلاح، أظهر مدى التوافق الذهني والانضباط العسكري الراقي.
واختتمت العروض بالعرض العسكري بمشاركة مجموعات من طلبة الكلية يتقدمهم حملة الأعلام، وعزفت الموسيقات العسكرية سلام الشهيد.
وأعلن كبير معلمي كلية الضباط الاحتياط نتيجة التخرج، أعقبها إعلان قرار التعيين ومنح الأنواط لأوائل الخريجين.
وعلى هامش الاحتفال عرض فيلم تسجيلي عن النقيب شهيد إبراهيم السيد عواد أحد أبطال القوات المسلحة المشاركين في حرب أكتوبر المجيدة، والذي أُطلق اسمه على الدفعة الـ167 ضباط احتياط.
وألقى اللواء أركان حرب بهاء السيد عبدالرحيم مدير كلية الضباط الاحتياط، كلمة أشار خلالها إلى الاهتمام الكبير الذي توليه القيادة العامة للقوات المسلحة، بتوفير الإمكانات العلمية والثقافية لإعداد أجيال جديدة من الخريجين المؤهلين وفق منظومة علمية ومعايير دقيقة ليكونوا خير نموذج للشباب المصري القادر على حماية الوطن وصون مقدساته.
حضر فعاليات الاحتفال، اللواء أركان حرب أسامة نجا مساعد وزير الدفاع، وعدد من قادة القوات المسلحة، وعدد من قدامى مديري كلية الضباط الاحتياط وأسر الخريجين.
القوات المسلحة تدفع بعدد من اللجان التجنيدية إلى محافظة شمال سيناء
القوات المسلحة تهنئ الإخوة المسيحيين بمناسبة عيد القيامة المجيد
وزير الدفاع يشهد مناقشة البحث الرئيسي لهيئة عمليات القوات المسلحة
«الأرصاد»: رياح خمسينية مثيرة للرمال والأتربة على القاهرة والمحافظات
إسرائيل تصعّد عملياتها العسكرية جنوب غزة.. و11 شهيدا في غارات على خان يونس
إسرائيل تصعّد عملياتها العسكرية جنوب غزة.. و11 شهيدا في غارات على خان يونس
فرص عمل في قبرص براتب 1500 يورور شهريا.. اعرف الشروط المطلوبة
البنك المركزي: استمرار طباعة العملات البلاستيكية فئة الـ10 و20 جنيها
إعلام فلسطيني: اشتباكات بين مقاومين وقوات الاحتلال بمخيم بلاطة شرق نابلس
في وقفة عرفة.. أطعمة ومشروبات تجنبها عند الإفطار اليوم
حاج يمني من ذوي الهمم: بكيت عند رؤيتي الكعبة والحج رحلة العمر
أبرز لقطات حفل زفاف محمد هاني وشقيقة زوجة حسام غالي «صور»
طفل «مبتور الأطراف» يلهو على شاطئ غزة.. «نحب الحياة إذا ما استطعنا إليها سبيلا»
«مترميهاش بعد ما تشربها».. 5 استخدمات لن تتوقعها لبقايا القهوة
هل يغيب أحمد فتوح عن مباراة القمة أمام الأهلي؟.. مصدر يكشف التفاصيل
ليفربول يحتفل بعيد ميلاد محمد صلاح الـ32.. «الملك المصري»
تفاصيل عقد محمد هاني الجديد في الأهلي.. تعرف على راتبه (خاص)
مهاجم سويسرا المرشح للأهلي يسجل أول أهدافه الدولية أمام المجر
ترتيب الدوري بعد فوز الأهلي على فاركو وتفوق الزمالك على سيراميكا
©
                        جميع الحقوق محفوظة لجريدة الوطن 2025",https://www.elwatannews.com/news/details/8067537,El Watan News,2025-04-22 17:20:34
تطوير الحماية الاجتماعية وتمكين المرأة يتصدران توصيات مؤتمر العمل العربي في يومه الرابع,تطوير الحماية الاجتماعية وتمكين المرأة يتصدران توصيات مؤتمر العمل العربي في يومه الرابع,03:29 م | الثلاثاء 22 أبريل 2025,03:29 م | الثلاثاء 22 أبريل 2025,"«حقوق الإنسان»: نفخر بالشراكة مع «الوطنية للانتخابات» ونؤمن بحق المواطن في الحصول على المعلومات
تطوير الحماية الاجتماعية وتمكين المرأة يتصدران توصيات مؤتمر العمل العربي في يومه الرابع
واصل مؤتمر العمل العربي في دورته الـ 51 اجتماعاته لليوم الرابع على التوالي، إذ ينعقد في القاهرة تحت رعاية السيد الرئيس عبد الفتاح السيسي رئيس الجمهورية، وبحضور ممثلين عن أطراف العمل العرب الثلاثة من وزارات عمل ومنظمات أصحاب أعمال وعمال، وتنظمه منظمة العمل العربية. وترأس وزير العمل محمد جبران وفد مصر الثلاثي، وشارك وفد وزارة العمل في كل اللجان الفنية المنبثقة عن المؤتمر خلال أيام انعقاده، وحتى اليوم، حيث تم مناقشة البند الثامن بعنوان السياسات الاجتماعية الشاملة ودورها في الحد من الفقر وتعزيز الاندماج الاقتصادي، وقد تمحورت المناقشات حول السياسات الاجتماعية ودورها في التنمية المستدامة وواقع أنظمة الحماية الاجتماعية في الدول العربية والتقارير المقترحة لتطويرها وتقليل الفجوة الاقتصادية والحد من الفقر.
هذا وتضمنت التوصيات أهمية العمل على تطوير أنظمة الحماية الاجتماعية وفق رؤية مبتكرة تضمن شمولية الحماية كحق أساسي للجميع وإدراج الحماية الاجتماعية الشاملة في الأطر الدستورية القانونية، وكذلك تمكين المرأة من خلال وضع سياسات شاملة تضمن تحقيق المساواة بين الجنسين.
كما ناقشت لجنة ""العناقيد الاقتصادية""، مفهومًا وتحليلًا لوضع العناقيد الاقتصادية في الدول العربية، بالإضافة إلى التحديات التي تواجه تطويرها. كما تم استعراض تأثير العناقيد الاقتصادية على التنمية المستدامة وأهميتها في تعزيز التكامل الاقتصادي العربي وترسيخ دور أطراف الإنتاج الثلاثة للنهوض بالعناقيد الاقتصادية العربية. وقد قامت الدول المشاركة باستعراض تجارب دولهم وأكدت على توفير الدعم المعلوماتي والمالي لمساعدة أصحاب المشاريع التي تدعم فكرة العناقيد الاقتصادية لتحقيق التنمية الشاملة والمستدامة، وتطوير مؤشرات قياس أداء العناقيد الاقتصادية واستخدام أدوات البيانات الضخمة والذكاء الاصطناعي لتحليل كافة العناقيد.
«الأرصاد»: رياح خمسينية مثيرة للرمال والأتربة على القاهرة والمحافظات
إسرائيل تصعّد عملياتها العسكرية جنوب غزة.. و11 شهيدا في غارات على خان يونس
إسرائيل تصعّد عملياتها العسكرية جنوب غزة.. و11 شهيدا في غارات على خان يونس
فرص عمل في قبرص براتب 1500 يورور شهريا.. اعرف الشروط المطلوبة
البنك المركزي: استمرار طباعة العملات البلاستيكية فئة الـ10 و20 جنيها
إعلام فلسطيني: اشتباكات بين مقاومين وقوات الاحتلال بمخيم بلاطة شرق نابلس
في وقفة عرفة.. أطعمة ومشروبات تجنبها عند الإفطار اليوم
حاج يمني من ذوي الهمم: بكيت عند رؤيتي الكعبة والحج رحلة العمر
أبرز لقطات حفل زفاف محمد هاني وشقيقة زوجة حسام غالي «صور»
طفل «مبتور الأطراف» يلهو على شاطئ غزة.. «نحب الحياة إذا ما استطعنا إليها سبيلا»
«مترميهاش بعد ما تشربها».. 5 استخدمات لن تتوقعها لبقايا القهوة
هل يغيب أحمد فتوح عن مباراة القمة أمام الأهلي؟.. مصدر يكشف التفاصيل
ليفربول يحتفل بعيد ميلاد محمد صلاح الـ32.. «الملك المصري»
تفاصيل عقد محمد هاني الجديد في الأهلي.. تعرف على راتبه (خاص)
مهاجم سويسرا المرشح للأهلي يسجل أول أهدافه الدولية أمام المجر
ترتيب الدوري بعد فوز الأهلي على فاركو وتفوق الزمالك على سيراميكا
©
                        جميع الحقوق محفوظة لجريدة الوطن 2025",https://www.elwatannews.com/news/details/8067533,El Watan News,2025-04-22 17:20:45
وزير الكهرباء: ندرس استخدام تكنولوجيا جديدة لمنع سرقة التيار,وزير الكهرباء: ندرس استخدام تكنولوجيا جديدة لمنع سرقة التيار,03:19 م | الثلاثاء 22 أبريل 2025,03:19 م | الثلاثاء 22 أبريل 2025,"«حقوق الإنسان»: نفخر بالشراكة مع «الوطنية للانتخابات» ونؤمن بحق المواطن في الحصول على المعلومات
وزير الكهرباء: ندرس استخدام تكنولوجيا جديدة لمنع سرقة التيار
التقى الدكتور محمود عصمت، وزير الكهرباء والطاقة المتجددة، تشالز يانج، رئيس شركة هواوي العالمية للطاقة الرقمية والطاقات الجديدة والمتجددة، والوفد المرافق له، وجرى عقد اجتماع بحضور المهندس جابر دسوقي، رئيس الشركة القابضة لكهرباء مصر، لبحث سبل دعم وتعزيز التعاون والعمل المشترك، في إطار خطة التحول الرقمي، وتعظيم العوائد من مشروعات الطاقة المتجددة باستخدام تكنولوجيا تخزين الطاقة، واستخدامها على مدار اليوم في المناطق المتفرقة، التي تبعد عن الشبكة الموحدة.
واستعرض الدكتور محمود عصمت، ورئيس شركة هواوي، مشروعات الشركة للتحول الرقمى وخفض الفقد ومنع الهدر وترشيد استهلاك الكهرباء، وكذلك تكنولوجيا تخزين الطاقة المتجددة واستخدامها لتغذية المناطق الصناعية، والتجمعات السكانية المتفرقة، التي تبعد عن الشبكة الموحدة، في إطار خطة تعظيم العوائد من مشروعات الطاقة الشمسية وخفض استهلاك الوقود.
وتطرق الاجتماع إلى دراسة الشركة استخدام التكنولوجيا التي تمتلكها في خفض الفقد ومنع الهدر، والتصدي للتعدي على التيار الكهربائي في بعض المحافظات، واختيار محافظة كنموذج لبدء العمل على شبكات التوزيع، والاستفادة من خبرات الشركة لتسريع الانتقال من الشبكة التقليدية النمطية إلى شبكة ذكية، لتحسين جودة الخدمات الكهربائية وتحديث وتطوير الشبكة الموحدة.
وقال «عصمت» إن هناك شراكة وتعاون مع الشركة الصينية للاستفادة من الخبرات والتكنولوجيا التي تمتلكها، خاصة في مجال الشبكات والمدن الذكية وحلول الطاقة الجديدة والمتجددة وكفاءة الطاقة، مشيرا الى مساهمة شركة هواوي في العديد من مشروعات قطاع الكهرباء، مؤكدا أن هناك العديد من الفرص الاستثمارية المتاحة في قطاع الطاقة المتجددة ووحدات تخزين الكهرباء المتصلة والمنفصلة، وفقا لاستراتيجيتنا الوطنية الطموحة المحدثة للطاقة، في ضوء الإجراءات التي اتخذتها الدولة من إعادة بناء كاملة للبنية التحتية وتعزيز البنية التشريعية اللازمة والمشجعة للقطاع الخاص، لتنفيذ المشروعات في مختلف مجالات الكهرباء والطاقة.
وأكد الوزير، أن قطاع الكهرباء والطاقة المتجددة يواصل العمل لتطوير وتحديث الشبكات، واستخدام التكنولوجيا لمحاربة ظاهرة سرقة التيار، وخفض الفقد وتقليل الاعتماد على الوقود التقليدي، موضحا أن التحول من الشبكات التقليدية إلى الشبكات الذكية يعد نقلة نوعية في مستقبل نقل وتوزيع الطاقة الكهربائية، التي تعتمد بشكل كبير على استغلال موارد الطاقة المتجددة وتحقيق الاستغلال الأمثل للكهرباء وتقليل تكلفة إنتاجها، وكذا خفض الانبعاثات وتحقيق رؤية مصر 2030 والاستراتيجية الوطنية للطاقة 2040 والتي جرى اعتماد تحديثها من من مجلس الوزراء لتعكس توجه الدولة نحو الطاقة المتجددة والاستدامة، مشيرا إلى استخدام أحدث السبل لتطبيق تكنولوجيا الاتصالات وأمن المعلومات في مجال التحول الرقمي والالتزام بمعايير الجودة والكفاءة، التي تعد المحدد الرئيسي لخطة العمل لتحسين معدلات الأداء والارتقاء بمستوى الخدمات المقدمة للمواطنين.
«الأرصاد»: رياح خمسينية مثيرة للرمال والأتربة على القاهرة والمحافظات
إسرائيل تصعّد عملياتها العسكرية جنوب غزة.. و11 شهيدا في غارات على خان يونس
إسرائيل تصعّد عملياتها العسكرية جنوب غزة.. و11 شهيدا في غارات على خان يونس
فرص عمل في قبرص براتب 1500 يورور شهريا.. اعرف الشروط المطلوبة
البنك المركزي: استمرار طباعة العملات البلاستيكية فئة الـ10 و20 جنيها
إعلام فلسطيني: اشتباكات بين مقاومين وقوات الاحتلال بمخيم بلاطة شرق نابلس
في وقفة عرفة.. أطعمة ومشروبات تجنبها عند الإفطار اليوم
حاج يمني من ذوي الهمم: بكيت عند رؤيتي الكعبة والحج رحلة العمر
أبرز لقطات حفل زفاف محمد هاني وشقيقة زوجة حسام غالي «صور»
طفل «مبتور الأطراف» يلهو على شاطئ غزة.. «نحب الحياة إذا ما استطعنا إليها سبيلا»
«مترميهاش بعد ما تشربها».. 5 استخدمات لن تتوقعها لبقايا القهوة
هل يغيب أحمد فتوح عن مباراة القمة أمام الأهلي؟.. مصدر يكشف التفاصيل
ليفربول يحتفل بعيد ميلاد محمد صلاح الـ32.. «الملك المصري»
تفاصيل عقد محمد هاني الجديد في الأهلي.. تعرف على راتبه (خاص)
مهاجم سويسرا المرشح للأهلي يسجل أول أهدافه الدولية أمام المجر
ترتيب الدوري بعد فوز الأهلي على فاركو وتفوق الزمالك على سيراميكا
©
                        جميع الحقوق محفوظة لجريدة الوطن 2025",https://www.elwatannews.com/news/details/8067535,El Watan News,2025-04-22 17:20:53
كاتب صحفي: تنصيب ترامب غيّر معادلة الحرب الروسية الأوكرانية,كاتب صحفي: تنصيب ترامب غيّر معادلة الحرب الروسية الأوكرانية,04:46 م | الثلاثاء 22 أبريل 2025,04:46 م | الثلاثاء 22 أبريل 2025,"«حقوق الإنسان»: نفخر بالشراكة مع «الوطنية للانتخابات» ونؤمن بحق المواطن في الحصول على المعلومات
كاتب صحفي: تنصيب ترامب غيّر معادلة الحرب الروسية الأوكرانية
قال الكاتب الصحفي محمد العروقي، إن الاتهامات المتبادلة بشأن خرق هدنة عيد القيامة من الجانبين الروسي والأوكراني ليست جديدة؛ لأنه لطالما تم اختراق الهدن.
وأضاف العروقي، خلال مداخلة هاتفية على قناة «إكسترا نيوز»، أن الوضع الحالي يبرز غياب النوايا الجدية، خاصة من الجانب الروسي، الذي وافق على الهدنة غير المشروطة خلال اجتماعات المملكة العربية السعودية في مارس الماضي.
وأوضح أن الطرف الأوكراني وافق على الهدنة تحت ضغط أمريكي، إلا أن المساعي الأمريكية باءت بالفشل في إقناع روسيا بالالتزام بها، بل أن الرئيس الروسي فلاديمير بوتين قدّم شروطًا تعجيزية أقرب إلى الإلزام مقابل الموافقة على هدنة مدتها 30 يومًا.
وأكد أن ما هو مطروح على الأرض الآن أقل من هدنة، ويتمثل في تجنب قصف البنية التحتية للطرفين، وهو ما يدل بوضوح على انعدام الثقة بين الجانبين.
وتابع: «تنصيب الرئيس الأمريكي دونالد ترامب غيّر المعادلة، إذ يتعامل ترامب مع القضايا بمنظور تجاري يخدم مصالحه»، مشيرًا إلى أن هذا التغير لم يؤثر فقط على أوكرانيا، بل طال أيضًا ملفات مثل غزة وخليج المكسيك.
وأوضح أن ترامب يطالب أوكرانيا بسداد ديون الأسلحة التي قدمت لها خلال الحرب، ما أثار تخوفات من الجانب الأوكراني والأوروبي بشكل عام من سياسات ترامب، ومن احتمال تغول روسي جديد في مناطق أخرى، ما يدفع للبحث عن حلول بديلة لتشكيل هيئة تدافع عن المصالح الأوروبية.
وأضاف أن الخطة الأمريكية لم تُعلن رسميًا بعد، إلا أن بعض المداولات في وسائل الإعلام تشير إلى احتمال اعتراف الولايات المتحدة بجزيرة القرم كجزء من روسيا، مع بقاء المناطق الخمس الأخرى تحت السيطرة الروسية على أساس أنها أراضٍ محتلة.
باحث سياسي: بوتين لم يغيّر موقفه من الحرب في أوكرانيا والإعلام يحاول قلب الحقائق
أمريكا ترحب بتمديد وقف إطلاق النار بين روسيا وأوكرانيا في عيد القيامة
بوتين يعلن هدنة إنسانية في أوكرانيا بمناسبة عيد الفصح.. ويدعو كييف لاحترامها
ردود الفعل حول هدنة عيد الفصح الروسية.. ماذا فعلت أوكرانيا؟
«الأرصاد»: رياح خمسينية مثيرة للرمال والأتربة على القاهرة والمحافظات
إسرائيل تصعّد عملياتها العسكرية جنوب غزة.. و11 شهيدا في غارات على خان يونس
إسرائيل تصعّد عملياتها العسكرية جنوب غزة.. و11 شهيدا في غارات على خان يونس
فرص عمل في قبرص براتب 1500 يورور شهريا.. اعرف الشروط المطلوبة
البنك المركزي: استمرار طباعة العملات البلاستيكية فئة الـ10 و20 جنيها
إعلام فلسطيني: اشتباكات بين مقاومين وقوات الاحتلال بمخيم بلاطة شرق نابلس
في وقفة عرفة.. أطعمة ومشروبات تجنبها عند الإفطار اليوم
حاج يمني من ذوي الهمم: بكيت عند رؤيتي الكعبة والحج رحلة العمر
أبرز لقطات حفل زفاف محمد هاني وشقيقة زوجة حسام غالي «صور»
طفل «مبتور الأطراف» يلهو على شاطئ غزة.. «نحب الحياة إذا ما استطعنا إليها سبيلا»
«مترميهاش بعد ما تشربها».. 5 استخدمات لن تتوقعها لبقايا القهوة
هل يغيب أحمد فتوح عن مباراة القمة أمام الأهلي؟.. مصدر يكشف التفاصيل
ليفربول يحتفل بعيد ميلاد محمد صلاح الـ32.. «الملك المصري»
تفاصيل عقد محمد هاني الجديد في الأهلي.. تعرف على راتبه (خاص)
مهاجم سويسرا المرشح للأهلي يسجل أول أهدافه الدولية أمام المجر
ترتيب الدوري بعد فوز الأهلي على فاركو وتفوق الزمالك على سيراميكا
©
                        جميع الحقوق محفوظة لجريدة الوطن 2025",https://www.elwatannews.com/news/details/8067560,El Watan News,2025-04-22 17:22:49
وزير الخارجية اللبناني: نبذل جهودا كبيرة لوقف العدوان الإسرائيلي على بلادنا,وزير الخارجية اللبناني: نبذل جهودا كبيرة لوقف العدوان الإسرائيلي على بلادنا,03:09 م | الثلاثاء 22 أبريل 2025,03:09 م | الثلاثاء 22 أبريل 2025,"«حقوق الإنسان»: نفخر بالشراكة مع «الوطنية للانتخابات» ونؤمن بحق المواطن في الحصول على المعلومات
وزير الخارجية اللبناني: نبذل جهودا كبيرة لوقف العدوان الإسرائيلي على بلادنا
قال وزير الخارجية اللبناني يوسف رجي، إنّ الحكومة اللبنانية تبذل جهودا كثيرة مع أصدقائها وأشقائها في المجتمع الدولي، للضغط على إسرائيل للانسحاب الكامل والفوري وغير المشروط من المواقع العسكرية التي تحتلها في جنوب لبنان.
وأضاف «رجي»، خلال مؤتمر صحفي مع الدكتور بدر عبدالعاطي وزير الخارجية والهجرة، أنّ هناك جهود دبلوماسيو قويو تتم الآن، لكن لا توجد ضمانات أكيدة مع إسرائيل، وقد يكون هناك جهود للضغط عليها لوقف الاعتداءات والانسحاب من جنوب لبنان، متابعا: «المجتمع الدولي يساعدنا بدرجة كبيرة، ونأمل خيرا».
وزير الخارجية اللبناني: نشكر الرئيس السيسي على الدعم المطلق لدولتنا
وزير الخارجية يرحب بنظيره اللبناني في زيارة تاريخية لتعزيز العلاقات بين البلدين
وزير الخارجية: مصر تدعم جهود الحكومة اللبنانية في استعادة الاستقرار
«الأرصاد»: رياح خمسينية مثيرة للرمال والأتربة على القاهرة والمحافظات
إسرائيل تصعّد عملياتها العسكرية جنوب غزة.. و11 شهيدا في غارات على خان يونس
إسرائيل تصعّد عملياتها العسكرية جنوب غزة.. و11 شهيدا في غارات على خان يونس
فرص عمل في قبرص براتب 1500 يورور شهريا.. اعرف الشروط المطلوبة
البنك المركزي: استمرار طباعة العملات البلاستيكية فئة الـ10 و20 جنيها
إعلام فلسطيني: اشتباكات بين مقاومين وقوات الاحتلال بمخيم بلاطة شرق نابلس
في وقفة عرفة.. أطعمة ومشروبات تجنبها عند الإفطار اليوم
حاج يمني من ذوي الهمم: بكيت عند رؤيتي الكعبة والحج رحلة العمر
أبرز لقطات حفل زفاف محمد هاني وشقيقة زوجة حسام غالي «صور»
طفل «مبتور الأطراف» يلهو على شاطئ غزة.. «نحب الحياة إذا ما استطعنا إليها سبيلا»
«مترميهاش بعد ما تشربها».. 5 استخدمات لن تتوقعها لبقايا القهوة
هل يغيب أحمد فتوح عن مباراة القمة أمام الأهلي؟.. مصدر يكشف التفاصيل
ليفربول يحتفل بعيد ميلاد محمد صلاح الـ32.. «الملك المصري»
تفاصيل عقد محمد هاني الجديد في الأهلي.. تعرف على راتبه (خاص)
مهاجم سويسرا المرشح للأهلي يسجل أول أهدافه الدولية أمام المجر
ترتيب الدوري بعد فوز الأهلي على فاركو وتفوق الزمالك على سيراميكا
©
                        جميع الحقوق محفوظة لجريدة الوطن 2025",https://www.elwatannews.com/news/details/8067525,El Watan News,2025-04-22 17:22:57
وزير الخارجية اللبناني: نشكر الرئيس السيسي على الدعم المطلق لدولتنا,وزير الخارجية اللبناني: نشكر الرئيس السيسي على الدعم المطلق لدولتنا,02:50 م | الثلاثاء 22 أبريل 2025,02:50 م | الثلاثاء 22 أبريل 2025,"«حقوق الإنسان»: نفخر بالشراكة مع «الوطنية للانتخابات» ونؤمن بحق المواطن في الحصول على المعلومات
وزير الخارجية اللبناني: نشكر الرئيس السيسي على الدعم المطلق لدولتنا
قال وزير الخارجية اللبناني، يوسف رجي، إنه يشعر بالفخر لزيارة مصر اليوم، معربًا عن شكره لوزير الخارجية المصري على حسن الاستقبال الأخوي، موضحا أن هذه الزيارة لها مكانة خاصة في قلبه، حيث أن مصر، قيادة وشعبًا، تحظى بمكانة كبيرة في لبنان، كما عبر عن شكره وامتنان الشعب اللبناني للسيد الرئيس عبدالفتاح السيسي على الدعم المطلق للبنان.
وأضاف خلال مؤتمر صحفي مع الدكتور بدر عبدالعاطي، وزير الخارجية والهجرة، نقلته فضائية «إكسترا نيوز»: «اليوم لبنان في مرحلة جديدة من تاريخه في عهد جديد بدأ مع الرئيس جوزيف عون والحكومة الجديدة، إذ أنه عهد جديدة واعد لديه دعم كامل للشعب اللبناني، وإن شاء الله نقدر نوصل لبر الأمان بفضلكم وفضل كل الأخوة والأصدقاء».
وزير الخارجية يرحب بنظيره اللبناني في زيارة تاريخية لتعزيز العلاقات بين البلدين
مراسل «القاهرة الإخبارية»: استهداف إسرائيلي جديد في جبل لبنان قرب بيروت
ما مصير سلاح حزب الله اللبناني في ظل التصعيد الإسرائيلي؟ ضغوطات مكثفة
«الأرصاد»: رياح خمسينية مثيرة للرمال والأتربة على القاهرة والمحافظات
إسرائيل تصعّد عملياتها العسكرية جنوب غزة.. و11 شهيدا في غارات على خان يونس
إسرائيل تصعّد عملياتها العسكرية جنوب غزة.. و11 شهيدا في غارات على خان يونس
فرص عمل في قبرص براتب 1500 يورور شهريا.. اعرف الشروط المطلوبة
البنك المركزي: استمرار طباعة العملات البلاستيكية فئة الـ10 و20 جنيها
إعلام فلسطيني: اشتباكات بين مقاومين وقوات الاحتلال بمخيم بلاطة شرق نابلس
في وقفة عرفة.. أطعمة ومشروبات تجنبها عند الإفطار اليوم
حاج يمني من ذوي الهمم: بكيت عند رؤيتي الكعبة والحج رحلة العمر
أبرز لقطات حفل زفاف محمد هاني وشقيقة زوجة حسام غالي «صور»
طفل «مبتور الأطراف» يلهو على شاطئ غزة.. «نحب الحياة إذا ما استطعنا إليها سبيلا»
«مترميهاش بعد ما تشربها».. 5 استخدمات لن تتوقعها لبقايا القهوة
هل يغيب أحمد فتوح عن مباراة القمة أمام الأهلي؟.. مصدر يكشف التفاصيل
ليفربول يحتفل بعيد ميلاد محمد صلاح الـ32.. «الملك المصري»
تفاصيل عقد محمد هاني الجديد في الأهلي.. تعرف على راتبه (خاص)
مهاجم سويسرا المرشح للأهلي يسجل أول أهدافه الدولية أمام المجر
ترتيب الدوري بعد فوز الأهلي على فاركو وتفوق الزمالك على سيراميكا
©
                        جميع الحقوق محفوظة لجريدة الوطن 2025",https://www.elwatannews.com/news/details/8067514,El Watan News,2025-04-22 17:23:07
وزير خارجية لبنان: ندعم المقاربة المصرية تجاه الأزمات الإقليمية والحرب في غزة,وزير خارجية لبنان: ندعم المقاربة المصرية تجاه الأزمات الإقليمية والحرب في غزة,02:46 م | الثلاثاء 22 أبريل 2025,02:46 م | الثلاثاء 22 أبريل 2025,"«حقوق الإنسان»: نفخر بالشراكة مع «الوطنية للانتخابات» ونؤمن بحق المواطن في الحصول على المعلومات
وزير خارجية لبنان: ندعم المقاربة المصرية تجاه الأزمات الإقليمية والحرب في غزة
قال وزير الخارجية اللبناني يوسف رجي، إن المباحثات مع الدكتور بدر عبد العاطي وزير الخارجية المصري، تناولت تطوير العلاقات الثنائية بين مصر ولبنان، وتفعيل اللجنة العليا والتبادل التجاري والثقافي بين البلدين، موضحا أن لبنان عانى خلال الفترة السابقة من أزمات اقتصادية وسياسية، وكان هناك فراغ على رأس الدولة، لذا نتمنى مع الحقبة الجديدة تعزيز العلاقات مع كل البلدان الشقيقة وتحديدا مع مصر.
أضاف «رجي» خلال مؤتمر صحفي مع الدكتور بدر عبد العاطي، وتنقله قناة «إكسترا نيوز»، أنّ لبنان يستضيف 1.5 مليون نازح سوري، وأصبحوا لاجئين اقتصاديين وبإمكانهم العودة إلى بلدهم، لكن يجب أن يكون لدى المجتمع الدولي مقاربة جديدة لمساعدة النازحين السوريين في بلدهم وليس في لبنان فقط.
وتابع: «لبنان أصبح عليه ثقل كبير من الناحية الاقتصادية والاجتماعية والأمنية، لذا يجب على السوريين العودة إلى بلدهم في أسرع وقت، كما تحدثنا أيضا عن الوضع الإقليمي بشكل عام، ونؤكد دعم لبنان للمقاربة المصرية تجاه الأزمات والحرب في غزة وسنساندكم في المطلق في سياستكم تجاه الشعب الفلسطيني والمأساة التي يعيشها».
«الأرصاد»: رياح خمسينية مثيرة للرمال والأتربة على القاهرة والمحافظات
إسرائيل تصعّد عملياتها العسكرية جنوب غزة.. و11 شهيدا في غارات على خان يونس
إسرائيل تصعّد عملياتها العسكرية جنوب غزة.. و11 شهيدا في غارات على خان يونس
فرص عمل في قبرص براتب 1500 يورور شهريا.. اعرف الشروط المطلوبة
البنك المركزي: استمرار طباعة العملات البلاستيكية فئة الـ10 و20 جنيها
إعلام فلسطيني: اشتباكات بين مقاومين وقوات الاحتلال بمخيم بلاطة شرق نابلس
في وقفة عرفة.. أطعمة ومشروبات تجنبها عند الإفطار اليوم
حاج يمني من ذوي الهمم: بكيت عند رؤيتي الكعبة والحج رحلة العمر
أبرز لقطات حفل زفاف محمد هاني وشقيقة زوجة حسام غالي «صور»
طفل «مبتور الأطراف» يلهو على شاطئ غزة.. «نحب الحياة إذا ما استطعنا إليها سبيلا»
«مترميهاش بعد ما تشربها».. 5 استخدمات لن تتوقعها لبقايا القهوة
هل يغيب أحمد فتوح عن مباراة القمة أمام الأهلي؟.. مصدر يكشف التفاصيل
ليفربول يحتفل بعيد ميلاد محمد صلاح الـ32.. «الملك المصري»
تفاصيل عقد محمد هاني الجديد في الأهلي.. تعرف على راتبه (خاص)
مهاجم سويسرا المرشح للأهلي يسجل أول أهدافه الدولية أمام المجر
ترتيب الدوري بعد فوز الأهلي على فاركو وتفوق الزمالك على سيراميكا
©
                        جميع الحقوق محفوظة لجريدة الوطن 2025",https://www.elwatannews.com/news/details/8067513,El Watan News,2025-04-22 17:23:15
وزير الخارجية: مصر تدعم جهود الحكومة اللبنانية في استعادة الاستقرار,وزير الخارجية: مصر تدعم جهود الحكومة اللبنانية في استعادة الاستقرار,02:18 م | الثلاثاء 22 أبريل 2025,02:18 م | الثلاثاء 22 أبريل 2025,"«حقوق الإنسان»: نفخر بالشراكة مع «الوطنية للانتخابات» ونؤمن بحق المواطن في الحصول على المعلومات
وزير الخارجية: مصر تدعم جهود الحكومة اللبنانية في استعادة الاستقرار
قال الدكتور بدر عبد العاطي وزير الخارجية إن مباحثاته مع نظيره اللبناني يوسف رجي، اليوم تطرقت للأوضاع في لبنان، خاصة مع استمرار الاحتلال الإسرائيلي للأراضي اللبنانية في منطقة الجنوب اللبناني، وأيضا مع ما شهدته الفترة الماضية من عدوان إسرائيلي مستمر طال المدنيين الأبرياء وأصاب البنية التحتية بتدمير شديد.
أضاف خلال مؤتمر صحفي مع نظيره اللبناني أنه أكد دعم مصر الكامل للجهود المخلصة التي يبذلها الرئيس جوزيف عون والحكومة اللبنانية بقيادة نواف سلام لاستعادة الأمن والاستقرار في لبنان، وتحقيق تطلعات الشعب اللبناني الشقيق في الازدهار والترقي، وتحقيق مستوى المعيشة.
وتابع بأنه جرى الاتفاق على أهمية وقف إطلاق النار الكامل ووقف الأعمال العدائية والانسحاب الكامل غير المنقوص لإسرائيل من جنوب لبنان، والاحترام الكامل لسيادة لبنان على أراضيه، والتحذير الكامل من مغبة عودة التصعيد مرة أخرى إلى لبنان، كما جرى التشديد على التنفيذ الكامل للقرار الأممي رقم 1701 دون انتقائية وبما يمكن الجيش اللبناني ومؤسسات الدولة اللبنانية من الاضطلاع بمسؤولياتها ومهامها باعتبار أن ذلك هو السبيل الوحيد لتحقيق الأمن والاستقرار.
«الأرصاد»: رياح خمسينية مثيرة للرمال والأتربة على القاهرة والمحافظات
إسرائيل تصعّد عملياتها العسكرية جنوب غزة.. و11 شهيدا في غارات على خان يونس
إسرائيل تصعّد عملياتها العسكرية جنوب غزة.. و11 شهيدا في غارات على خان يونس
فرص عمل في قبرص براتب 1500 يورور شهريا.. اعرف الشروط المطلوبة
البنك المركزي: استمرار طباعة العملات البلاستيكية فئة الـ10 و20 جنيها
إعلام فلسطيني: اشتباكات بين مقاومين وقوات الاحتلال بمخيم بلاطة شرق نابلس
في وقفة عرفة.. أطعمة ومشروبات تجنبها عند الإفطار اليوم
حاج يمني من ذوي الهمم: بكيت عند رؤيتي الكعبة والحج رحلة العمر
أبرز لقطات حفل زفاف محمد هاني وشقيقة زوجة حسام غالي «صور»
طفل «مبتور الأطراف» يلهو على شاطئ غزة.. «نحب الحياة إذا ما استطعنا إليها سبيلا»
«مترميهاش بعد ما تشربها».. 5 استخدمات لن تتوقعها لبقايا القهوة
هل يغيب أحمد فتوح عن مباراة القمة أمام الأهلي؟.. مصدر يكشف التفاصيل
ليفربول يحتفل بعيد ميلاد محمد صلاح الـ32.. «الملك المصري»
تفاصيل عقد محمد هاني الجديد في الأهلي.. تعرف على راتبه (خاص)
مهاجم سويسرا المرشح للأهلي يسجل أول أهدافه الدولية أمام المجر
ترتيب الدوري بعد فوز الأهلي على فاركو وتفوق الزمالك على سيراميكا
©
                        جميع الحقوق محفوظة لجريدة الوطن 2025",https://www.elwatannews.com/news/details/8067519,El Watan News,2025-04-22 17:23:23
وزير الخارجية: لبنان يمر بمرحلة دقيقة والمجتمع الدولي مطالب بدعمه,وزير الخارجية: لبنان يمر بمرحلة دقيقة والمجتمع الدولي مطالب بدعمه,02:18 م | الثلاثاء 22 أبريل 2025,02:18 م | الثلاثاء 22 أبريل 2025,"«حقوق الإنسان»: نفخر بالشراكة مع «الوطنية للانتخابات» ونؤمن بحق المواطن في الحصول على المعلومات
وزير الخارجية: لبنان يمر بمرحلة دقيقة والمجتمع الدولي مطالب بدعمه
قال الدكتور بدر عبد العاطي وزير الخارجية إنه تطرق خلال المباحثات مع نظيره اللبناني يوسف رجي، إلى أهمية الدعم من المجتمع الدولي للبنان في هذه المرحلة الدقيقة وإعادة إعمار ما تم تدميره من قبل العدوان الإسرائيلي، وتم التأكيد على دعم مصر الكامل للدولة اللبنانية ومؤسساتها الوطنية.
أضاف خلال مؤتمر صحفي مع نظيره اللبناني أنه جرى التطرق لمجمل الأوضاع في المنطقة سواء في سوريا أو في غزة أو الضفة الغربية واستمرار الأزمة الإنسانية الطاحنة في قطاع غزة، والتأكيد على استمرار الجهد المصري الصادق والمستمر مع قطر بالتنسيق مع الولايات المتحدة للعودة لوقف إطلاق النار وحقن دماء الشعب الفلسطيني الشقيق في قطاع غزة.
وتابع بأنه جرى التطرق للجهود المصرية لتثبيت التهدئة والعمل على إطلاق سراح المحتجزين وعدد كبير من الأسرى والوصول الكامل للمساعدات الطبية.
«الأرصاد»: رياح خمسينية مثيرة للرمال والأتربة على القاهرة والمحافظات
إسرائيل تصعّد عملياتها العسكرية جنوب غزة.. و11 شهيدا في غارات على خان يونس
إسرائيل تصعّد عملياتها العسكرية جنوب غزة.. و11 شهيدا في غارات على خان يونس
فرص عمل في قبرص براتب 1500 يورور شهريا.. اعرف الشروط المطلوبة
البنك المركزي: استمرار طباعة العملات البلاستيكية فئة الـ10 و20 جنيها
إعلام فلسطيني: اشتباكات بين مقاومين وقوات الاحتلال بمخيم بلاطة شرق نابلس
في وقفة عرفة.. أطعمة ومشروبات تجنبها عند الإفطار اليوم
حاج يمني من ذوي الهمم: بكيت عند رؤيتي الكعبة والحج رحلة العمر
أبرز لقطات حفل زفاف محمد هاني وشقيقة زوجة حسام غالي «صور»
طفل «مبتور الأطراف» يلهو على شاطئ غزة.. «نحب الحياة إذا ما استطعنا إليها سبيلا»
«مترميهاش بعد ما تشربها».. 5 استخدمات لن تتوقعها لبقايا القهوة
هل يغيب أحمد فتوح عن مباراة القمة أمام الأهلي؟.. مصدر يكشف التفاصيل
ليفربول يحتفل بعيد ميلاد محمد صلاح الـ32.. «الملك المصري»
تفاصيل عقد محمد هاني الجديد في الأهلي.. تعرف على راتبه (خاص)
مهاجم سويسرا المرشح للأهلي يسجل أول أهدافه الدولية أمام المجر
ترتيب الدوري بعد فوز الأهلي على فاركو وتفوق الزمالك على سيراميكا
©
                        جميع الحقوق محفوظة لجريدة الوطن 2025",https://www.elwatannews.com/news/details/8067539,El Watan News,2025-04-22 17:23:30
وزير الخارجية يرحب بنظيره اللبناني في زيارة تاريخية لتعزيز العلاقات بين البلدين,وزير الخارجية يرحب بنظيره اللبناني في زيارة تاريخية لتعزيز العلاقات بين البلدين,02:18 م | الثلاثاء 22 أبريل 2025,02:18 م | الثلاثاء 22 أبريل 2025,"«حقوق الإنسان»: نفخر بالشراكة مع «الوطنية للانتخابات» ونؤمن بحق المواطن في الحصول على المعلومات
وزير الخارجية يرحب بنظيره اللبناني في زيارة تاريخية لتعزيز العلاقات بين البلدين
رحب السفير بدر عبدالعاطي، وزير الخارجية، بنظيره اللبناني في زيارته لمصر، مؤكدا أنها تأتي في مرحلة تاريخية شديدة الحساسية، والتي يكتنفها ظرف إقليمي معقد، إذ جرى التباحث اليوم حول العلاقات الثنائية بين مصر ولبنان، ووفرت هذه المناسبة فرصة مواتية لتناول كيفية تطوير العلاقات على كافة الأصعدة.
وأضاف عبدالعاطي خلال مؤتمر صحفي مع نظيره اللبناني، نقلته فضائية «إكسترا نيوز»، أنّه جرى التوافق اليوم على إعطاء دفعة لهذه العلاقات ونقلها لآفاق أرحب تجسيدا لأواصر الصداقة بين الشعبين الشقيقين، وتنفيذا لتوجيهات الرئيس عبدالفتاح السيسي والرئيس الللبناني جوزيف عون.
وتابع وزير الخارجية أنه جرى التحدث حول قرب عقد اللجنة العليا المشتركة التي من المقرر أن تعقد في القاهرة برئاسة رئيسي الوزراء المصري واللبناني بمشاركة واسعة من وزراء البلدين، مشيرا إلى أن هناك دعوة مقدمة من السيد الرئيس عبدالفتاح السيسي للرئيس اللبناني جوزيف عون إلى مصر، وجار العمل على تحديد توقيت الزيارة التي تجرى قريبا.
«الأرصاد»: رياح خمسينية مثيرة للرمال والأتربة على القاهرة والمحافظات
إسرائيل تصعّد عملياتها العسكرية جنوب غزة.. و11 شهيدا في غارات على خان يونس
إسرائيل تصعّد عملياتها العسكرية جنوب غزة.. و11 شهيدا في غارات على خان يونس
فرص عمل في قبرص براتب 1500 يورور شهريا.. اعرف الشروط المطلوبة
البنك المركزي: استمرار طباعة العملات البلاستيكية فئة الـ10 و20 جنيها
إعلام فلسطيني: اشتباكات بين مقاومين وقوات الاحتلال بمخيم بلاطة شرق نابلس
في وقفة عرفة.. أطعمة ومشروبات تجنبها عند الإفطار اليوم
حاج يمني من ذوي الهمم: بكيت عند رؤيتي الكعبة والحج رحلة العمر
أبرز لقطات حفل زفاف محمد هاني وشقيقة زوجة حسام غالي «صور»
طفل «مبتور الأطراف» يلهو على شاطئ غزة.. «نحب الحياة إذا ما استطعنا إليها سبيلا»
«مترميهاش بعد ما تشربها».. 5 استخدمات لن تتوقعها لبقايا القهوة
هل يغيب أحمد فتوح عن مباراة القمة أمام الأهلي؟.. مصدر يكشف التفاصيل
ليفربول يحتفل بعيد ميلاد محمد صلاح الـ32.. «الملك المصري»
تفاصيل عقد محمد هاني الجديد في الأهلي.. تعرف على راتبه (خاص)
مهاجم سويسرا المرشح للأهلي يسجل أول أهدافه الدولية أمام المجر
ترتيب الدوري بعد فوز الأهلي على فاركو وتفوق الزمالك على سيراميكا
©
                        جميع الحقوق محفوظة لجريدة الوطن 2025",https://www.elwatannews.com/news/details/8067504,El Watan News,2025-04-22 17:23:38
باحث سياسي: بوتين لم يغيّر موقفه من الحرب في أوكرانيا والإعلام يحاول قلب الحقائق,باحث سياسي: بوتين لم يغيّر موقفه من الحرب في أوكرانيا والإعلام يحاول قلب الحقائق,01:58 م | الثلاثاء 22 أبريل 2025,01:58 م | الثلاثاء 22 أبريل 2025,"«حقوق الإنسان»: نفخر بالشراكة مع «الوطنية للانتخابات» ونؤمن بحق المواطن في الحصول على المعلومات
باحث سياسي: بوتين لم يغيّر موقفه من الحرب في أوكرانيا والإعلام يحاول قلب الحقائق
قال محمود الأفندي الباحث في الشؤون الروسية، إنّ هناك تصريحات تظهر يمينا ويسارا لكن ليس هناك أي تغييرات في موقف الرئيس الروسي فلاديمير بوتين من الحرب على أوكرانيا، موضحا أن الصحافة العالمية والروسية أيضا تحاول أن تجد بعد الكلمات لتحويل بعض المواقف والسياسات وقلب الحقائق.
وأضاف «الأفندي»، خلال مداخلة هاتفية عبر قناة «القاهرة الإخبارية»، أنّ الرئيس الروسي لم يغلق باب التفاوض منذ بداية الحرب، مشيرا إلى أنه عندما ذكرت بعض الصحف الأجنبية أن هذا سيكون أول لقاء يعتبر خطأ سياسي، إذ أن روسيا اجتمعت مع الوفد الأوكراني بعد بداية العملية الخاصة في بيلاروسيا، كما اجتمعت في أسطنبول بجولتين.
وتابع: «روسيا ليست أول مرة تعرض السلام وتفتح يدها له، إذ أنه ليس هناك تغييرات في موقفها، لكن هناك رؤية عسكرية يمكن أن تتبدل بعض الأحيان خاصة حسب الوضع الجيوسياسي ووضع الدعم العسكري لأوكرانيا، لذا بوتين كان واضحا عندما قال إن دولة أوكرانيا اخترقت الهدنة عدة مرات
أمريكا ترحب بتمديد وقف إطلاق النار بين روسيا وأوكرانيا في عيد القيامة
«زيلينسكي»: روسيا نفذت 59 قصفا و5 محاولات هجوم صباح عيد الفصح
أستاذ علاقات دولية: روسيا ملتزمة بالهدنة.. وأوكرانيا تعرقل المفاوضات
«الأرصاد»: رياح خمسينية مثيرة للرمال والأتربة على القاهرة والمحافظات
إسرائيل تصعّد عملياتها العسكرية جنوب غزة.. و11 شهيدا في غارات على خان يونس
إسرائيل تصعّد عملياتها العسكرية جنوب غزة.. و11 شهيدا في غارات على خان يونس
فرص عمل في قبرص براتب 1500 يورور شهريا.. اعرف الشروط المطلوبة
البنك المركزي: استمرار طباعة العملات البلاستيكية فئة الـ10 و20 جنيها
إعلام فلسطيني: اشتباكات بين مقاومين وقوات الاحتلال بمخيم بلاطة شرق نابلس
في وقفة عرفة.. أطعمة ومشروبات تجنبها عند الإفطار اليوم
حاج يمني من ذوي الهمم: بكيت عند رؤيتي الكعبة والحج رحلة العمر
أبرز لقطات حفل زفاف محمد هاني وشقيقة زوجة حسام غالي «صور»
طفل «مبتور الأطراف» يلهو على شاطئ غزة.. «نحب الحياة إذا ما استطعنا إليها سبيلا»
«مترميهاش بعد ما تشربها».. 5 استخدمات لن تتوقعها لبقايا القهوة
هل يغيب أحمد فتوح عن مباراة القمة أمام الأهلي؟.. مصدر يكشف التفاصيل
ليفربول يحتفل بعيد ميلاد محمد صلاح الـ32.. «الملك المصري»
تفاصيل عقد محمد هاني الجديد في الأهلي.. تعرف على راتبه (خاص)
مهاجم سويسرا المرشح للأهلي يسجل أول أهدافه الدولية أمام المجر
ترتيب الدوري بعد فوز الأهلي على فاركو وتفوق الزمالك على سيراميكا
©
                        جميع الحقوق محفوظة لجريدة الوطن 2025",https://www.elwatannews.com/news/details/8067497,El Watan News,2025-04-22 17:23:44
باحث سياسي: الموقف في غزة يزداد مأساوية يوما بعد يوم,باحث سياسي: الموقف في غزة يزداد مأساوية يوما بعد يوم,01:20 م | الثلاثاء 22 أبريل 2025,01:20 م | الثلاثاء 22 أبريل 2025,"«حقوق الإنسان»: نفخر بالشراكة مع «الوطنية للانتخابات» ونؤمن بحق المواطن في الحصول على المعلومات
باحث سياسي: الموقف في غزة يزداد مأساوية يوما بعد يوم
قال محمد ربيع الديهي الباحث في العلاقات الدولية، إنّ الموقف في غزة يزداد مأساوية يومًا بعد يوم، بسبب السياسات التي تتبعها دولة الاحتلال الإسرائيلي في غزة، فضلًا عن الانتهاكات الإنسانية المستمرة التي تمارسها ضد المدنيين، والتي أسفرت عن آلاف القتلى والجرحى، بالإضافة إلى عدم وصول الخدمات الصحية إلى القطاع.
وأوضح «الديهي»، خلال مداخلة هاتفية عبر فضائية «إكسترا نيوز»، أنّ الاحتلال الإسرائيلي هدفه الأساسي من التدمير المتعمد للبنية التحتية والمستشفيات والمدارس وغيرها من المنشآت، تنفيذ مخطط تهجير سكان القطاع ليصبح غير مؤهل للحياة، وبالتالي يتم تمرير المخطط باعتباره أمر واقع ومقبول لدى الكثيرين.
وأشار إلى أنّ الرؤية المصرية أجهضت المخطط عندما قدمت مصر مقترحًا حول كيفية إعادة إعمار القطاع، مؤكدًا أنّ ما يفعله الاحتلال انتهاك واضح لقواعد القانون الدولي الإنساني.
وأضاف أنّ هناك أطرافًا تعطل الجهود الدولية لوقف السياسات وتستمر في دعم دولة الاحتلال الإسرائيلي، سواء من خلال استخدام حق الفيتو داخل مجلس الأمن، أو عبر دعم مباشر، كما أنّ الجميع يعلم حجم الدعم الأمريكي المقدم لإسرائيل بشكل مباشر.
خبير سياسي: جيش الاحتلال الإسرائيلي يوقف الخدمات لتفريغ قطاع غزة
«القدس للدراسات»: إسرائيل تستخدم التجويع سلاحًا في غزة وترتكب جرائمها بغطاء دولي
إسرائيل تصعّد عملياتها العسكرية جنوب غزة.. و11 شهيدا في غارات على خان يونس
إعلام إسرائيلي: لواء جولاني فقد 114 من جنوده وضباطه منذ بدء حرب غزة
«الأرصاد»: رياح خمسينية مثيرة للرمال والأتربة على القاهرة والمحافظات
إسرائيل تصعّد عملياتها العسكرية جنوب غزة.. و11 شهيدا في غارات على خان يونس
إسرائيل تصعّد عملياتها العسكرية جنوب غزة.. و11 شهيدا في غارات على خان يونس
فرص عمل في قبرص براتب 1500 يورور شهريا.. اعرف الشروط المطلوبة
البنك المركزي: استمرار طباعة العملات البلاستيكية فئة الـ10 و20 جنيها
إعلام فلسطيني: اشتباكات بين مقاومين وقوات الاحتلال بمخيم بلاطة شرق نابلس
في وقفة عرفة.. أطعمة ومشروبات تجنبها عند الإفطار اليوم
حاج يمني من ذوي الهمم: بكيت عند رؤيتي الكعبة والحج رحلة العمر
أبرز لقطات حفل زفاف محمد هاني وشقيقة زوجة حسام غالي «صور»
طفل «مبتور الأطراف» يلهو على شاطئ غزة.. «نحب الحياة إذا ما استطعنا إليها سبيلا»
«مترميهاش بعد ما تشربها».. 5 استخدمات لن تتوقعها لبقايا القهوة
هل يغيب أحمد فتوح عن مباراة القمة أمام الأهلي؟.. مصدر يكشف التفاصيل
ليفربول يحتفل بعيد ميلاد محمد صلاح الـ32.. «الملك المصري»
تفاصيل عقد محمد هاني الجديد في الأهلي.. تعرف على راتبه (خاص)
مهاجم سويسرا المرشح للأهلي يسجل أول أهدافه الدولية أمام المجر
ترتيب الدوري بعد فوز الأهلي على فاركو وتفوق الزمالك على سيراميكا
©
                        جميع الحقوق محفوظة لجريدة الوطن 2025",https://www.elwatannews.com/news/details/8067478,El Watan News,2025-04-22 17:23:52
خبير سياسي: جيش الاحتلال الإسرائيلي يوقف الخدمات لتفريغ قطاع غزة,خبير سياسي: جيش الاحتلال الإسرائيلي يوقف الخدمات لتفريغ قطاع غزة,12:48 م | الثلاثاء 22 أبريل 2025,12:48 م | الثلاثاء 22 أبريل 2025,"«حقوق الإنسان»: نفخر بالشراكة مع «الوطنية للانتخابات» ونؤمن بحق المواطن في الحصول على المعلومات
خبير سياسي: جيش الاحتلال الإسرائيلي يوقف الخدمات لتفريغ قطاع غزة
قال الدكتور طارق فهمي خبير العلوم السياسية، إن هناك انقطاعا متعمدا في المرافق والخدمات داخل قطاع غزة، بل وأيضا في الخدمات الطبية وعدم توافر الأدوية والعلاجات بسبب انهيار القطاع الصحي والحصار الشامل، إذ أن قوات الاحتلال الإسرائيلي ترفض عبور أي مساعدات وإغلاق المعابر.
وأضاف «فهمي»، خلال مداخلة هاتفية عبر قناة «إكسترا نيوز» أن المجتمع أصبح عاجزًا أمام الإجراءات الإجرامية التي يرتكبها الكيان المحتل كما، أنه لا يلتزم بالقانون الدولي أو الإنساني، مشيرا إلى أن هناك مجاعة كبيرة ونقص في الموارد والخدمات وتفشي الأمراض، بهدف تحويل قطاع غزة لمكان غير صالح للحياة وبالتالي تفريغ القطاع من السكان وتشجيع مبدأ الهجرة الطوعية.
وتابع: «يوجد احتجاجات كبيرة داخل الوسط السياسي من قبل احتياطي الجنود والضباط والأطباء والمعلمين حول استمرار الحرب ومع ذلك رئيس وزراء الاحتلال الإسرائيلي بنيامين نتنياهو مستمر في هذه الإبادة، مما يؤكد وجود تواطؤ دولي لأن أمريكا تستطيع أن تحتم هذا الأمر ولكن إيقاف الحرب لا يتماشى مع مصالحها».
«القدس للدراسات»: إسرائيل تستخدم التجويع سلاحًا في غزة وترتكب جرائمها بغطاء دولي
إعلام إسرائيلي: لواء جولاني فقد 114 من جنوده وضباطه منذ بدء حرب غزة
«من مصر» يسلط الضوء على التحركات المصرية المكثفة لوقف إطلاق النار بغزة
إعلام فلسطيني: 14 شهيدا في قصف إسرائيلي على مدينة غزة وخان يونس
«الأرصاد»: رياح خمسينية مثيرة للرمال والأتربة على القاهرة والمحافظات
إسرائيل تصعّد عملياتها العسكرية جنوب غزة.. و11 شهيدا في غارات على خان يونس
إسرائيل تصعّد عملياتها العسكرية جنوب غزة.. و11 شهيدا في غارات على خان يونس
فرص عمل في قبرص براتب 1500 يورور شهريا.. اعرف الشروط المطلوبة
البنك المركزي: استمرار طباعة العملات البلاستيكية فئة الـ10 و20 جنيها
إعلام فلسطيني: اشتباكات بين مقاومين وقوات الاحتلال بمخيم بلاطة شرق نابلس
في وقفة عرفة.. أطعمة ومشروبات تجنبها عند الإفطار اليوم
حاج يمني من ذوي الهمم: بكيت عند رؤيتي الكعبة والحج رحلة العمر
أبرز لقطات حفل زفاف محمد هاني وشقيقة زوجة حسام غالي «صور»
طفل «مبتور الأطراف» يلهو على شاطئ غزة.. «نحب الحياة إذا ما استطعنا إليها سبيلا»
«مترميهاش بعد ما تشربها».. 5 استخدمات لن تتوقعها لبقايا القهوة
هل يغيب أحمد فتوح عن مباراة القمة أمام الأهلي؟.. مصدر يكشف التفاصيل
ليفربول يحتفل بعيد ميلاد محمد صلاح الـ32.. «الملك المصري»
تفاصيل عقد محمد هاني الجديد في الأهلي.. تعرف على راتبه (خاص)
مهاجم سويسرا المرشح للأهلي يسجل أول أهدافه الدولية أمام المجر
ترتيب الدوري بعد فوز الأهلي على فاركو وتفوق الزمالك على سيراميكا
©
                        جميع الحقوق محفوظة لجريدة الوطن 2025",https://www.elwatannews.com/news/details/8067466,El Watan News,2025-04-22 17:24:01
أسعار الذهب اليوم الثلاثاء 22-4-2025 في محال الصاغة.. تحديث جديد,أسعار الذهب اليوم الثلاثاء 22-4-2025 في محال الصاغة.. تحديث جديد,04:07 م | الثلاثاء 22 أبريل 2025,04:07 م | الثلاثاء 22 أبريل 2025,"«حقوق الإنسان»: نفخر بالشراكة مع «الوطنية للانتخابات» ونؤمن بحق المواطن في الحصول على المعلومات
أسعار الذهب اليوم الثلاثاء 22-4-2025 في محال الصاغة.. تحديث جديد
أعلنت الشعبة العامة للذهب والمجوهرات باتحاد الغرف التجارية عن تحديث جديد فى أسعار الذهب اليوم الثلاثاء 22-4-2025 في مصر والعالم، ليسجل سعر جرام الذهب عيار 21 الآن فى محال الصاغة 4 آلاف و955 جنيها للشراء.
وترصد السطور التالية أسعار الذهب الآن فى الأسواق المحلية لمختلف الأعيرة وفقا لآخر تحديث، وسعر الجنيه الذهب عيار 21 ويزن 8 جرامات في مصر، وسر أوقية الذهب بالبورصات العالمية للمعادن والمجوهرات.
سجلت أسعار الذهب عيار 21 اليوم في الصاغة للجرام الواحد بدون المصنعية 4 آلاف و955 جنيها للشراء، و4 آلاف و925 جنيها للبيع.
ووصلت أسعار الذهب عيار 24 الأكثر نقاءا الآن فى الصاغة للجرام الواحد بدون سعر المصنعية إلى 5 آلاف و663 جنيها للشراء، و5 آلاف و629 جنيها للبيع.
وبلغت أسعار الذهب للجرام عيار 22 اليوم، قبل احتساب سعري المصنعية وضريبة الدمغة، حوالى 5 آلاف و191 جنيها للشراء، و5 آلاف و160 جنيها للبيع.
وحققت أسعار الذهب للجرام عيار 18 اليوم في الصاغة، بدون المصنعية، 4 آلاف و247 جنيها للشراء، و4 آلاف و221 جنيها للبيع.
وسجلت أسعار الذهب عيار 14 للجرام بدون سعر المصنعية أو ضريبة الدمغة، 3 آلاف و303 جنيهات للشراء، و3 آلاف و283 جنيها للبيع.
وبلغ سعر الجنيه الذهب اليوم في مصر بدون سعر المصنعية 39 ألفا و640 جنيها للشراء، و39 ألفا و610 جنيهات للبيع.
ويتداول سعر أونصة الذهب بالبورصات العالمية للمعادن الثمينة الآن عند مستويات 3340 دولارا للشراء، و3439.5 دولار للبيع، بانخفاض 16 دولارا منذ بدء التداولات حتى الآن.
الذهب يكسر الحاجز الحرج عالميا بتسجيل 3500 دولار للأوقية.. ما الأسباب؟
سعر الذهب اليوم الثلاثاء 22-4-2025 في بداية التعاملات الصباحية
أسعار الذهب اليوم الاثنين 21-4-2025 بختام  التعاملات المسائية
سعر الذهب اليوم الاثنين 21-4-2025 خلال التعاملات المسائية.. تحديث جديد
«الأرصاد»: رياح خمسينية مثيرة للرمال والأتربة على القاهرة والمحافظات
إسرائيل تصعّد عملياتها العسكرية جنوب غزة.. و11 شهيدا في غارات على خان يونس
إسرائيل تصعّد عملياتها العسكرية جنوب غزة.. و11 شهيدا في غارات على خان يونس
فرص عمل في قبرص براتب 1500 يورور شهريا.. اعرف الشروط المطلوبة
البنك المركزي: استمرار طباعة العملات البلاستيكية فئة الـ10 و20 جنيها
إعلام فلسطيني: اشتباكات بين مقاومين وقوات الاحتلال بمخيم بلاطة شرق نابلس
في وقفة عرفة.. أطعمة ومشروبات تجنبها عند الإفطار اليوم
حاج يمني من ذوي الهمم: بكيت عند رؤيتي الكعبة والحج رحلة العمر
أبرز لقطات حفل زفاف محمد هاني وشقيقة زوجة حسام غالي «صور»
طفل «مبتور الأطراف» يلهو على شاطئ غزة.. «نحب الحياة إذا ما استطعنا إليها سبيلا»
«مترميهاش بعد ما تشربها».. 5 استخدمات لن تتوقعها لبقايا القهوة
هل يغيب أحمد فتوح عن مباراة القمة أمام الأهلي؟.. مصدر يكشف التفاصيل
ليفربول يحتفل بعيد ميلاد محمد صلاح الـ32.. «الملك المصري»
تفاصيل عقد محمد هاني الجديد في الأهلي.. تعرف على راتبه (خاص)
مهاجم سويسرا المرشح للأهلي يسجل أول أهدافه الدولية أمام المجر
ترتيب الدوري بعد فوز الأهلي على فاركو وتفوق الزمالك على سيراميكا
©
                        جميع الحقوق محفوظة لجريدة الوطن 2025",https://www.elwatannews.com/news/details/8067550,El Watan News,2025-04-22 17:25:43
رئيس «العاصمة الإدارية للتنمية العمرانية» يستقبل وفد شركة هواوي لبحث التعاون,رئيس «العاصمة الإدارية للتنمية العمرانية» يستقبل وفد شركة هواوي لبحث التعاون,03:17 م | الثلاثاء 22 أبريل 2025,03:17 م | الثلاثاء 22 أبريل 2025,"«حقوق الإنسان»: نفخر بالشراكة مع «الوطنية للانتخابات» ونؤمن بحق المواطن في الحصول على المعلومات
رئيس «العاصمة الإدارية للتنمية العمرانية» يستقبل وفد شركة هواوي لبحث التعاون
استقبل المهندس خالد عباس، رئيس مجلس الإدارة، العضو المنتدب لشركة العاصمة الإدارية للتنمية العمرانية، بمقر الشركة، شارلز يونج، النائب الأول لرئيس شركة هواوي الصينية، رئيس شركة هواوي ديجيتال باور، خلال زيارته للعاصمة الإدارية الجديدة، على رأس وفد رفيع المستوى من الشركة، ضم كلا من: الرئيس التنفيذي لشركة هواوي مصر، والمدير الإقليمي لشمال أفريقيا، وعدد من المسؤولين التنفيذيين.
وتناول اللقاء متابعة المشروعات الجارية التي تنفذها شركة هواوي داخل العاصمة الإدارية، وبحث آفاق التعاون المستقبلي في مجالات مراكز البيانات، وتطبيقات الذكاء الاصطناعي، وتحليل البيانات في إدارة المدينة، إلى جانب إنشاء محطات شحن للسيارات الكهربائية، بما يساهم في تحقيق خطة الاستدامة بالمدينة.
كما جرى خلال اللقاء، مناقشة سبل تبادل الخبرات بين مدينة شينزن الصينية والعاصمة الإدارية.
وعقب اللقاء، أجرى الوفد جولة ميدانية شملت عددا من المعالم الرئيسية بالعاصمة الإدارية، من بينها مركز مصر الثقافي الإسلامي، كاتدرائية ميلاد المسيح، وساحة الشعب، والنصب التذكاري، ومركز اتصالات الحي الحكومي، ومراكز السيطرة وإدارة المدينة، ومدينة الفنون والثقافة.
وأعرب الوفد عن تقديرهم الكبير للجهود المبذولة في تنفيذ مشروعات المرحلة الأولى بالعاصمة الإدارية، في فترة زمنية وجيزة، وأكدوا استعدادهم الكامل للمساهمة في التخطيط والتنفيذ للمراحل المستقبلية.
كما أبدى الوفد اهتماما بتنظيم المؤتمرات والمعارض الدولية التابعة لها داخل العاصمة الإدارية، بدءًا من العام المقبل، ضمن سلسلة الفعاليات التي تنظمها الشركة في عدد من مدن العالم.
وزيرا الإسكان والشباب والرياضة يتفقدان منشآت نادي العاصمة الإدارية الجديدة
هواوي تطلق هاتف Mate XT ثلاثي الطي في الأسواق العالمية.. كم سعره؟
هواوي تتيح نقل الملفات بين الأجهزة بالإيماءات.. «مش هتلمس تليفونك»
وزير الطيران المدني يلتقي مسئولي شركة هواوي العالمية لبحث فرص التعاون
معلومات عن نظام تشغيل هواوي الجديد منافس أندرويد.. تحدي جديد لجوجل
«الأرصاد»: رياح خمسينية مثيرة للرمال والأتربة على القاهرة والمحافظات
إسرائيل تصعّد عملياتها العسكرية جنوب غزة.. و11 شهيدا في غارات على خان يونس
إسرائيل تصعّد عملياتها العسكرية جنوب غزة.. و11 شهيدا في غارات على خان يونس
فرص عمل في قبرص براتب 1500 يورور شهريا.. اعرف الشروط المطلوبة
البنك المركزي: استمرار طباعة العملات البلاستيكية فئة الـ10 و20 جنيها
إعلام فلسطيني: اشتباكات بين مقاومين وقوات الاحتلال بمخيم بلاطة شرق نابلس
في وقفة عرفة.. أطعمة ومشروبات تجنبها عند الإفطار اليوم
حاج يمني من ذوي الهمم: بكيت عند رؤيتي الكعبة والحج رحلة العمر
أبرز لقطات حفل زفاف محمد هاني وشقيقة زوجة حسام غالي «صور»
طفل «مبتور الأطراف» يلهو على شاطئ غزة.. «نحب الحياة إذا ما استطعنا إليها سبيلا»
«مترميهاش بعد ما تشربها».. 5 استخدمات لن تتوقعها لبقايا القهوة
هل يغيب أحمد فتوح عن مباراة القمة أمام الأهلي؟.. مصدر يكشف التفاصيل
ليفربول يحتفل بعيد ميلاد محمد صلاح الـ32.. «الملك المصري»
تفاصيل عقد محمد هاني الجديد في الأهلي.. تعرف على راتبه (خاص)
مهاجم سويسرا المرشح للأهلي يسجل أول أهدافه الدولية أمام المجر
ترتيب الدوري بعد فوز الأهلي على فاركو وتفوق الزمالك على سيراميكا
©
                        جميع الحقوق محفوظة لجريدة الوطن 2025",https://www.elwatannews.com/news/details/8067532,El Watan News,2025-04-22 17:25:52
الذهب يكسر الحاجز الحرج عالميا بتسجيل 3500 دولار للأوقية.. ما الأسباب؟,الذهب يكسر الحاجز الحرج عالميا بتسجيل 3500 دولار للأوقية.. ما الأسباب؟,03:04 م | الثلاثاء 22 أبريل 2025,03:04 م | الثلاثاء 22 أبريل 2025,"«حقوق الإنسان»: نفخر بالشراكة مع «الوطنية للانتخابات» ونؤمن بحق المواطن في الحصول على المعلومات
الذهب يكسر الحاجز الحرج عالميا بتسجيل 3500 دولار للأوقية.. ما الأسباب؟
قالت شعبة الذهب والمجوهرات بالغرف التجارية، إن حالة التوترات الجيوسياسية والاقتصادية العالمية انعكست على أسعار الذهب اليوم، التي غلب عليها التوتر أيضًا، حيث ارتفعت أسعار الذهب إلى مستوى قياسي، متجاوزة الحاجز الحرج عند 3500 دولار يوم الثلاثاء، بسبب تزايد المخاوف من اشتعال الصراع بين الرئيس الأميركي دونالد ترامب ورئيس مجلس الاحتياطي الفيدرالي جيروم باول.
وأوضحت شعبة الذهب، في بيان، اليوم الثلاثاء، أن ذلك أدى لعزوف المستثمرين عن المخاطرة في الأسهم ودفعهم نحو المعدن النفيس كملاذ آمن، بالإضافة لاستمرار التوترات وتصاعد وتيرة الصراع التجاري يوما بعد يوم بين أمريكا والصين.
وأشارت الشعبة إلى أن الإغلاق السابق للذهب عند 3424.235 دولار، بينما كان سعر الافتتاح اليوم عند مستوى 3427.860 دولار ليقفز خلال اليوم فوق مستوى ‪3500.200‬ دولار للأوقية محققا 3509 دولار للأوقية وذلك قبل أن يتراجع لمستويات دون 3450 دولار للأوقية ولا يزال مستمرا في الهبوط التدريجي.
وأكدت أن التغيرات السعرية العالمية قد انعكست على السوق المصرية وسط حالة استقرار لسعر الدولار، حيث أصبحت السوق المصرية متأثرة لحظيا بالسعر العالمي.
سعر الذهب اليوم الثلاثاء 22-4-2025 في بداية التعاملات الصباحية
أسعار الذهب اليوم الاثنين 21-4-2025 بختام  التعاملات المسائية
سعر الذهب اليوم الاثنين 21-4-2025 خلال التعاملات المسائية.. تحديث جديد
أسعار سبائك الذهب اليوم الاثنين 21-4-2025 خلال منتصف التعاملات
«الأرصاد»: رياح خمسينية مثيرة للرمال والأتربة على القاهرة والمحافظات
إسرائيل تصعّد عملياتها العسكرية جنوب غزة.. و11 شهيدا في غارات على خان يونس
إسرائيل تصعّد عملياتها العسكرية جنوب غزة.. و11 شهيدا في غارات على خان يونس
فرص عمل في قبرص براتب 1500 يورور شهريا.. اعرف الشروط المطلوبة
البنك المركزي: استمرار طباعة العملات البلاستيكية فئة الـ10 و20 جنيها
إعلام فلسطيني: اشتباكات بين مقاومين وقوات الاحتلال بمخيم بلاطة شرق نابلس
في وقفة عرفة.. أطعمة ومشروبات تجنبها عند الإفطار اليوم
حاج يمني من ذوي الهمم: بكيت عند رؤيتي الكعبة والحج رحلة العمر
أبرز لقطات حفل زفاف محمد هاني وشقيقة زوجة حسام غالي «صور»
طفل «مبتور الأطراف» يلهو على شاطئ غزة.. «نحب الحياة إذا ما استطعنا إليها سبيلا»
«مترميهاش بعد ما تشربها».. 5 استخدمات لن تتوقعها لبقايا القهوة
هل يغيب أحمد فتوح عن مباراة القمة أمام الأهلي؟.. مصدر يكشف التفاصيل
ليفربول يحتفل بعيد ميلاد محمد صلاح الـ32.. «الملك المصري»
تفاصيل عقد محمد هاني الجديد في الأهلي.. تعرف على راتبه (خاص)
مهاجم سويسرا المرشح للأهلي يسجل أول أهدافه الدولية أمام المجر
ترتيب الدوري بعد فوز الأهلي على فاركو وتفوق الزمالك على سيراميكا
©
                        جميع الحقوق محفوظة لجريدة الوطن 2025",https://www.elwatannews.com/news/details/8067524,El Watan News,2025-04-22 17:25:58
وزير الاتصالات: توسع «إنتلسيا» في مصر يعكس الثقة العالمية في الكفاءات الشابة,وزير الاتصالات: توسع «إنتلسيا» في مصر يعكس الثقة العالمية في الكفاءات الشابة,02:35 م | الثلاثاء 22 أبريل 2025,02:35 م | الثلاثاء 22 أبريل 2025,"«حقوق الإنسان»: نفخر بالشراكة مع «الوطنية للانتخابات» ونؤمن بحق المواطن في الحصول على المعلومات
وزير الاتصالات: توسع «إنتلسيا» في مصر يعكس الثقة العالمية في الكفاءات الشابة
افتتح الدكتور عمرو طلعت، وزير الاتصالات وتكنولوجيا المعلومات، المقر الإقليمي الجديد لشركة إنتلسيا، الرائدة عالميًا في خدمات التعهيد، بمدينة الشيخ زايد بمحافظة الجيزة.توفير 1300 فرصة عمل جديدة
وتقدم شركة إنتلسيا مصر خدماتها لعملائها في الولايات المتحدة وأوروبا ومنطقة الخليج، ومن خلال خدمات متعددة تُقدّم بسبع لغات مختلفة، ما يعزز من مكانة مصر كمركز تميز إقليمى للشركة فى خدمات التعهيد وتجربة العملاء، وتخطط إنتلسيا لتعزيز حضورها في السوق المصري من خلال خلق 1300 فرصة عمل مباشرة جديدة، ليصل عدد موظفيها في مصر إلى نحو 4000 متخصص كما تعتزم افتتاح مركزين إضافيين في القاهرة الكبرى والإسكندرية خلال عام 2026، ليصل إجمالي مراكزها في مصر إلى أربعة مراكز.
وأكد الدكتور عمرو طلعت، وزير الاتصالات وتكنولوجيا المعلومات، أن توسع شركة Intelcia في استثماراتها بمصر يعكس ثقتها فى الكوادر المصرية الشابة القادرة على تقديم خدمات التعهيد متعددة اللغات بكفاءة؛ إذ يُعد توافر قاعدة من الكفاءات المصرية فى مجال الاتصالات وتكنولوجيا المعلومات عنصرا رئيسيا فى تعزيز تنافسية مصر على الخريطة العالمية لصناعة التعهيد؛ مضيفا أن مصر تتمتع بثروة بشرية شابة فى ضوء وجود أكثر من 750 ألف خريج جامعى سنويا، مشيرًا إلى تنوع البرامج والمبادرات التي تنفذها الوزارة لتأهيل الشباب من مختلف التخصصات، وتعزيز قدراتهم في صناعة التعهيد، بما يسهم في سد فجوة المهارات في الأسواق العالمية.
وقال كريم برنوصى، المؤسس والرئيس التنفيذى لمجموعة إنتلسيا: افتتاح مقرنا الجديد في مصر ليس مجرد توسع جغرافي، بل خطوة محورية ضمن استراتيجيتنا للنمو المستدام عالميًا، فمصر تُعدّ سوقًا واعدًا بفضل بيئتها الاستثمارية الداعمة، ووجود كفاءات مهنية قادرة على دفع عجلة الابتكار والتطور فى قطاع التعهيد.
وأكد المهندس أحمد الظاهر، الرئيس التنفيذي لهيئة تنمية صناعة تكنولوجيا المعلومات (إيتيدا)، أن المزايا التنافسية لمصر في قطاع التعهيد لا تقتصر على تكلفة الأعمال المنخفضة، بل تشمل منظومة متكاملة تقوم على وفرة المهارات والكفاءات الشابة، والتطور التكنولوجي، وبيئة أعمال قائمة على الثقة، وأضاف أن مصر باتت الوجهة المفضلة لعمليات التعهيد القريبة والبعيدة، بما يرسخ مكانتها العالمية ويدفع بنمو القطاع وخلق آلاف من فرص العمل للشباب المصرى.
من جانبه، أكد محمد سليمانى، الرئيس التنفيذى لعمليات إنتلسيا فى الأمريكيتين والأسواق الناطقة بالإنجليزية، أن مصر تمثل أكثر من مجرد وجهة استثمارية؛ فهي منصة انطلاق لتقديم الخدمات العابرة للحدود، موضحا أن وجود مراكز رئيسية للشركة فى القاهرة الكبرى والإسكندرية جعل من مصر حجر الزاوية في تقديم حلول متقدمة لتجربة العملاء متعددة اللغات والقنوات، بفضل ما تزخر به من موارد بشرية غنية وعالية التأهيل.
يجدر الإشارة إلى أنه لدى شركة إنتلسيا أيضًا مركزًا لتقديم خدمات التعهيد في المنطقة التكنولوجية ببرج العرب في الإسكندرية، كانت قد افتتحته عند دخولها السوق المصرية في أوائل عام 2023، إذ حققت منذ ذلك الحين نموًا سريعًا ونجاحًا ملحوظًا، ونجحت في تعيين نحو 2700 متخصص، ويعكس هذا النمو وفرة المهارات في السوق المصرية، وسهولة ممارسة الأعمال في مجال تصدير خدمات التعهيد متعددة اللغات.
وتعد شركة إنتلسيا رائدة عالميًا فى مجال التعهيد تقدم حلولًا مبتكرة تدمج بين الخبرة العالمية والتكنولوجيا المتقدمة. ويعمل لديها أكثر من 40 ألف موظف فى أوروبا وأفريقيا والأمريكتين، وتقدم حلولا مرنة وفعّالة من حيث التكلفة، بهدف تحسين تجارب العملاء ورفع كفاءة عمليات تكنولوجيا المعلومات.
وعلى مدار أكثر من 25 عامًا، نجحت إنتلسيا فى بناء سجل حافل من الإنجازات فى أوروبا وأفريقيا والأمريكيتين، وخاصة فى البرتغال التى أصبحت اليوم مركزًا رئيسيًا للشركة في تقديم خدمات متعددة اللغات إلى أوروبا، وتسعى المجموعة إلى تحقيق هذا النموذج الناجح في مصر.
حضر فعاليات الافتتاح كريم برنوصى الرئيس التنفيذى لمجموعة إنتلسيا، والمهندس أحمد الظاهر، الرئيس التنفيذى لهيئة تنمية صناعة تكنولوجيا المعلومات (إيتيدا)، ومحمد سليماني، الرئيس التنفيذى لعمليات إنتلسيا في الأمريكيتين والأسواق الناطقة بالإنجليزية، وعدد من قيادات وزارة الاتصالات وتكنولوجيا المعلومات إلى جانب أعضاء اللجنة التنفيذية وممثلي القيادة الإقليمية في إنتلسيا.
وزير الاتصالات يشهد توقيع بروتوكول لتأهيل 100 ألف متدرب على الذكاء الاصطناعي
وزير الاتصالات يبحث التعاون في ريادة الأعمال والذكاء الاصطناعي مع سفير اليابان
وزير الاتصالات: مصر تمتلك العديد من المميزات وبنية تحتية قوية جاذبة للاستثمار
وزير الاتصالات: مبادرات تدريبية شبابية لتنفيذ استراتيجية مصر الرقمية
«الأرصاد»: رياح خمسينية مثيرة للرمال والأتربة على القاهرة والمحافظات
إسرائيل تصعّد عملياتها العسكرية جنوب غزة.. و11 شهيدا في غارات على خان يونس
إسرائيل تصعّد عملياتها العسكرية جنوب غزة.. و11 شهيدا في غارات على خان يونس
فرص عمل في قبرص براتب 1500 يورور شهريا.. اعرف الشروط المطلوبة
البنك المركزي: استمرار طباعة العملات البلاستيكية فئة الـ10 و20 جنيها
إعلام فلسطيني: اشتباكات بين مقاومين وقوات الاحتلال بمخيم بلاطة شرق نابلس
في وقفة عرفة.. أطعمة ومشروبات تجنبها عند الإفطار اليوم
حاج يمني من ذوي الهمم: بكيت عند رؤيتي الكعبة والحج رحلة العمر
أبرز لقطات حفل زفاف محمد هاني وشقيقة زوجة حسام غالي «صور»
طفل «مبتور الأطراف» يلهو على شاطئ غزة.. «نحب الحياة إذا ما استطعنا إليها سبيلا»
«مترميهاش بعد ما تشربها».. 5 استخدمات لن تتوقعها لبقايا القهوة
هل يغيب أحمد فتوح عن مباراة القمة أمام الأهلي؟.. مصدر يكشف التفاصيل
ليفربول يحتفل بعيد ميلاد محمد صلاح الـ32.. «الملك المصري»
تفاصيل عقد محمد هاني الجديد في الأهلي.. تعرف على راتبه (خاص)
مهاجم سويسرا المرشح للأهلي يسجل أول أهدافه الدولية أمام المجر
ترتيب الدوري بعد فوز الأهلي على فاركو وتفوق الزمالك على سيراميكا
©
                        جميع الحقوق محفوظة لجريدة الوطن 2025",https://www.elwatannews.com/news/details/8067512,El Watan News,2025-04-22 17:26:05
رئيس شركة خدمات البترول البحرية يتفقد مشروع تنمية حقل غاز غرب البرلس البحري,رئيس شركة خدمات البترول البحرية يتفقد مشروع تنمية حقل غاز غرب البرلس البحري,01:40 م | الثلاثاء 22 أبريل 2025,01:40 م | الثلاثاء 22 أبريل 2025,"«حقوق الإنسان»: نفخر بالشراكة مع «الوطنية للانتخابات» ونؤمن بحق المواطن في الحصول على المعلومات
رئيس شركة خدمات البترول البحرية يتفقد مشروع تنمية حقل غاز غرب البرلس البحري
أجرى المهندس عمرو بدوي رئيس شركة خدمات البترول البحرية (PMS) زيارة ميدانية لموقع عمل الوحدة البحرية المملوكة للشركة (PMS 12) في مشروع تنمية حقل غاز غرب البرلس البحري WEB Offshore Field Development Project بمنطقة إدكو، في إطار تنفيذ استراتيجية وزارة البترول والثروة المعدنية الخاصة بالمتابعة الميدانية لمواقع العمل والإنتاج، وتأتي الزيارة لمتابعة أعمال تركيب جاكت المنصة WEB Offshore، ضمن مشروع تنمية حقل الغاز التابع لشركة غرب البرلس للبترول بتروويب.
بدأ بدوي جولته بتأكيد أهمية الالتزام بتوجيهات وزارة البترول والثروة المعدنية، خاصة فيما يتعلق بتطبيق أعلى معايير السلامة المهنية والتشغيل الآمن خلال تنفيذ الأعمال، واستمع خلال الزيارة إلى عرض تفصيلي قدّمه المهندس إسلام حسني، مدير المشروع، حول الموقف التنفيذي لأعمال تركيب جاكت المنصة البحرية WEB Offshore، حيث أشاد رئيس الشركة بجودة الأعمال وسرعة الإنجاز ومعدلات الإنتاجية المحققة.
ورافق رئيس الشركة خلال الجولة كل من المهندس إسلام حسني، مدير المشروع، والمهندس أحمد سعد، مدير الإنشاءات بالمشروع ، والمهندس أشرف شيبون، مدير عام تنفيذ المشروعات، والمهندس وائل زايد ، مدير عام الصحة والسلامة المهنية، إلى جانب عدد من قيادات الشركة.
وتجدر الإشارة إلى أن شركة PMS كانت قد انتهت مؤخراً من أعمال إنزال خط غاز غرب البرلس البحري بقطر 8 بوصة، باستخدام الوحدة البحرية PMS 11، والتي تتمتع بأحدث الإمكانات الفنية المتخصصة في إنزال الخطوط البحرية وتركيب المنصات، ومن المقرر أن تستكمل الشركة قريباً أعمال إنزال الخط البحري الآخر بقطر 14 بوصة وبطول 32 كم، وفقاً للبرنامج الزمني المحدد.
كما تستعد الشركة لتنفيذ أعمال تركيب منصة بحرية إضافية وهي منصة Papyrus، ضمن نطاق أعمال المشروع الذي يستهدف تعزيز إنتاج الغاز من حقل غرب البرلس البحري التابع لشركة غرب البرلس للبترول بتروويب، وشدد على ضرورة الإسراع في استكمال الأعمال المتبقية، مع الالتزام الكامل بمعايير الجودة والسلامة، لضمان دخول المشروع حيز التشغيل والإنتاج في أسرع وقت ممكن .
وزير البترول يشهد توقيع نموذج اتفاقية لاستغلال خام الذهب مع شركة عالمية
«البترول»: تشغيل أول حفار حديث لزيادة إنتاج النفط في حقول غارب بالصحراء الشرقية
«البترول»: حفر آبار استكشافية جديدة الفترة المقبلة لزيادة الإنتاج
مدبولي: شركات الاستكشافات البترولية لم تنسحب من مصر
وزير البترول يبحث مع لجنة الطاقة بالبرلمان تعزيز التعاون وجذب الاستثمارات
«الأرصاد»: رياح خمسينية مثيرة للرمال والأتربة على القاهرة والمحافظات
إسرائيل تصعّد عملياتها العسكرية جنوب غزة.. و11 شهيدا في غارات على خان يونس
إسرائيل تصعّد عملياتها العسكرية جنوب غزة.. و11 شهيدا في غارات على خان يونس
فرص عمل في قبرص براتب 1500 يورور شهريا.. اعرف الشروط المطلوبة
البنك المركزي: استمرار طباعة العملات البلاستيكية فئة الـ10 و20 جنيها
إعلام فلسطيني: اشتباكات بين مقاومين وقوات الاحتلال بمخيم بلاطة شرق نابلس
في وقفة عرفة.. أطعمة ومشروبات تجنبها عند الإفطار اليوم
حاج يمني من ذوي الهمم: بكيت عند رؤيتي الكعبة والحج رحلة العمر
أبرز لقطات حفل زفاف محمد هاني وشقيقة زوجة حسام غالي «صور»
طفل «مبتور الأطراف» يلهو على شاطئ غزة.. «نحب الحياة إذا ما استطعنا إليها سبيلا»
«مترميهاش بعد ما تشربها».. 5 استخدمات لن تتوقعها لبقايا القهوة
هل يغيب أحمد فتوح عن مباراة القمة أمام الأهلي؟.. مصدر يكشف التفاصيل
ليفربول يحتفل بعيد ميلاد محمد صلاح الـ32.. «الملك المصري»
تفاصيل عقد محمد هاني الجديد في الأهلي.. تعرف على راتبه (خاص)
مهاجم سويسرا المرشح للأهلي يسجل أول أهدافه الدولية أمام المجر
ترتيب الدوري بعد فوز الأهلي على فاركو وتفوق الزمالك على سيراميكا
©
                        جميع الحقوق محفوظة لجريدة الوطن 2025",https://www.elwatannews.com/news/details/8067498,El Watan News,2025-04-22 17:26:14
وزيرة التخطيط تطالب المجتمع الدولي بإعادة هيكلة النظام المالي العالمي,وزيرة التخطيط تطالب المجتمع الدولي بإعادة هيكلة النظام المالي العالمي,01:34 م | الثلاثاء 22 أبريل 2025,01:34 م | الثلاثاء 22 أبريل 2025,"«حقوق الإنسان»: نفخر بالشراكة مع «الوطنية للانتخابات» ونؤمن بحق المواطن في الحصول على المعلومات
وزيرة التخطيط تطالب المجتمع الدولي بإعادة هيكلة النظام المالي العالمي
عقدت الدكتورة رانيا المشاط وزيرة التخطيط والتنمية الاقتصادية والتعاون الدولي ومحافظ مصر لدى مجموعة البنك الدولي؛ اجتماعات مكثفة مع الإدارة العليا لمجموعة البنك الدولي، في مستهل مشاركتها باجتماعات الربيع لمجموعة البنك الدولي وصندوق النقد الدولي المنعقدة بواشنطن تحت عنوان «الوظائف.. السبيل إلى الرخاء»، إذ التقت عثمان ديون نائب رئيس البنك الدولي لمنطقة الشرق الأوسط وشمال أفريقيا، وإندرميت جيل رئيس الخبراء الاقتصاديين والنائب الأول لرئيس شؤون اقتصاديات التنمية لمجموعة البنك الدولي، وأكسل فان تروتسنبورج، المدير المنتدب للعمليات في البنك الدولي.
ويأتي ذلك في ضوء العلاقة الوثيقة بين مصر ومجموعة البنك الدولي، باعتباره أحد أكبر نبوك التنمية متعددة الأطراف العاملة في مصر، ويستحوذ على نحو 21.8% من محفظة التعاون الإنمائي الجارية.
واستعرضت الدكتورة رانيا المشاط، مع عثمان ديون، نائب رئيس البنك الدولي لمنطقة الشرق الأوسط وشمال أفريقيا، تطورات أوضاع الاقتصاد العالمي في ضوء الحروب التجارية، وتداعياتها على النمو وتدفق الاستثمارات، خاصة في الدول النامية، مؤكدة أن التطورات الراهنة تؤكد الخلل في الهيكل المالي العالمي وضرورة أن يعمل المجتمع الدولي على إعادة هيكلة النظام المالي العالمي وإصلاح بنوك التنمية متعددة الأطراف بما يتيح حيز مالي أوسع للدول النامية والاقتصاديات الناشئة، ويدعم جهود التنمية والعمل المناخي.
أكدت الدكتورة رانيا المشاط، التعاون الوثيق مع مجموعة البنك الدولي، خاصة كونه بنك للمعرفة، والتعاون الجاري مع وزارة التخطيط والتنمية الاقتصادية والتعاون الدولي، لإعداد السردية الوطنية للتنمية الاقتصادية، التي تعمل على تحليل وتشخيص وضع الاقتصاد المصري، ووضع توصيات وسياسات مستهدفة بشأن القطاعات الأكثر أولوية خاصة الصناعة، والتصدير، والاستثمارات الأجنبية المباشرة، وسياسات الاقتصاد الكلي.
أشارت إلى وجود قاعدة قوية للجهود المبذولة مع البنك الدولي، خاصة بعد مرور نحو عام على بدء تنفيذ برنامج الإصلاح مع صندوق النقد الدولي وتنفيذ حزمة من الإصلاحات الاقتصادية وسياسات ضبط المالية العامة وتعزيز استقرار الاقتصاد الكلي، فضلًا عن الإصلاحات المنفذة في إطار البرنامج الوطني للإصلاحات الهيكلية بالتعاون مع البنك الدولي، والاتحاد الأوروبي، والبنك الإفريقي للتنمية، واستمرار تنفيذ تلك الإصلاحات ضمن المرحلة الثانية بآلية مساندة الاقتصاد الكلي ودعم الموازنة MFA مع الاتحاد الأوروبي.
بحث الجانبان أهمية التعاون في تعزيز جهد التحول الرقمي والذكاء الاصطناعي وتنمية قطاع الاتصالات وتكنولوجيا المعلومات في مصر، خاصة أن تلك الأدوات أصبحت لا تمثل فقط دافعًا نحو تسهيل الخدمات ولكن أيضًا دافعًا قويًا للتنمية الاقتصادية، فضلًا عن المشروعات الجديدة الجاري تنفيذها في مجال المشروعات الصغيرة والمتوسطة، وتمويل سياسات التنمية، فضلًا عن التعاون في مجال زيادة الاستثمار في رأس المال البشري، أكدت ضرورة توسيع نطاق الاستثمارات في ضوء اهتمام الحكومة بتشجيع الصادرات ودعم قطاع الصناعات التحويلية غير البترولية.
أكدت «المشاط» خلال الاجتماع أهمية تنويع أوجه التعاون مع البنك الدولي لتشمل الدعم الفني والاستفادة من الخبرات المتراكمة في دراسة نموذج النمو الاقتصادي، وتحديد القطاعات ذات الأولوية الدافعة للنمو، فضلًا عن مواجهة تحديات الديون من خلال آليات شاملة ومبتكرة، في ظل ما يمر به العالم أجمع والمنطقة بشكل خاص من توترات جيوسياسية متصاعدة تؤثر بشكل كبير على جهود الدول في مسارات التنمية.
من جانبه، أشاد نائب رئيس مجموعة البنك الدولي، بالعمل الجاري والدعم الفني الذي يوفره البنك في قطاعات الطاقة والمياه وغيرها من القطاعات الحيوية.لقاء رئيس الخبراء الاقتصاديين والنائب الأول لرئيس شؤون اقتصاديات التنمية للبنك الدولي
وفي سياق متصل، بحثت وزيرة التخطيط والتنمية الاقتصادية والتعاون الدولي، مع إندرميت جيل، رئيس الخبراء الاقتصاديين والنائب الأول لرئيس شؤون اقتصاديات التنمية لمجموعة البنك الدولي، جهود التعاون المشترك لتعزيز التنمية الاقتصادية من خلال الاستفادة من الإمكانات والخبرات الدولية التي يمتلكها البنك الدولي، من أجل تقديم الحلول اللازمة لمواجهة تحديات خلق فرص العمل في مصر، ودفع النمو والتشغيل وتحقيق التنمية الاقتصادية المستدامة.
ووجهت الشكر للبنك الدولي، على التعاون البناء في إعداد السردية الوطنية للتنمية الاقتصادية، التي ستعد بمثابة خارطة طريق لتحقيق التنمية والمضي قدمًا في جهود الإصلاح الاقتصادي والهيكلي، كما تحدثت عن إدراج مصر في تقرير «جاهزية الأعمال» التابع للبنك الدولي، وتشكيل لجنة وطنية لإعداد التقرير باعتباره تقريرًا رئيسيًا لتقييم بيئة الأعمال وتحسين مناخ الاستثمار، وتعزيز تنافسية الاقتصاد المصري إقليميًا ودوليًا.
وشددت على جهود الدولة في تشجيع الصادرات وتعزيز تنافسية الاقتصاد المصري على المستويين الإقليمي والعالمي، واستخدام البيانات لصياغة قرارات قائمة على الأدلة.
ومن جانبه، أوضح رئيس الخبراء الاقتصاديين بالبنك الدولي، أن البنك يعمل على تقرير حول الذكاء الاصطناعي على الصعيد الإقليمي من بينه مصر.
والتقت وزيرة التخطيط والتنمية الاقتصادية والتعاون الدولي، أكسل فان تروتسنبورج، المدير المنتدب للعمليات في البنك الدولي، وشهد اللقاء مناقشة الاستراتيجيات المبتكرة التي يتم وضعها مع البنك الدولي في الوقت الراهن، حيث تهدف إلى جذب الاستثمارات الأجنبية المباشرة (FDI) وتعزيز قطاع الصناعة ودعم التبادل التجاري بما يسهم في تحقيق النمو الاقتصادي المستدام.
ووجه المدير المنتدب للعمليات بالبنك الدولي، الشكر للدولة المصرية على تأييدها لتجديد موارد المؤسسة الدولية للتنمية التابعة للبنك الدولي، والتي تُركز على دعم الدول الأقل دخلًا خاصة في قارة أفريقيا، وتعد مصر من الدول المانحة لتلك المؤسسة.
أكدت وزيرة التخطيط والتنمية الاقتصادية والتعاون الدولي، أهمية دور المؤسسة الدولية للتنمية IDA، في مساندة الدول الأقل نموًا والأقل دخلًا خاصة في ضوء التطورات الاقتصادية العالمية المتفاقمة التي تقلل من قدرة تلك الدول على المضي قدمًا في مسيرتها التنموية، فضلًا عن دورها في خلق الشراكات بين بلدان الجنوب.
أشارت إلى حرص مصر على تعزيز التعاون مع مجموعة البنك الدولي، في إطار تطوير نهج البنك ليتحول إلى «بنك للمعرفة» بما يُسهم في تبادل الخبرات والتجارب وتوسيع نطاق الحلول المؤثرة والقابلة للتنفيذ، لمساعدة الدول المختلفة على تحقيق رؤيتها التنموية.
«التخطيط» تعقد اجتماعا مع البنك الدولي ومؤسسة التمويل الدولية
البنك الدولي يشيد ببرنامج «التنمية المحلية في صعيد مصر»: نموذج رائد
رئيسة «القومي للمرأة» تستقبل ميري أوفاديا مسؤول برامج تنمية بشرية بالبنك الدولي في مصر
«التخطيط»: نتطلع للتعاون المستقبلي مع مجموعة البنك الدولي في مجالات مختلفة
المشاط: نعمل مع البنك الدولي على وضع رؤية لزيادة الاستثمارات الأجنبية
«الأرصاد»: رياح خمسينية مثيرة للرمال والأتربة على القاهرة والمحافظات
إسرائيل تصعّد عملياتها العسكرية جنوب غزة.. و11 شهيدا في غارات على خان يونس
إسرائيل تصعّد عملياتها العسكرية جنوب غزة.. و11 شهيدا في غارات على خان يونس
فرص عمل في قبرص براتب 1500 يورور شهريا.. اعرف الشروط المطلوبة
البنك المركزي: استمرار طباعة العملات البلاستيكية فئة الـ10 و20 جنيها
إعلام فلسطيني: اشتباكات بين مقاومين وقوات الاحتلال بمخيم بلاطة شرق نابلس
في وقفة عرفة.. أطعمة ومشروبات تجنبها عند الإفطار اليوم
حاج يمني من ذوي الهمم: بكيت عند رؤيتي الكعبة والحج رحلة العمر
أبرز لقطات حفل زفاف محمد هاني وشقيقة زوجة حسام غالي «صور»
طفل «مبتور الأطراف» يلهو على شاطئ غزة.. «نحب الحياة إذا ما استطعنا إليها سبيلا»
«مترميهاش بعد ما تشربها».. 5 استخدمات لن تتوقعها لبقايا القهوة
هل يغيب أحمد فتوح عن مباراة القمة أمام الأهلي؟.. مصدر يكشف التفاصيل
ليفربول يحتفل بعيد ميلاد محمد صلاح الـ32.. «الملك المصري»
تفاصيل عقد محمد هاني الجديد في الأهلي.. تعرف على راتبه (خاص)
مهاجم سويسرا المرشح للأهلي يسجل أول أهدافه الدولية أمام المجر
ترتيب الدوري بعد فوز الأهلي على فاركو وتفوق الزمالك على سيراميكا
©
                        جميع الحقوق محفوظة لجريدة الوطن 2025",https://www.elwatannews.com/news/details/8067491,El Watan News,2025-04-22 17:26:22
تحديث في سعر الريال السعودي مقابل الجنيه المصري اليوم الثلاثاء 22-4-2025,تحديث في سعر الريال السعودي مقابل الجنيه المصري اليوم الثلاثاء 22-4-2025,11:21 ص | الثلاثاء 22 أبريل 2025,11:21 ص | الثلاثاء 22 أبريل 2025,"«حقوق الإنسان»: نفخر بالشراكة مع «الوطنية للانتخابات» ونؤمن بحق المواطن في الحصول على المعلومات
تحديث في سعر الريال السعودي مقابل الجنيه المصري اليوم الثلاثاء 22-4-2025
كشفت البنوك العاملة في القطاع المصرفي المصري عن تحديث جديد في سعر الريال السعودي اليوم الثلاثاء 22-4-2025 مقابل الجنيه المصري؛ إذ سجلت العملة السعودية اليوم في البنك المركزي المصري نحو 13.60 جنيه للشراء، مقابل 13.64 جنيه للبيع.
ويأتي سعر الريال السعودي مقابل الجنيه المصري اليوم الأحد من خلال التحديث الموضح عبر مواقع البنوك الرسمية كالآتي:
سجل سعر الريال السعودي في البنك الأهلي المصري مستوى 13.60 جنيه للشراء، و13.63 جنيه للبيع.
سعر الريال السعودي في البنك المركزي المصري بلغ سعر صرف الريال السعودي مقابل الجنيه في بنك مصر مستوى 13.60 جنيه للشراء، و13.64 جنيه للبيع.
بلغ سعر صرف الريال السعودي مقابل الجنيه في بنك مصر مستوى 13.55 جنيه للشراء، و13.63 جنيه للبيع.
تحدد سعر الريال السعودي في بنك الإسكندرية عند 13.55 جنيه للشراء، و13.62 جنيه للبيع.
سعر الريال السعودي اليوم السبت 12-4-2025 مقابل الجنيه المصري في البنوك
سعر الريال السعودي مقابل الجنيه المصري في البنوك اليوم الخميس 10-4-2025
سعر الريال السعودي أمام الجنيه اليوم الأربعاء 9-4-2025 في البنوك المصرية
سعر الريال السعودي اليوم الأربعاء 26-3-2025 مقابل الجنيه في البنوك
«الأرصاد»: رياح خمسينية مثيرة للرمال والأتربة على القاهرة والمحافظات
إسرائيل تصعّد عملياتها العسكرية جنوب غزة.. و11 شهيدا في غارات على خان يونس
إسرائيل تصعّد عملياتها العسكرية جنوب غزة.. و11 شهيدا في غارات على خان يونس
فرص عمل في قبرص براتب 1500 يورور شهريا.. اعرف الشروط المطلوبة
البنك المركزي: استمرار طباعة العملات البلاستيكية فئة الـ10 و20 جنيها
إعلام فلسطيني: اشتباكات بين مقاومين وقوات الاحتلال بمخيم بلاطة شرق نابلس
في وقفة عرفة.. أطعمة ومشروبات تجنبها عند الإفطار اليوم
حاج يمني من ذوي الهمم: بكيت عند رؤيتي الكعبة والحج رحلة العمر
أبرز لقطات حفل زفاف محمد هاني وشقيقة زوجة حسام غالي «صور»
طفل «مبتور الأطراف» يلهو على شاطئ غزة.. «نحب الحياة إذا ما استطعنا إليها سبيلا»
«مترميهاش بعد ما تشربها».. 5 استخدمات لن تتوقعها لبقايا القهوة
هل يغيب أحمد فتوح عن مباراة القمة أمام الأهلي؟.. مصدر يكشف التفاصيل
ليفربول يحتفل بعيد ميلاد محمد صلاح الـ32.. «الملك المصري»
تفاصيل عقد محمد هاني الجديد في الأهلي.. تعرف على راتبه (خاص)
مهاجم سويسرا المرشح للأهلي يسجل أول أهدافه الدولية أمام المجر
ترتيب الدوري بعد فوز الأهلي على فاركو وتفوق الزمالك على سيراميكا
©
                        جميع الحقوق محفوظة لجريدة الوطن 2025",https://www.elwatannews.com/news/details/8067408,El Watan News,2025-04-22 17:26:29
أسعار العائد الجديدة على الشهادات والحسابات في بنك مصر بعد خفض الفائدة,أسعار العائد الجديدة على الشهادات والحسابات في بنك مصر بعد خفض الفائدة,11:11 ص | الثلاثاء 22 أبريل 2025,11:11 ص | الثلاثاء 22 أبريل 2025,"«حقوق الإنسان»: نفخر بالشراكة مع «الوطنية للانتخابات» ونؤمن بحق المواطن في الحصول على المعلومات
أسعار العائد الجديدة على الشهادات والحسابات في بنك مصر بعد خفض الفائدة
كشف الموقع الرسمي لبنك مصر، عن تخفيض العائد على بعض الأوعية الادخارية، بعد قرار البنك المركزي المصري يوم الخميس الماضي بتخفيض سعري الإيداع والإقراض بمقدار 225 نقطة أساس.
ووفقا للموقع الإلكتروني للبنك الحكومي، فإن العائد على شهادة ادخار «يوماتي» الثلاثية المصدرة من قبل بنك مصر في شهر مارس الماضي، جرى تعديله ليصبح العائد السنوي المتغير 24.75% يصرف يوميا، بعد أن كان 27%، مع العلم أن الشهادة منذ إصدارها وعائدها متغير وفقا لسعر الكوريدور إيداع - 0.25%.
أسعار الفائدة على الحسابات البنكية ببنك مصر، جرى تعديلها أيضا بعد تخفيض الفوائد بنسبة 2.25% على الأوعية ذات العائد المتغير بدءا من اليوم الثلاثاء 22 أبريل، ليصبح العائد اليومي والشهري على حساب سوبر كاش لمختلف الشرائح كالتالي:
- العائد السنوي الجديد على حساب سوبر كاش توفير، ويصرف شهريا، أصبح 15.75% بدلا من 18% للشرائح من 100 وحتى 500 ألف جنيه.
- العائد على حساب سوبر كاش توفير للشرائح فوق 30 مليون جنيه أصبح 20.25% بدلا من 22.5%.
- العائد السنوي على حساب سوبر كاش جاري يُصرف يوميا، أصبح 12.75% بدلا من 15%، للشرائح من 100 وحتى 500 ألف جنيه.
- العائد السنوي على حساب سوبر كاش جاري يُصرف يوميا، أصبح 19.5% بدلا من 21.75%، للشريحة من 30 مليون جنيه فأكثر.
خفض بنك مصر العائد على حسابات المعاشات لديه بواقع 225 نقطة أساس، أي بنفس النسبة التي خفض بها البنك المركزي المصري أسعار الفائدة يوم الخميس الماضي.
أعلى فوائد شهادات بنك مصر.. كيفية الحصول على عائد سنوي يصل إلى 27%
فرص عمل في مجال تحليل البيانات ببنك مصر.. قدم الآن «أون لاين»
لتسهيل المعاملات.. كيفية تفعيل خدمة بنك مصر أون لاين
وظائف بنك مصر 2025 للخريجين.. التخصصات وكيفية التقديم
«الأرصاد»: رياح خمسينية مثيرة للرمال والأتربة على القاهرة والمحافظات
إسرائيل تصعّد عملياتها العسكرية جنوب غزة.. و11 شهيدا في غارات على خان يونس
إسرائيل تصعّد عملياتها العسكرية جنوب غزة.. و11 شهيدا في غارات على خان يونس
فرص عمل في قبرص براتب 1500 يورور شهريا.. اعرف الشروط المطلوبة
البنك المركزي: استمرار طباعة العملات البلاستيكية فئة الـ10 و20 جنيها
إعلام فلسطيني: اشتباكات بين مقاومين وقوات الاحتلال بمخيم بلاطة شرق نابلس
في وقفة عرفة.. أطعمة ومشروبات تجنبها عند الإفطار اليوم
حاج يمني من ذوي الهمم: بكيت عند رؤيتي الكعبة والحج رحلة العمر
أبرز لقطات حفل زفاف محمد هاني وشقيقة زوجة حسام غالي «صور»
طفل «مبتور الأطراف» يلهو على شاطئ غزة.. «نحب الحياة إذا ما استطعنا إليها سبيلا»
«مترميهاش بعد ما تشربها».. 5 استخدمات لن تتوقعها لبقايا القهوة
هل يغيب أحمد فتوح عن مباراة القمة أمام الأهلي؟.. مصدر يكشف التفاصيل
ليفربول يحتفل بعيد ميلاد محمد صلاح الـ32.. «الملك المصري»
تفاصيل عقد محمد هاني الجديد في الأهلي.. تعرف على راتبه (خاص)
مهاجم سويسرا المرشح للأهلي يسجل أول أهدافه الدولية أمام المجر
ترتيب الدوري بعد فوز الأهلي على فاركو وتفوق الزمالك على سيراميكا
©
                        جميع الحقوق محفوظة لجريدة الوطن 2025",https://www.elwatannews.com/news/details/8067425,El Watan News,2025-04-22 17:26:38
البنك المركزي: استمرار طباعة العملات البلاستيكية فئة الـ10 و20 جنيها,البنك المركزي: استمرار طباعة العملات البلاستيكية فئة الـ10 و20 جنيها,11:02 ص | الثلاثاء 22 أبريل 2025,11:02 ص | الثلاثاء 22 أبريل 2025,"«حقوق الإنسان»: نفخر بالشراكة مع «الوطنية للانتخابات» ونؤمن بحق المواطن في الحصول على المعلومات
البنك المركزي: استمرار طباعة العملات البلاستيكية فئة الـ10 و20 جنيها
أعلن البنك المركزي المصري استمرار طباعة العملات البلاستيكية فئة الـ10 و20 جنيهًا، بعد أن تداول البعض أخبارا تتعلق بوقف إصدار هذه العملات.
وأكد البنك المركزي استمرار تداول جميع العملات النقدية فئة العشرة والعشرين جنيهًا جنبًا إلى جنب سواء البلاستيكية (المصنوعة من البوليمر) أو الورقية.
تعرف على أسعار فائدة شهادات الادخار بعد قرار البنك المركزي
مصرفي يوضح أسباب تخفيض أسعار الفائدة من البنك المركزي: «يدعم توجهات الدولة»
البنك المركزي يقرر تخفيض أسعار الفائدة على الإيداع والإقراض
البنك المركزي يعلن الخميس 24 أبريل إجازة للبنوك بمناسبة «تحرير سيناء»
«الأرصاد»: رياح خمسينية مثيرة للرمال والأتربة على القاهرة والمحافظات
إسرائيل تصعّد عملياتها العسكرية جنوب غزة.. و11 شهيدا في غارات على خان يونس
إسرائيل تصعّد عملياتها العسكرية جنوب غزة.. و11 شهيدا في غارات على خان يونس
فرص عمل في قبرص براتب 1500 يورور شهريا.. اعرف الشروط المطلوبة
البنك المركزي: استمرار طباعة العملات البلاستيكية فئة الـ10 و20 جنيها
إعلام فلسطيني: اشتباكات بين مقاومين وقوات الاحتلال بمخيم بلاطة شرق نابلس
في وقفة عرفة.. أطعمة ومشروبات تجنبها عند الإفطار اليوم
حاج يمني من ذوي الهمم: بكيت عند رؤيتي الكعبة والحج رحلة العمر
أبرز لقطات حفل زفاف محمد هاني وشقيقة زوجة حسام غالي «صور»
طفل «مبتور الأطراف» يلهو على شاطئ غزة.. «نحب الحياة إذا ما استطعنا إليها سبيلا»
«مترميهاش بعد ما تشربها».. 5 استخدمات لن تتوقعها لبقايا القهوة
هل يغيب أحمد فتوح عن مباراة القمة أمام الأهلي؟.. مصدر يكشف التفاصيل
ليفربول يحتفل بعيد ميلاد محمد صلاح الـ32.. «الملك المصري»
تفاصيل عقد محمد هاني الجديد في الأهلي.. تعرف على راتبه (خاص)
مهاجم سويسرا المرشح للأهلي يسجل أول أهدافه الدولية أمام المجر
ترتيب الدوري بعد فوز الأهلي على فاركو وتفوق الزمالك على سيراميكا
©
                        جميع الحقوق محفوظة لجريدة الوطن 2025",https://www.elwatannews.com/news/details/8067399,El Watan News,2025-04-22 17:26:47
تحديث جديد في سعر اليورو مقابل الجنيه المصري اليوم الثلاثاء 22-4-2025,تحديث جديد في سعر اليورو مقابل الجنيه المصري اليوم الثلاثاء 22-4-2025,10:46 ص | الثلاثاء 22 أبريل 2025,10:46 ص | الثلاثاء 22 أبريل 2025,"«حقوق الإنسان»: نفخر بالشراكة مع «الوطنية للانتخابات» ونؤمن بحق المواطن في الحصول على المعلومات
تحديث جديد في سعر اليورو مقابل الجنيه المصري اليوم الثلاثاء 22-4-2025
استقر سعر اليورو اليوم الثلاثاء 22-4-2025 أمام الجنيه في مستهل التعاملات الصباحية داخل البنوك، ليصل إلى متوسط 57.93 جنيه للشراء و58.05 جنيه للبيع وفق الموقع الرسمي للبنك المركزي المصري.
وترصد السطور التالية سعر اليورو اليوم مقابل الجنيه داخل عدد من البنوك الحكومية والخاصة وبنوك المعاملات الإسلامية، إلى جانب سعر اليورو الآن عالميا في مواجهة العملات الأخرى، وأبرزها الدولار الأمريكي والريال السعودي.
يتداول سعر اليورو اليوم أمام الدولار الأمريكي الآن عالميا، عند مستوى 1.15 دولار للشراء.
وبلغ سعر اليورو اليوم أمام الريال السعودي عالميا، 4.31 ريال سعودي على مستوى الشراء.
سجل سعر اليورو اليوم أمام الجنيه المصري بفروع البنك الأهلي المصري خلال التعاملات الصباحية، 58.63 جنيه للشراء و59.07 جنيه للبيع.
وحقق سعر اليورو اليوم أمام الجنيه المصري في بنك مصر بالتعاملات الصباحية، 58.62 جنيه للشراء و59.06 جنيه للبيع.
ويتداول سعر اليورو اليوم مقابل الجنيه المصري في بنك القاهرة، عند مستويات 58.63 و59.07 جنيه للشراء والبيع على التوالى.
ووصل سعر اليورو اليوم أمام الجنيه المصري في بنك الإسكندرية بالتعاملات الصباحية، إلى 58.63 و59.075 جنيه للشراء والبيع بالترتيب.
وحقق سعر اليورو اليوم مقابل الجنيه في البنك التجاري الدولي خلال الفترة الصباحية، 58.63 جنيه للشراء و59.08 جنيه للبيع.
ويتداول سعر اليورو اليوم أمام الجنيه المصري بفروع بنك فيصل للتعاملات الإسلامية، عند مستويات 58.57 جنيه للشراء و59.01 جنيه للبيع.
سجل سعر اليورو اليوم أمام الجنيه المصري في بنك البركة الإسلامي خلال التعاملات الصباحية، 58.63 جنيه للشراء و59.63 جنيه للبيع.
سعر اليورو اليوم السبت 19-4-2025 مقابل الجنيه المصري في البنوك
سعر اليورو اليوم الجمعة 18-4-2025 مقابل الجنيه المصري
سعر اليورو اليوم مقابل الجنيه المصري في البنوك اليوم الأربعاء 16-4-2025
سعر اليورو اليوم الثلاثاء 15-4-2025 مقابل الجنيه في البنوك المصرية
«الأرصاد»: رياح خمسينية مثيرة للرمال والأتربة على القاهرة والمحافظات
إسرائيل تصعّد عملياتها العسكرية جنوب غزة.. و11 شهيدا في غارات على خان يونس
إسرائيل تصعّد عملياتها العسكرية جنوب غزة.. و11 شهيدا في غارات على خان يونس
فرص عمل في قبرص براتب 1500 يورور شهريا.. اعرف الشروط المطلوبة
البنك المركزي: استمرار طباعة العملات البلاستيكية فئة الـ10 و20 جنيها
إعلام فلسطيني: اشتباكات بين مقاومين وقوات الاحتلال بمخيم بلاطة شرق نابلس
في وقفة عرفة.. أطعمة ومشروبات تجنبها عند الإفطار اليوم
حاج يمني من ذوي الهمم: بكيت عند رؤيتي الكعبة والحج رحلة العمر
أبرز لقطات حفل زفاف محمد هاني وشقيقة زوجة حسام غالي «صور»
طفل «مبتور الأطراف» يلهو على شاطئ غزة.. «نحب الحياة إذا ما استطعنا إليها سبيلا»
«مترميهاش بعد ما تشربها».. 5 استخدمات لن تتوقعها لبقايا القهوة
هل يغيب أحمد فتوح عن مباراة القمة أمام الأهلي؟.. مصدر يكشف التفاصيل
ليفربول يحتفل بعيد ميلاد محمد صلاح الـ32.. «الملك المصري»
تفاصيل عقد محمد هاني الجديد في الأهلي.. تعرف على راتبه (خاص)
مهاجم سويسرا المرشح للأهلي يسجل أول أهدافه الدولية أمام المجر
ترتيب الدوري بعد فوز الأهلي على فاركو وتفوق الزمالك على سيراميكا
©
                        جميع الحقوق محفوظة لجريدة الوطن 2025",https://www.elwatannews.com/news/details/8067394,El Watan News,2025-04-22 17:26:57
